Index,SP500LT.Close
1900-01-31,6.1
1900-02-29,6.21
1900-03-31,6.26
1900-04-30,6.34
1900-05-31,6.04
1900-06-30,5.86
1900-07-31,5.86
1900-08-31,5.94
1900-09-30,5.8
1900-10-31,6.01
1900-11-30,6.48
1900-12-31,6.87
1901-01-31,7.07
1901-02-28,7.25
1901-03-31,7.51
1901-04-30,8.14
1901-05-31,7.73
1901-06-30,8.5
1901-07-31,7.93
1901-08-31,8.04
1901-09-30,8
1901-10-31,7.91
1901-11-30,8.08
1901-12-31,7.95
1902-01-31,8.12
1902-02-28,8.19
1902-03-31,8.2
1902-04-30,8.48
1902-05-31,8.46
1902-06-30,8.41
1902-07-31,8.6
1902-08-31,8.83
1902-09-30,8.85
1902-10-31,8.57
1902-11-30,8.24
1902-12-31,8.05
1903-01-31,8.46
1903-02-28,8.41
1903-03-31,8.08
1903-04-30,7.75
1903-05-31,7.6
1903-06-30,7.18
1903-07-31,6.85
1903-08-31,6.63
1903-09-30,6.47
1903-10-31,6.26
1903-11-30,6.28
1903-12-31,6.57
1904-01-31,6.68
1904-02-29,6.5
1904-03-31,6.48
1904-04-30,6.64
1904-05-31,6.5
1904-06-30,6.51
1904-07-31,6.78
1904-08-31,7.01
1904-09-30,7.32
1904-10-31,7.75
1904-11-30,8.17
1904-12-31,8.25
1905-01-31,8.43
1905-02-28,8.8
1905-03-31,9.05
1905-04-30,8.94
1905-05-31,8.5
1905-06-30,8.6
1905-07-31,8.87
1905-08-31,9.2
1905-09-30,9.23
1905-10-31,9.36
1905-11-30,9.31
1905-12-31,9.54
1906-01-31,9.87
1906-02-28,9.8
1906-03-31,9.56
1906-04-30,9.43
1906-05-31,9.18
1906-06-30,9.3
1906-07-31,9.06
1906-08-31,9.73
1906-09-30,10.03
1906-10-31,9.73
1906-11-30,9.93
1906-12-31,9.84
1907-01-31,9.56
1907-02-28,9.26
1907-03-31,8.35
1907-04-30,8.39
1907-05-31,8.1
1907-06-30,7.84
1907-07-31,8.14
1907-08-31,7.53
1907-09-30,7.45
1907-10-31,6.64
1907-11-30,6.25
1907-12-31,6.57
1908-01-31,6.85
1908-02-29,6.6
1908-03-31,6.87
1908-04-30,7.24
1908-05-31,7.63
1908-06-30,7.64
1908-07-31,7.92
1908-08-31,8.26
1908-09-30,8.17
1908-10-31,8.27
1908-11-30,8.83
1908-12-31,9.03
1909-01-31,9.06
1909-02-28,8.8
1909-03-31,8.92
1909-04-30,9.32
1909-05-31,9.63
1909-06-30,9.8
1909-07-31,9.94
1909-08-31,10.18
1909-09-30,10.19
1909-10-31,10.23
1909-11-30,10.18
1909-12-31,10.3
1910-01-31,10.08
1910-02-28,9.72
1910-03-31,9.96
1910-04-30,9.72
1910-05-31,9.56
1910-06-30,9.1
1910-07-31,8.64
1910-08-31,8.85
1910-09-30,8.91
1910-10-31,9.32
1910-11-30,9.31
1910-12-31,9.05
1911-01-31,9.27
1911-02-28,9.43
1911-03-31,9.32
1911-04-30,9.28
1911-05-31,9.48
1911-06-30,9.67
1911-07-31,9.63
1911-08-31,9.17
1911-09-30,8.67
1911-10-31,8.72
1911-11-30,9.07
1911-12-31,9.11
1912-01-31,9.12
1912-02-29,9.04
1912-03-31,9.3
1912-04-30,9.59
1912-05-31,9.58
1912-06-30,9.58
1912-07-31,9.59
1912-08-31,9.81
1912-09-30,9.86
1912-10-31,9.84
1912-11-30,9.73
1912-12-31,9.38
1913-01-31,9.3
1913-02-28,8.97
1913-03-31,8.8
1913-04-30,8.79
1913-05-31,8.55
1913-06-30,8.12
1913-07-31,8.23
1913-08-31,8.45
1913-09-30,8.53
1913-10-31,8.26
1913-11-30,8.05
1913-12-31,8.04
1914-01-31,8.37
1914-02-28,8.48
1914-03-31,8.32
1914-04-30,8.12
1914-05-31,8.17
1914-06-30,8.13
1914-07-31,7.68
1914-08-31,7.68
1914-09-30,7.68
1914-10-31,7.68
1914-11-30,7.68
1914-12-31,7.35
1915-01-31,7.48
1915-02-28,7.38
1915-03-31,7.57
1915-04-30,8.14
1915-05-31,7.95
1915-06-30,8.04
1915-07-31,8.01
1915-08-31,8.35
1915-09-30,8.66
1915-10-31,9.14
1915-11-30,9.46
1915-12-31,9.48
1916-01-31,9.33
1916-02-29,9.2
1916-03-31,9.17
1916-04-30,9.07
1916-05-31,9.27
1916-06-30,9.36
1916-07-31,9.23
1916-08-31,9.3
1916-09-30,9.68
1916-10-31,9.98
1916-11-30,10.21
1916-12-31,9.8
1917-01-31,9.57
1917-02-28,9.03
1917-03-31,9.31
1917-04-30,9.17
1917-05-31,8.86
1917-06-30,9.04
1917-07-31,8.79
1917-08-31,8.53
1917-09-30,8.12
1917-10-31,7.68
1917-11-30,7.04
1917-12-31,6.8
1918-01-31,7.21
1918-02-28,7.43
1918-03-31,7.28
1918-04-30,7.21
1918-05-31,7.44
1918-06-30,7.45
1918-07-31,7.51
1918-08-31,7.58
1918-09-30,7.54
1918-10-31,7.86
1918-11-30,8.06
1918-12-31,7.9
1919-01-31,7.85
1919-02-28,7.88
1919-03-31,8.12
1919-04-30,8.39
1919-05-31,8.97
1919-06-30,9.21
1919-07-31,9.51
1919-08-31,8.87
1919-09-30,9.01
1919-10-31,9.47
1919-11-30,9.19
1919-12-31,8.92
1920-01-31,8.83
1920-02-29,8.1
1920-03-31,8.67
1920-04-30,8.6
1920-05-31,8.06
1920-06-30,7.92
1920-07-31,7.91
1920-08-31,7.6
1920-09-30,7.87
1920-10-31,7.88
1920-11-30,7.48
1920-12-31,6.81
1921-01-31,7.11
1921-02-28,7.06
1921-03-31,6.88
1921-04-30,6.91
1921-05-31,7.12
1921-06-30,6.55
1921-07-31,6.53
1921-08-31,6.45
1921-09-30,6.61
1921-10-31,6.7
1921-11-30,7.06
1921-12-31,7.31
1922-01-31,7.3
1922-02-28,7.46
1922-03-31,7.74
1922-04-30,8.21
1922-05-31,8.53
1922-06-30,8.45
1922-07-31,8.51
1922-08-31,8.83
1922-09-30,9.06
1922-10-31,9.26
1922-11-30,8.8
1922-12-31,8.78
1923-01-31,8.9
1923-02-28,9.28
1923-03-31,9.43
1923-04-30,9.1
1923-05-31,8.67
1923-06-30,8.34
1923-07-31,8.06
1923-08-31,8.1
1923-09-30,8.15
1923-10-31,8.03
1923-11-30,8.27
1923-12-31,8.55
1924-01-31,8.83
1924-02-29,8.87
1924-03-31,8.7
1924-04-30,8.5
1924-05-31,8.47
1924-06-30,8.63
1924-07-31,9.03
1924-08-31,9.34
1924-09-30,9.25
1924-10-31,9.13
1924-11-30,9.64
1924-12-31,10.16
1925-01-31,10.58
1925-02-28,10.67
1925-03-31,10.39
1925-04-30,10.28
1925-05-31,10.61
1925-06-30,10.8
1925-07-31,11.1
1925-08-31,11.25
1925-09-30,11.51
1925-10-31,11.89
1925-11-30,12.26
1925-12-31,12.46
1926-01-31,12.65
1926-02-28,12.67
1926-03-31,11.81
1926-04-30,11.48
1926-05-31,11.56
1926-06-30,12.11
1926-07-31,12.62
1926-08-31,13.12
1926-09-30,13.32
1926-10-31,13.02
1926-11-30,13.19
1926-12-31,13.49
1927-01-31,13.4
1927-02-28,13.66
1927-03-31,13.87
1927-04-30,14.21
1927-05-31,14.7
1927-06-30,14.89
1927-07-31,15.22
1927-08-31,16.03
1927-09-30,16.94
1927-10-31,16.68
1927-11-30,17.06
1927-12-31,17.46
1928-01-31,17.53
1928-02-29,17.32
1928-03-31,18.25
1928-04-30,19.4
1928-05-31,20
1928-06-30,19.02
1928-07-31,19.16
1928-08-31,19.78
1928-09-30,21.17
1928-10-31,21.6
1928-11-30,23.06
1928-12-31,23.15
1929-01-31,24.86
1929-02-28,24.99
1929-03-31,25.43
1929-04-30,25.28
1929-05-31,25.66
1929-06-30,26.15
1929-07-31,28.48
1929-08-31,30.1
1929-09-30,31.3
1929-10-31,27.99
1929-11-30,20.58
1929-12-31,21.4
1930-01-31,21.71
1930-02-28,23.07
1930-03-31,23.94
1930-04-30,25.46
1930-05-31,23.94
1930-06-30,21.52
1930-07-31,21.06
1930-08-31,20.79
1930-09-30,20.78
1930-10-31,17.92
1930-11-30,16.62
1930-12-31,15.51
1931-01-31,15.98
1931-02-28,17.2
1931-03-31,17.53
1931-04-30,15.86
1931-05-31,14.33
1931-06-30,13.87
1931-07-31,14.33
1931-08-31,13.9
1931-09-30,11.83
1931-10-31,10.25
1931-11-30,10.39
1931-12-31,8.44
1932-01-31,8.3
1932-02-29,8.23
1932-03-31,8.26
1932-04-30,6.28
1932-05-31,5.51
1932-06-30,4.77
1932-07-31,5.01
1932-08-31,7.53
1932-09-30,8.26
1932-10-31,7.12
1932-11-30,7.05
1932-12-31,6.82
1933-01-31,7.09
1933-02-28,6.25
1933-03-31,6.23
1933-04-30,6.89
1933-05-31,8.87
1933-06-30,10.39
1933-07-31,11.23
1933-08-31,10.67
1933-09-30,10.58
1933-10-31,9.55
1933-11-30,9.78
1933-12-31,9.97
1934-01-31,10.54
1934-02-28,11.32
1934-03-31,10.74
1934-04-30,10.92
1934-05-31,9.81
1934-06-30,9.94
1934-07-31,9.47
1934-08-31,9.1
1934-09-30,8.88
1934-10-31,8.95
1934-11-30,9.2
1934-12-31,9.26
1935-01-31,9.26
1935-02-28,8.98
1935-03-31,8.41
1935-04-30,9.04
1935-05-31,9.75
1935-06-30,10.12
1935-07-31,10.65
1935-08-31,11.37
1935-09-30,11.61
1935-10-31,11.92
1935-11-30,13.04
1935-12-31,13.04
1936-01-31,13.76
1936-02-29,14.55
1936-03-31,14.86
1936-04-30,14.88
1936-05-31,14.09
1936-06-30,14.69
1936-07-31,15.56
1936-08-31,15.87
1936-09-30,16.05
1936-10-31,16.89
1936-11-30,17.36
1936-12-31,17.06
1937-01-31,17.59
1937-02-28,18.11
1937-03-31,18.09
1937-04-30,17.01
1937-05-31,16.25
1937-06-30,15.64
1937-07-31,16.57
1937-08-31,16.74
1937-09-30,14.37
1937-10-31,12.28
1937-11-30,11.2
1937-12-31,11.02
1938-01-31,11.31
1938-02-28,11.04
1938-03-31,10.31
1938-04-30,9.89
1938-05-31,9.98
1938-06-30,10.21
1938-07-31,12.24
1938-08-31,12.31
1938-09-30,11.75
1938-10-31,13.06
1938-11-30,13.07
1938-12-31,12.69
1939-01-31,12.5
1939-02-28,12.4
1939-03-31,12.39
1939-04-30,10.83
1939-05-31,11.23
1939-06-30,11.43
1939-07-31,11.71
1939-08-31,11.54
1939-09-30,12.77
1939-10-31,12.9
1939-11-30,12.67
1939-12-31,12.37
1940-01-31,12.3
1940-02-29,12.22
1940-03-31,12.15
1940-04-30,12.27
1940-05-31,10.58
1940-06-30,9.67
1940-07-31,9.99
1940-08-31,10.2
1940-09-30,10.63
1940-10-31,10.73
1940-11-30,10.98
1940-12-31,10.53
1941-01-31,10.55
1941-02-28,9.89
1941-03-31,9.95
1941-04-30,9.64
1941-05-31,9.43
1941-06-30,9.76
1941-07-31,10.26
1941-08-31,10.21
1941-09-30,10.24
1941-10-31,9.83
1941-11-30,9.37
1941-12-31,8.76
1942-01-31,8.93
1942-02-28,8.65
1942-03-31,8.18
1942-04-30,7.84
1942-05-31,7.93
1942-06-30,8.33
1942-07-31,8.64
1942-08-31,8.59
1942-09-30,8.68
1942-10-31,9.32
1942-11-30,9.47
1942-12-31,9.52
1943-01-31,10.09
1943-02-28,10.69
1943-03-31,11.07
1943-04-30,11.44
1943-05-31,11.89
1943-06-30,12.1
1943-07-31,12.35
1943-08-31,11.74
1943-09-30,11.99
1943-10-31,11.88
1943-11-30,11.33
1943-12-31,11.48
1944-01-31,11.85
1944-02-29,11.77
1944-03-31,12.1
1944-04-30,11.89
1944-05-31,12.1
1944-06-30,12.67
1944-07-31,13
1944-08-31,12.81
1944-09-30,12.6
1944-10-31,12.91
1944-11-30,12.82
1944-12-31,13.1
1945-01-31,13.49
1945-02-28,13.94
1945-03-31,13.93
1945-04-30,14.28
1945-05-31,14.82
1945-06-30,15.09
1945-07-31,14.78
1945-08-31,14.83
1945-09-30,15.84
1945-10-31,16.5
1945-11-30,17.04
1945-12-31,17.33
1946-01-31,18.02
1946-02-28,18.07
1946-03-31,17.53
1946-04-30,18.66
1946-05-31,18.7
1946-06-30,18.58
1946-07-31,18.05
1946-08-31,17.7
1946-09-30,15.09
1946-10-31,14.75
1946-11-30,14.69
1946-12-31,15.13
1947-01-31,15.21
1947-02-28,15.8
1947-03-31,15.16
1947-04-30,14.6
1947-05-31,14.34
1947-06-30,14.84
1947-07-31,15.77
1947-08-31,15.46
1947-09-30,15.06
1947-10-31,15.45
1947-11-30,15.27
1947-12-31,15.03
1948-01-31,14.83
1948-02-29,14.1
1948-03-31,14.3
1948-04-30,15.4
1948-05-31,16.15
1948-06-30,16.82
1948-07-31,16.42
1948-08-31,15.94
1948-09-30,15.76
1948-10-31,16.19
1948-11-30,15.29
1948-12-31,15.19
1949-01-31,15.36
1949-02-28,14.77
1949-03-31,14.91
1949-04-30,14.89
1949-05-31,14.78
1949-06-30,13.97
1949-07-31,14.76
1949-08-31,15.29
1949-09-30,15.49
1949-10-31,15.89
1949-11-30,16.11
1949-12-31,16.54
1950-01-31,16.88
1950-02-28,17.21
1950-03-31,17.35
1950-04-30,17.84
1950-05-31,18.44
1950-06-30,18.74
1950-07-31,17.38
1950-08-31,18.43
1950-09-30,19.08
1950-10-31,19.87
1950-11-30,19.83
1950-12-31,19.75
1951-01-31,21.21
1951-02-28,22
1951-03-31,21.63
1951-04-30,21.92
1951-05-31,21.93
1951-06-30,21.55
1951-07-31,21.93
1951-08-31,22.89
1951-09-30,23.48
1951-10-31,23.36
1951-11-30,22.71
1951-12-31,23.41
1952-01-31,24.19
1952-02-29,23.75
1952-03-31,23.81
1952-04-30,23.74
1952-05-31,23.73
1952-06-30,24.38
1952-07-31,25.08
1952-08-31,25.18
1952-09-30,24.78
1952-10-31,24.26
1952-11-30,25.03
1952-12-31,26.04
1953-01-31,26.18
1953-02-28,25.86
1953-03-31,25.99
1953-04-30,24.71
1953-05-31,24.84
1953-06-30,23.95
1953-07-31,24.29
1953-08-31,24.39
1953-09-30,23.27
1953-10-31,23.97
1953-11-30,24.5
1953-12-31,24.83
1954-01-31,25.46
1954-02-28,26.02
1954-03-31,26.57
1954-04-30,27.63
1954-05-31,28.73
1954-06-30,28.96
1954-07-31,30.13
1954-08-31,30.73
1954-09-30,31.45
1954-10-31,32.18
1954-11-30,33.44
1954-12-31,34.97
1955-01-31,35.6
1955-02-28,36.79
1955-03-31,36.5
1955-04-30,37.76
1955-05-31,37.6
1955-06-30,39.78
1955-07-31,42.69
1955-08-31,42.43
1955-09-30,44.34
1955-10-31,42.11
1955-11-30,44.95
1955-12-31,45.37
1956-01-31,44.15
1956-02-29,44.43
1956-03-31,47.49
1956-04-30,48.05
1956-05-31,46.54
1956-06-30,46.27
1956-07-31,48.78
1956-08-31,48.49
1956-09-30,46.84
1956-10-31,46.24
1956-11-30,45.76
1956-12-31,46.44
1957-01-31,45.43
1957-02-28,43.47
1957-03-31,44.03
1957-04-30,45.05
1957-05-31,46.78
1957-06-30,47.55
1957-07-31,48.51
1957-08-31,45.84
1957-09-30,43.98
1957-10-31,41.24
1957-11-30,40.35
1957-12-31,40.33
1958-01-31,41.12
1958-02-28,41.26
1958-03-31,42.11
1958-04-30,42.34
1958-05-31,43.7
1958-06-30,44.75
1958-07-31,45.98
1958-08-31,47.7
1958-09-30,48.96
1958-10-31,50.95
1958-11-30,52.5
1958-12-31,53.49
1959-01-31,55.62
1959-02-28,54.77
1959-03-31,56.16
1959-04-30,57.1
1959-05-31,57.96
1959-06-30,57.46
1959-07-31,59.74
1959-08-31,59.4
1959-09-30,57.05
1959-10-31,57
1959-11-30,57.23
1959-12-31,59.06
1960-01-31,58.03
1960-02-29,55.78
1960-03-31,55.02
1960-04-30,55.73
1960-05-31,55.22
1960-06-30,57.26
1960-07-31,55.84
1960-08-31,56.51
1960-09-30,54.81
1960-10-31,53.73
1960-11-30,55.47
1960-12-31,56.8
1961-01-31,59.72
1961-02-28,62.17
1961-03-31,64.12
1961-04-30,65.83
1961-05-31,66.5
1961-06-30,65.62
1961-07-31,65.44
1961-08-31,67.79
1961-09-30,67.26
1961-10-31,68
1961-11-30,71.08
1961-12-31,71.74
1962-01-31,69.07
1962-02-28,70.22
1962-03-31,70.29
1962-04-30,68.05
1962-05-31,62.99
1962-06-30,55.63
1962-07-31,56.97
1962-08-31,58.52
1962-09-30,58
1962-10-31,56.17
1962-11-30,60.04
1962-12-31,62.64
1963-01-31,65.06
1963-02-28,65.92
1963-03-31,65.67
1963-04-30,68.76
1963-05-31,70.14
1963-06-30,70.11
1963-07-31,69.07
1963-08-31,70.98
1963-09-30,72.85
1963-10-31,73.03
1963-11-30,72.62
1963-12-31,74.17
1964-01-31,76.45
1964-02-29,77.39
1964-03-31,78.8
1964-04-30,79.94
1964-05-31,80.72
1964-06-30,80.24
1964-07-31,83.22
1964-08-31,82
1964-09-30,83.41
1964-10-31,84.85
1964-11-30,85.44
1964-12-31,83.96
1965-01-31,86.12
1965-02-28,86.75
1965-03-31,86.83
1965-04-30,87.97
1965-05-31,89.28
1965-06-30,85.04
1965-07-31,84.91
1965-08-31,86.49
1965-09-30,89.38
1965-10-31,91.39
1965-11-30,92.15
1965-12-31,91.73
1966-01-31,93.32
1966-02-28,92.69
1966-03-31,88.88
1966-04-30,91.6
1966-05-31,86.78
1966-06-30,86.06
1966-07-31,85.84
1966-08-31,80.65
1966-09-30,77.81
1966-10-31,77.13
1966-11-30,80.99
1966-12-31,81.33
1967-01-31,84.45
1967-02-28,87.36
1967-03-31,89.42
1967-04-30,90.96
1967-05-31,92.59
1967-06-30,91.43
1967-07-31,93.01
1967-08-31,94.49
1967-09-30,95.81
1967-10-31,95.66
1967-11-30,92.66
1967-12-31,95.3
1968-01-31,95.04
1968-02-29,90.75
1968-03-31,89.09
1968-04-30,95.67
1968-05-31,97.87
1968-06-30,100.5
1968-07-31,100.3
1968-08-31,98.11
1968-09-30,101.3
1968-10-31,103.8
1968-11-30,105.4
1968-12-31,106.5
1969-01-31,102
1969-02-28,101.5
1969-03-31,99.3
1969-04-30,101.3
1969-05-31,104.6
1969-06-30,99.14
1969-07-31,94.71
1969-08-31,94.18
1969-09-30,94.51
1969-10-31,95.52
1969-11-30,96.21
1969-12-31,91.11
1970-01-31,90.31
1970-02-28,87.16
1970-03-31,88.65
1970-04-30,85.95
1970-05-31,76.06
1970-06-30,75.59
1970-07-31,75.72
1970-08-31,77.92
1970-09-30,82.58
1970-10-31,84.37
1970-11-30,84.28
1970-12-31,90.05
1971-01-31,93.49
1971-02-28,97.11
1971-03-31,99.6
1971-04-30,103
1971-05-31,101.6
1971-06-30,99.72
1971-07-31,99
1971-08-31,97.24
1971-09-30,99.4
1971-10-31,97.29
1971-11-30,92.78
1971-12-31,99.17
1972-01-31,103.3
1972-02-29,105.2
1972-03-31,107.7
1972-04-30,108.8
1972-05-31,107.7
1972-06-30,108
1972-07-31,107.2
1972-08-31,111
1972-09-30,109.4
1972-10-31,109.6
1972-11-30,115.1
1972-12-31,117.5
1973-01-31,118.4
1973-02-28,114.2
1973-03-31,112.4
1973-04-30,110.3
1973-05-31,107.2
1973-06-30,104.8
1973-07-31,105.8
1973-08-31,103.8
1973-09-30,105.6
1973-10-31,109.8
1973-11-30,102
1973-12-31,94.78
1974-01-31,96.11
1974-02-28,93.45
1974-03-31,97.44
1974-04-30,92.46
1974-05-31,89.67
1974-06-30,89.79
1974-07-31,79.31
1974-08-31,76.03
1974-09-30,68.12
1974-10-31,69.44
1974-11-30,71.74
1974-12-31,67.07
1975-01-31,72.56
1975-02-28,80.1
1975-03-31,83.78
1975-04-30,84.72
1975-05-31,90.1
1975-06-30,92.4
1975-07-31,92.49
1975-08-31,85.71
1975-09-30,84.67
1975-10-31,88.57
1975-11-30,90.07
1975-12-31,88.7
1976-01-31,96.86
1976-02-29,100.6
1976-03-31,101.1
1976-04-30,101.9
1976-05-31,101.2
1976-06-30,101.8
1976-07-31,104.2
1976-08-31,103.3
1976-09-30,105.5
1976-10-31,101.9
1976-11-30,101.2
1976-12-31,104.7
1977-01-31,103.8
1977-02-28,101
1977-03-31,100.6
1977-04-30,99.05
1977-05-31,98.76
1977-06-30,99.29
1977-07-31,100.2
1977-08-31,97.75
1977-09-30,96.23
1977-10-31,93.74
1977-11-30,94.28
1977-12-31,93.82
1978-01-31,90.25
1978-02-28,88.98
1978-03-31,88.82
1978-04-30,92.71
1978-05-31,97.41
1978-06-30,97.66
1978-07-31,97.19
1978-08-31,103.9
1978-09-30,103.9
1978-10-31,100.6
1978-11-30,94.71
1978-12-31,96.11
1979-01-31,99.71
1979-02-28,98.23
1979-03-31,100.1
1979-04-30,102.1
1979-05-31,99.73
1979-06-30,101.7
1979-07-31,102.7
1979-08-31,107.4
1979-09-30,108.6
1979-10-31,104.5
1979-11-30,103.7
1979-12-31,107.8
1980-01-31,110.9
1980-02-29,115.3
1980-03-31,104.7
1980-04-30,103
1980-05-31,107.7
1980-06-30,114.6
1980-07-31,119.8
1980-08-31,123.5
1980-09-30,126.5
1980-10-31,130.2
1980-11-30,135.7
1980-12-31,133.5
1981-01-31,133
1981-02-28,128.4
1981-03-31,133.2
1981-04-30,134.4
1981-05-31,131.7
1981-06-30,132.3
1981-07-31,129.1
1981-08-31,129.6
1981-09-30,118.3
1981-10-31,119.8
1981-11-30,122.9
1981-12-31,123.8
1982-01-31,117.3
1982-02-28,114.5
1982-03-31,110.8
1982-04-30,116.3
1982-05-31,116.4
1982-06-30,109.7
1982-07-31,109.4
1982-08-31,109.7
1982-09-30,122.4
1982-10-31,132.7
1982-11-30,138.1
1982-12-31,139.4
1983-01-31,144.3
1983-02-28,146.8
1983-03-31,151.9
1983-04-30,157.7
1983-05-31,164.1
1983-06-30,166.4
1983-07-31,167
1983-08-31,162.4
1983-09-30,167.2
1983-10-31,167.7
1983-11-30,165.2
1983-12-31,164.4
1984-01-31,166.4
1984-02-29,157.3
1984-03-31,157.4
1984-04-30,157.6
1984-05-31,156.6
1984-06-30,153.1
1984-07-31,151.1
1984-08-31,164.4
1984-09-30,166.1
1984-10-31,164.8
1984-11-30,166.3
1984-12-31,164.5
1985-01-31,171.6
1985-02-28,180.9
1985-03-31,179.4
1985-04-30,180.6
1985-05-31,184.9
1985-06-30,188.9
1985-07-31,192.5
1985-08-31,188.3
1985-09-30,184.1
1985-10-31,186.2
1985-11-30,197.5
1985-12-31,207.3
1986-01-31,208.2
1986-02-28,219.4
1986-03-31,232.3
1986-04-30,238
1986-05-31,238.5
1986-06-30,245.3
1986-07-31,240.2
1986-08-31,245
1986-09-30,238.3
1986-10-31,237.4
1986-11-30,245.1
1986-12-31,248.6
1987-01-31,264.5
1987-02-28,280.9
1987-03-31,292.5
1987-04-30,289.3
1987-05-31,289.1
1987-06-30,301.4
1987-07-31,310.1
1987-08-31,329.4
1987-09-30,318.7
1987-10-31,280.2
1987-11-30,245
1987-12-31,241
1988-01-31,250.5
1988-02-29,258.1
1988-03-31,265.7
1988-04-30,262.6
1988-05-31,256.1
1988-06-30,270.7
1988-07-31,269.1
1988-08-31,263.7
1988-09-30,268
1988-10-31,277.4
1988-11-30,271
1988-12-31,276.5
1989-01-31,285.4
1989-02-28,294
1989-03-31,292.7
1989-04-30,302.3
1989-05-31,313.9
1989-06-30,323.7
1989-07-31,331.9
1989-08-31,346.6
1989-09-30,347.3
1989-10-31,347.4
1989-11-30,340.2
1989-12-31,348.6
1990-01-31,339.97
1990-02-28,330.45
1990-03-31,338.46
1990-04-30,338.18
1990-05-31,350.25
1990-06-30,360.39
1990-07-31,360.03
1990-08-31,330.75
1990-09-30,315.41
1990-10-31,307.12
1990-11-30,315.29
1990-12-31,328.75
1991-01-31,325.49
1991-02-28,362.26
1991-03-31,372.28
1991-04-30,379.68
1991-05-31,377.99
1991-06-30,378.29
1991-07-31,380.23
1991-08-31,389.4
1991-09-30,387.2
1991-10-31,386.88
1991-11-30,385.92
1991-12-31,388.51
1992-01-31,416.08
1992-02-29,412.56
1992-03-31,407.36
1992-04-30,407.41
1992-05-31,414.81
1992-06-30,408.27
1992-07-31,415.05
1992-08-31,417.93
1992-09-30,418.48
1992-10-31,412.5
1992-11-30,422.84
1992-12-31,435.64
1993-01-31,435.23
1993-02-28,441.7
1993-03-31,450.16
1993-04-30,443.08
1993-05-31,445.25
1993-06-30,448.06
1993-07-31,447.29
1993-08-31,454.13
1993-09-30,459.24
1993-10-31,463.9
1993-11-30,462.89
1993-12-31,465.95
1994-01-31,472.99
1994-02-28,471.58
1994-03-31,463.81
1994-04-30,447.23
1994-05-31,450.9
1994-06-30,454.83
1994-07-31,451.4
1994-08-31,464.24
1994-09-30,466.96
1994-10-31,463.81
1994-11-30,461.01
1994-12-31,455.19
1995-01-31,465.25
1995-02-28,481.92
1995-03-31,493.15
1995-04-30,507.91
1995-05-31,523.81
1995-06-30,539.35
1995-07-31,557.37
1995-08-31,559.11
1995-09-30,578.77
1995-10-31,582.92
1995-11-30,595.53
1995-12-31,614.57
1996-01-31,614.42
1996-02-29,649.54
1996-03-31,647.07
1996-04-30,647.17
1996-05-31,661.23
1996-06-30,668.5
1996-07-31,644.07
1996-08-31,662.68
1996-09-30,674.88
1996-10-31,701.46
1996-11-30,735.67
1996-12-31,743.25
1997-01-31,766.22
1997-02-28,798.39
1997-03-31,792.16
1997-04-30,763.93
1997-05-31,833.09
1997-06-30,876.29
1997-07-31,925.29
1997-08-31,927.24
1997-09-30,937.02
1997-10-31,951.16
1997-11-30,938.92
1997-12-31,962.37
1998-01-31,963.36
1998-02-28,1023.74
1998-03-31,1076.83
1998-04-30,1112.2
1998-05-31,1108.42
1998-06-30,1108.39
1998-07-31,1156.58
1998-08-31,1074.62
1998-09-30,1020.64
1998-10-31,1032.47
1998-11-30,1144.43
1998-12-31,1190.05
1999-01-31,1248.77
1999-02-28,1246.58
1999-03-31,1281.66
1999-04-30,1334.76
1999-05-31,1332.07
1999-06-30,1322.55
1999-07-31,1380.99
1999-08-31,1327.49
1999-09-30,1318.17
1999-10-31,1300.01
1999-11-30,1391
1999-12-31,1428.68
2000-01-31,1425.59
2000-02-29,1388.87
2000-03-31,1442.21
2000-04-30,1461.36
2000-05-31,1418.48
2000-06-30,1461.96
2000-07-31,1473
2000-08-31,1485.46
2000-09-30,1468.05
2000-10-31,1390.14
2000-11-30,1378.04
2000-12-31,1330.93
2001-01-31,1335.63
2001-02-28,1305.75
2001-03-31,1185.85
2001-04-30,1189.84
2001-05-31,1270.37
2001-06-30,1238.71
2001-07-31,1204.45
2001-08-31,1178.5
2001-09-30,1044.64
2001-10-31,1076.59
2001-11-30,1129.68
2001-12-31,1144.93
2002-01-31,1140.21
2002-02-28,1100.67
2002-03-31,1153.79
2002-04-30,1111.93
2002-05-31,1079.25
2002-06-30,1014.02
2002-07-31,903.59
2002-08-31,912.55
2002-09-30,867.81
2002-10-31,854.63
2002-11-30,909.93
2002-12-31,899.18
2003-01-31,895.84
2003-02-28,837.03
2003-03-31,846.63
2003-04-30,890.03
2003-05-31,935.96
2003-06-30,988
2003-07-31,992.54
2003-08-31,989.53
2003-09-30,1019.44
2003-10-31,1038.73
2003-11-30,1049.9
2003-12-31,1080.64
2004-01-31,1132.52
2004-02-29,1143.36
2004-03-31,1123.98
2004-04-30,1133.36
2004-05-31,1102.78
2004-06-30,1132.76
2004-07-31,1105.85
2004-08-31,1088.94
2004-09-30,1117.66
2004-10-31,1117.21
2004-11-30,1168.94
2004-12-31,1199.21
2005-01-31,1181.41
2005-02-28,1199.63
2005-03-31,1194.9
2005-04-30,1164.43
2005-05-31,1178.28
2005-06-30,1202.25
2005-07-31,1222.24
2005-08-31,1224.27
2005-09-30,1225.92
2005-10-31,1191.96
2005-11-30,1237.37
2005-12-31,1262.07
2006-01-31,1278.73
2006-02-28,1276.65
2006-03-31,1293.74
2006-04-30,1302.17
2006-05-31,1290.01
2006-06-30,1253.17
2006-07-31,1260.24
2006-08-31,1287.15
2006-09-30,1317.74
2006-10-31,1363.38
2006-11-30,1388.64
2006-12-31,1416.42
2007-01-31,1424.16
2007-02-28,1444.8
2007-03-31,1406.95
2007-04-30,1463.64
2007-05-31,1511.14
2007-06-30,1514.19
2007-07-31,1520.71
2007-08-31,1454.62
2007-09-30,1497.12
2007-10-31,1539.66
2007-11-30,1463.39
2007-12-31,1479.22
2008-01-31,1378.76
2008-02-29,1354.87
2008-03-31,1316.94
2008-04-30,1370.47
2008-05-31,1403.22
2008-06-30,1341.25
2008-07-31,1257.33
2008-08-31,1281.47
2008-09-30,1216.95
2008-10-31,968.8
2008-11-30,883.04
2008-12-31,877.56
2009-01-31,865.58
2009-02-28,805.23
2009-03-31,757.13
2009-04-30,848.15
2009-05-31,902.41
2009-06-30,926.12
2009-07-31,935.82
2009-08-31,1009.73
2009-09-30,1044.55
2009-10-31,1067.66
2009-11-30,1088.07
2009-12-31,1110.38
2010-01-31,1123.58
2010-02-28,1089.16
2010-03-31,1152.05
2010-04-30,1197.32
2010-05-31,1125.06
2010-06-30,1083.36
2010-07-31,1079.8
2010-08-31,1087.28
2010-09-30,1122.08
2010-10-31,1171.58
2010-11-30,1198.89
2010-12-31,1241.53
2011-01-31,1282.62
2011-02-28,1321.12
2011-03-31,1304.49
2011-04-30,1331.51
2011-05-31,1338.31
2011-06-30,1287.29
2011-07-31,1325.19
2011-08-31,1185.31
2011-09-30,1173.88
2011-10-31,1207.22
2011-11-30,1226.42
2011-12-31,1243.32
2012-01-31,1300.58
2012-02-29,1352.49
2012-03-31,1389.24
2012-04-30,1386.43
2012-05-31,1341.27
2012-06-30,1323.48
2012-07-31,1359.78
2012-08-31,1403.45
2012-09-30,1443.42
2012-10-31,1437.82
2012-11-30,1394.51
2012-12-31,1422.29
2013-01-31,1480.4
2013-02-28,1512.31
2013-03-31,1550.83
2013-04-30,1570.7
2013-05-31,1639.84
2013-06-30,1618.77
2013-07-31,1668.68
2013-08-31,1670.09
2013-09-30,1687.17
2013-10-31,1720.03
2013-11-30,1783.54
2013-12-31,1807.78
2014-01-31,1822.36
2014-02-28,1817.04
2014-03-31,1863.52
2014-04-30,1864.26
2014-05-31,1889.77
2014-06-30,1947.09
2014-07-31,1973.1
2014-08-31,1961.53
2014-09-30,1993.23
2014-10-31,1937.27
2014-11-30,2044.57
2014-12-31,2054.27
2015-01-31,2028.18
2015-02-28,2082.2
2015-03-31,2079.99
2015-04-30,2094.86
2015-05-31,2111.94
2015-06-30,2099.29
2015-07-31,2094.14
2015-08-31,2039.87
2015-09-30,1944.41
2015-10-31,2024.81
2015-11-30,2080.62
2015-12-31,2054.08
2016-01-31,1918.6
2016-02-29,1904.42
2016-03-31,2021.95
2016-04-30,2075.54
2016-05-31,2065.55
2016-06-30,2083.89
2016-07-31,2148.9
2016-08-31,2170.95
2016-09-30,2157.69
2016-10-31,2143.02
2016-11-30,2164.99
2016-12-31,2246.63
,
