Date,JALSH,MSCIWORLD,SA10YR,GSCI,JSAPY,TBILLS,SACPI,USDZAR
25964,3.30284238,72.15445,100,86.09221,#N/A,1,1.6,0.7118
25992,3.32464458,72.95634,100.6450392,85.30732,#N/A,1.003833333,1.6,0.7122
26023,3.385892311,76.1363,96.27749173,86.17336,#N/A,1.007823571,1.6,0.712
26053,3.55619943,78.54815,96.95854085,86.62923,#N/A,1.012031234,1.6,0.7113
26084,3.641009569,76.73122,97.64440759,89.87348,#N/A,1.016678144,1.6,0.7117
26114,3.658092871,77.44519,98.33512603,88.8875,#N/A,1.021346391,1.6,0.7111
26145,3.726787021,76.25003,99.03073049,89.53516,#N/A,1.026027562,1.6,0.7115
26176,3.406630855,76.78631,99.73125552,87.83932,#N/A,1.030738739,1.7,0.7012
26206,3.172435501,77.13017,100.4367359,89.07239,#N/A,1.035445779,1.7,0.7111
26237,2.823219175,74.4127,101.1472068,93.45888,#N/A,1.040182944,1.7,0.7131
26267,3.151319325,75.08375,101.8627034,95.96575,#N/A,1.045002458,1.7,0.7135
26298,3.391372316,87.9841,102.5832612,106.88912,#N/A,1.04996622,1.7,0.767
26329,3.797178289,89.74213,103.3089162,109.24283,#N/A,1.055137303,1.7,0.7547
26358,3.855854308,92.66649,104.0397043,108.33468,#N/A,1.060377819,1.7,0.7505
26389,4.216348813,93.48965,104.7756619,109.15383,#N/A,1.065617852,1.7,0.7468
26419,4.444605367,95.19942,105.5168255,112.98026,#N/A,1.070892661,1.7,0.7505
26450,4.832306781,96.59511,106.263232,114.97498,#N/A,1.076024021,1.7,0.7463
26480,4.908273884,98.7782,107.0149184,123.55478,#N/A,1.081009599,1.7,0.7813
26511,5.314314626,102.62777,107.7719221,125.27398,#N/A,1.085982243,1.8,0.7994
26542,5.523471599,105.6224,110.3447113,132.85601,#N/A,1.090878213,1.8,0.8
26572,5.480589826,104.0152,112.0717785,142.912,#N/A,1.095087185,1.8,0.8
26603,5.476471074,102.73836,112.8291555,138.58167,#N/A,1.099339774,1.8,0.7837
26633,5.476301157,108.29659,113.591651,144.25677,#N/A,1.103837906,1.8,0.7849
26664,5.762525751,110.11221,114.2825667,155.55662,#N/A,1.108317648,1.8,0.7837
26695,5.718880549,110.36534,115.1330674,160.8701,#N/A,1.112483075,1.8,0.7837
26723,5.874595746,101.28703,115.9111327,152.98163,#N/A,1.116423119,1.8,0.7143
26754,6.05305748,100.32087,119.6407405,147.70796,#N/A,1.120358511,1.8,0.7065
26784,5.97868342,94.61863,120.4124702,155.55987,#N/A,1.124335783,1.9,0.7017
26815,6.317544819,94.98186,121.1891777,185.18778,#N/A,1.127793116,1.9,0.7065
26845,6.892003534,90.85741,121.9708954,173.05788,#N/A,1.130556209,1.9,0.6716
26876,6.471117445,93.12027,122.7576555,217.8857,#N/A,1.133062275,1.9,0.6723
26907,6.323418432,89.38914,123.5494904,223.6092,#N/A,1.135517244,1.9,0.6734
26937,5.919144846,91.97567,124.346433,212.3769,#N/A,1.137854517,1.9,0.6734
26968,6.144677266,92.75186,125.1485162,200.72189,#N/A,1.140291422,2,0.6723
26998,5.1258688,80.72508,125.9557731,211.22994,#N/A,1.142800063,2,0.6723
27029,6.062797604,80.19251,124.6288633,233.85161,#N/A,1.14539041,2,0.6734
27060,7.019160218,80.67533,123.3650653,259.52124,#N/A,1.147986628,2,0.6723
27088,7.344224306,81.93051,124.2120925,258.14303,#N/A,1.151851516,2,0.6723
27119,8.606256265,79.71326,125.0649354,228.02636,#N/A,1.156362935,2.1,0.6711
27149,7.947627378,78.38515,125.9236341,230.5497,#N/A,1.160988386,2.1,0.6711
27180,7.098517768,75.3859,126.7882285,215.40174,#N/A,1.165583965,2.1,0.6725
27210,6.624108895,72.52743,125.5521309,240.52676,#N/A,1.170246301,2.2,0.668
27241,7.40653976,68.21176,120.3825692,297.75867,#N/A,1.175795219,2.2,0.6678
27272,7.281312239,64.08409,117.5190558,294.43255,#N/A,1.181478229,2.2,0.6944
27302,6.343361052,58.61784,118.4724351,332.95465,#N/A,1.18752346,2.2,0.7005
27333,7.18259123,64.22814,119.4335487,362.92206,#N/A,1.193688686,2.2,0.7005
27363,6.960961454,62.35856,120.4024594,364.91264,#N/A,1.19976655,2.2,0.6909
27394,6.37024903,61.42054,123.2949572,335.26707,#N/A,1.205825372,2.2,0.692
27425,6.54750543,69.4211,124.2695834,279.00592,#N/A,1.211864547,2.3,0.6826
27453,6.822424807,74.43432,125.2519137,246.25605,#N/A,1.217853178,2.3,0.6725
27484,6.650783129,74.97972,126.2420092,267.0632,#N/A,1.223851104,2.3,0.6725
27514,6.312541635,79.15355,127.2399313,258.22795,#N/A,1.229898969,2.4,0.6817
27545,6.662091528,80.79967,128.2457417,253.64017,#N/A,1.235833231,2.4,0.6798
27575,7.402451857,86.15082,129.2595029,271.47431,#N/A,1.241662245,2.4,0.7158
27606,7.173157246,81.34527,130.2812778,292.56998,#N/A,1.247425627,2.5,0.7154
27637,6.05970138,80.13023,127.2527189,320.85019,#N/A,1.25319497,2.5,0.7158
27667,5.813699712,93.42635,128.3114937,394.91319,#N/A,1.259492275,2.5,0.8711
27698,6.012078842,99.94228,129.3790777,363.45341,#N/A,1.266346012,2.5,0.8718
27728,5.999413676,102.72248,130.4555444,359.18941,#N/A,1.27351142,2.6,0.8722
27759,6.096852435,102.68091,131.5409676,349.35464,#N/A,1.280759823,2.6,0.8711
27790,6.277827402,111.85621,131.252203,332.63823,#N/A,1.288124192,2.6,0.8711
27819,6.09362011,110.97768,133.5883505,351.5016,#N/A,1.295584577,2.6,0.8707
27850,5.784217337,112.33793,135.5371752,352.38608,#N/A,1.303228526,2.6,0.8711
27880,6.200642065,111.46788,136.0645202,365.78108,#N/A,1.311080478,2.6,0.8707
27911,6.478140928,109.61068,137.0260101,372.3984,#N/A,1.318990664,2.6,0.8707
27941,5.907863643,112.54257,137.911562,364.75169,#N/A,1.326904608,2.7,0.8673
27972,5.830689238,111.92674,139.2353026,333.76542,#N/A,1.334987668,2.7,0.8707
28003,4.978753174,111.7751,136.3190865,324.67731,#N/A,1.343320217,2.8,0.8715
28033,5.496397124,112.61023,131.542691,292.32012,#N/A,1.352007021,2.8,0.8707
28064,5.327653445,108.67033,132.8504916,288.71541,#N/A,1.360749999,2.8,0.8707
28094,5.628775903,108.24368,135.1191236,292.83383,#N/A,1.369515497,2.8,0.8707
28125,5.935948547,116.23683,137.1740686,307.16882,#N/A,1.378326047,2.8,0.8696
28156,5.705019331,112.33492,137.0458955,306.35139,#N/A,1.38721625,2.9,0.8696
28184,6.234489574,111.84187,138.8083691,305.59484,#N/A,1.396256276,2.9,0.8696
28215,5.920293362,111.14271,140.3392408,316.71701,#N/A,1.40541339,2.9,0.8696
28245,5.853180689,112.60302,140.1397353,334.0111,#N/A,1.414653983,3,0.8715
28276,5.8170005,110.83139,143.2069978,321.83897,#N/A,1.423919967,3,0.8696
28306,5.853887409,114.89792,144.0973985,313.75844,#N/A,1.433199178,3,0.8688
28337,6.350872213,113.60545,146.0298697,287.67059,#N/A,1.44257469,3,0.8707
28368,6.607859198,113.88107,146.6750325,290.12465,#N/A,1.452047597,3,0.8696
28398,6.939254228,115.29939,149.8785279,300.70767,#N/A,1.461582709,3,0.8696
28429,6.984015031,113.13427,151.2376053,308.82657,#N/A,1.471156076,3,0.8681
28459,7.174925724,114.74981,154.438821,322.50855,#N/A,1.480865706,3,0.8696
28490,7.769097331,117.02642,155.9070617,339.02224,#N/A,1.49063942,3.1,0.8696
28521,7.84082135,113.53143,155.5150059,349.79215,#N/A,1.500452796,3.1,0.8692
28549,7.320703797,112.65875,157.6721054,355.30287,#N/A,1.510380792,3.1,0.8692
28580,7.377629959,117.75488,159.5646803,391.98313,#N/A,1.520387065,3.1,0.8692
28610,7.608657648,123.0971,161.7649036,400.58994,#N/A,1.530497639,3.2,0.8696
28641,8.047550504,124.64063,164.0860229,431.13899,#N/A,1.540675448,3.2,0.8696
28671,8.630101383,126.14963,165.6301231,391.73053,#N/A,1.55092094,3.2,0.8715
28702,9.497530361,134.9454,167.0866345,401.5291,#N/A,1.561247488,3.4,0.8696
28733,9.525019297,138.0377,170.9161,412.48606,#N/A,1.571642794,3.4,0.8696
28763,9.930508734,139.62385,173.8646712,435.68698,#N/A,1.581989443,3.4,0.8696
28794,10.55444978,136.90288,178.7138447,440.06107,#N/A,1.592074626,3.4,0.8696
28824,9.685746063,131.87435,181.4207305,450.82988,#N/A,1.60213123,3.4,0.8684
28855,10.62083369,136.35762,183.5833345,446.17438,#N/A,1.611997688,3.4,0.8696
28886,11.59716143,140.14679,189.538603,479.40346,#N/A,1.621884608,3.5,0.8715
28914,12.1460583,133.6677,194.3295389,493.49076,#N/A,1.631845682,3.5,0.8475
28945,11.99670934,138.96372,195.2931571,483.69813,#N/A,1.641242394,3.6,0.8457
28975,11.92143265,139.39132,196.9000791,515.00202,#N/A,1.649968332,3.6,0.8496
29006,12.84120941,135.98485,195.2379839,487.21402,#N/A,1.657695684,3.6,0.8435
29036,12.50465423,140.56719,196.7569736,496.07567,#N/A,1.66530727,3.7,0.8475
29067,12.78359335,140.24199,196.5338922,470.77174,#N/A,1.672787275,3.8,0.8393
29098,14.20738156,145.30331,200.1018,522.98892,#N/A,1.679924501,3.8,0.8361
29128,16.11680514,147.45248,203.7220738,541.41847,#N/A,1.686336213,3.9,0.8299
29159,16.75055388,136.40298,205.5398475,524.02832,#N/A,1.692449181,3.9,0.8295
29189,17.91615939,141.00237,204.6022375,562.04098,#N/A,1.69802016,3.9,0.832
29220,20.50819367,143.89886,206.4548377,567.85377,#N/A,1.703467975,4,0.8271
29251,20.40065959,150.72028,209.1189295,594.85621,#N/A,1.70924557,4,0.8172
29280,22.58184469,149.05998,210.4578593,582.6494,#N/A,1.715213686,4.1,0.8079
29311,20.81532518,133.38242,212.0795235,502.63999,#N/A,1.721302695,4.1,0.8102
29341,20.82904191,140.28886,211.6812131,514.63967,#N/A,1.727327254,4.1,0.7999
29372,23.0684225,144.15773,211.7240936,534.73875,#N/A,1.733531238,4.2,0.7835
29402,25.28599442,148.40282,213.2684957,554.9642,#N/A,1.740046426,4.3,0.7698
29433,27.40651924,151.6662,210.8161156,576.48153,#N/A,1.746731104,4.3,0.7634
29464,29.25807235,153.42991,209.5332073,581.30647,#N/A,1.753281346,4.3,0.7576
29494,31.33500349,157.22082,207.1830161,610.71368,#N/A,1.759739266,4.4,0.7538
29525,32.25645976,160.91758,200.2272656,626.53286,#N/A,1.766528926,4.6,0.7498
29555,30.28091551,167.89056,197.0472367,618.824,#N/A,1.773550879,4.6,0.751
29586,28.74348484,163.04283,195.8643067,568.71554,#N/A,1.781502299,4.7,0.7457
29617,24.4665152,161.35245,190.4077556,542.93485,#N/A,1.790291043,4.7,0.7602
29645,24.94220448,166.80114,189.7335838,543.47242,#N/A,1.800018291,4.7,0.7837
29676,26.74821414,176.16778,191.5312439,553.42461,#N/A,1.811238405,4.7,0.7994
29706,27.25719302,180.7045,194.2031599,559.73212,#N/A,1.822664301,4.7,0.8197
29737,27.43171045,183.11763,192.4091725,581.7138,#N/A,1.834435674,4.8,0.8473
29767,24.26269602,191.29784,194.7091291,570.15032,#N/A,1.847567176,4.9,0.8868
29798,26.14508335,202.22541,196.926257,641.03897,#N/A,1.861901219,5,0.9537
29829,28.67069357,196.07437,198.1941963,613.29493,#N/A,1.878270433,5.1,0.9434
29859,29.99115183,183.55685,199.0546563,620.10824,#N/A,1.895926175,5.2,0.9551
29890,30.03933092,190.93423,201.3518378,627.84117,#N/A,1.91377948,5.2,0.9641
29920,29.13564568,204.45576,203.2342528,597.67925,#N/A,1.932215556,5.3,0.9611
29951,29.00223048,199.49985,204.4774893,562.69459,#N/A,1.951924155,5.3,0.9583
29982,28.31509079,199.4061,200.2284209,616.55487,#N/A,1.973850769,5.3,0.9723
30010,26.05691822,188.85837,199.706489,607.72054,#N/A,1.997536979,5.4,0.9804
30041,22.60970007,196.37084,201.01899,673.98211,#N/A,2.02307216,5.5,1.0482
30071,23.39139274,205.54109,204.253724,696.8138,#N/A,2.049726135,5.5,1.046
30102,21.51936547,207.0064,207.4217231,721.6953,#N/A,2.076594629,5.6,1.0809
30132,19.94229635,208.60447,206.1970385,738.90022,#N/A,2.104109507,5.6,1.141
30163,23.46260779,207.03571,206.4489374,759.18865,#N/A,2.132374712,5.7,1.1474
30194,27.34115171,222.68879,215.6190689,759.78963,#N/A,2.161570476,5.8,1.1509
30224,30.9003689,224.68919,234.6003353,740.9098,#N/A,2.19076969,5.9,1.1561
30255,32.0127684,243.44451,244.1574687,746.93097,#N/A,2.220509389,5.9,1.1723
30285,35.46520608,242.51628,252.1378737,735.00001,#N/A,2.249579557,6,1.1093
30316,40.04916654,245.31585,261.899967,703.58919,#N/A,2.277286879,6,1.0741
30347,44.04431935,249.03553,275.9879854,704.34223,#N/A,2.304557389,6,1.0678
30375,37.91424431,259.61971,265.1180255,711.09326,#N/A,2.329254563,6.2,1.0905
30406,38.78450697,270.08671,254.8400296,762.90754,#N/A,2.349402615,6.2,1.0961
30436,42.62015148,287.94633,261.237566,766.72819,#N/A,2.369157175,6.3,1.0909
30467,44.28335076,280.68703,259.9872759,758.89459,#N/A,2.391269309,6.3,1.0741
30497,44.72302282,294.84246,250.2354341,782.92705,#N/A,2.413826949,6.3,1.0941
30528,44.95986327,290.8063,250.6491457,814.05411,#N/A,2.439272708,6.4,1.0989
30559,46.3363352,299.5561,251.924395,848.83169,#N/A,2.467364999,6.5,1.1261
30589,43.48813088,299.49341,258.3199566,809.3432,#N/A,2.499050078,6.5,1.1037
30620,38.86755709,314.87894,259.0326744,850.67661,#N/A,2.530204902,6.6,1.1744
30650,43.23922156,327.7737,257.1630716,864.10364,#N/A,2.562169824,6.7,1.1919
30681,45.77464005,340.43446,259.9397404,930.97046,#N/A,2.595776951,6.7,1.2225
30712,45.36006122,356.95965,256.1759361,978.4447,#N/A,2.634172819,6.7,1.2715
30741,50.27315173,330.61186,263.6984135,925.98433,#N/A,2.673136625,6.7,1.1976
30772,51.42390553,357.67384,267.0062329,1003.89158,#N/A,2.712676771,6.8,1.2376
30802,52.07436227,361.6137,260.6187913,1007.36221,#N/A,2.752801782,7,1.256
30833,51.49606088,341.40272,258.4105751,1058.15561,#N/A,2.793520308,7.1,1.2821
30863,50.91791397,364.86531,263.4669561,1096.03611,#N/A,2.834841129,7.1,1.3587
30894,45.99655368,426.05952,257.3112199,1237.63675,#N/A,2.876773154,7.1,1.6447
30925,49.06385521,448.10234,253.4125379,1233.94102,#N/A,2.921722735,7.2,1.5723
30955,48.50454197,474.28667,249.4832405,1300.95174,#N/A,2.974678959,7.3,1.6708
30986,50.10988512,546.38613,254.4902878,1489.93458,#N/A,3.028595016,7.4,1.9048
31016,52.69716515,531.06221,261.197162,1459.39545,#N/A,3.0834883,7.5,1.8587
31047,50.06753326,580.30989,264.0818641,1531.36476,#N/A,3.136806952,7.5,1.99
31078,48.57252457,609.18079,259.8706645,1543.05103,#N/A,3.191047572,7.6,1.9802
31106,48.29337838,630.18927,256.9775599,1572.62547,#N/A,3.248885309,7.9,2.045
31137,53.37845476,602.6198,262.1413968,1516.5734,#N/A,3.307771356,7.9,1.8904
31167,56.39662313,618.32661,275.2377121,1510.29163,#N/A,3.367724712,8.1,1.9455
31198,59.00855529,664.17648,283.1760489,1543.20292,#N/A,3.426491508,8.2,1.9881
31228,58.96880031,666.1719,297.9147076,1476.75451,#N/A,3.482400428,8.3,1.9596
31259,56.36365603,762.37724,303.847291,1619.03129,#N/A,3.531705414,8.3,2.1978
31290,61.30322281,984.89813,295.7083563,2106.16797,#N/A,3.579707176,8.4,2.8169
31320,63.03659549,901.81642,291.2067385,2023.56982,#N/A,3.62892815,8.5,2.5608
31351,64.82457654,958.72599,287.2317288,2189.7591,#N/A,3.67453168,8.6,2.584
31381,69.6021784,1058.5611,283.488891,2330.21387,#N/A,3.718013639,8.7,2.7027
31412,70.92760882,1053.74278,285.7809833,2176.30325,#N/A,3.758230153,8.9,2.5707
31443,75.39350577,950.55008,296.2915112,1759.46333,#N/A,3.798756401,9.1,2.2857
31471,75.38027091,900.16892,306.7584465,1475.57302,#N/A,3.83721881,9.2,1.9861
31502,79.41945622,1069.69268,309.5589426,1594.16562,#N/A,3.875590998,9.4,2.1505
31532,74.0092077,1051.3723,312.9955243,1611.22425,#N/A,3.914314611,9.5,2.0576
31563,77.70531771,1202.77111,321.1990709,1779.61729,#N/A,3.951402742,9.5,2.3613
31593,82.35324275,1311.10329,321.7198607,1936.08058,#N/A,3.987492221,9.7,2.4753
31624,88.85950015,1366.94142,341.6160428,2022.28942,#N/A,4.023446109,9.9,2.5608
31655,102.8645782,1480.34247,372.6749362,2187.50803,#N/A,4.058953021,10,2.551
31685,106.3897937,1242.15207,384.8394632,1863.67251,#N/A,4.09227026,10.2,2.2297
31716,105.5229008,1255.47008,365.4630957,1937.26634,#N/A,4.123201003,10.3,2.2936
31746,111.4675397,1266.15583,372.4331674,1931.69221,#N/A,4.154674771,10.4,2.2198
31777,110.360512,1272.10297,384.4181157,1889.50024,#N/A,4.185073141,10.5,2.1872
31808,119.4976861,1360.76934,391.6339189,1912.6538,#N/A,4.214403529,10.7,2.0942
31836,117.9291561,1395.10418,391.8413959,1784.75907,#N/A,4.245379394,10.8,2.079
31867,122.0691728,1439.26771,405.2524523,1874.38198,#N/A,4.276406042,11,2.0202
31897,132.9972933,1511.11472,405.7798484,1952.75771,#N/A,4.306697252,11.1,2.004
31928,132.3286922,1526.61843,403.4061539,2061.47109,#N/A,4.337561915,11.2,2.0222
31958,132.6523585,1544.16886,407.6161869,2161.43049,#N/A,4.369262264,11.3,2.0471
31989,150.0782558,1594.20509,414.941198,2285.90526,#N/A,4.400684541,11.4,2.0725
32020,154.6372098,1662.25191,428.9295692,2205.34971,#N/A,4.432882883,11.5,2.0408
32050,153.4868627,1661.74955,433.0066279,2260.80443,#N/A,4.46479964,11.8,2.0768
32081,117.5556539,1338.90403,436.4923831,2217.8109,#N/A,4.497057817,11.9,2.0161
32111,111.3568307,1261.44654,440.4837789,2141.78936,#N/A,4.529661487,12,1.9474
32142,105.6723656,1304.29171,442.7809405,2064.22577,#N/A,4.562388291,12.1,1.9305
32173,91.5161521,1378.29014,433.7689391,2186.59836,#N/A,4.596720263,12.2,1.992
32202,88.99028061,1527.92398,431.4459148,2266.32373,#N/A,4.632727905,12.2,2.0877
32233,98.86491235,1601.76025,435.5112391,2423.11633,#N/A,4.670137183,12.4,2.125
32263,101.3468547,1644.04748,445.1020367,2532.89485,#N/A,4.710767376,12.5,2.1545
32294,99.4808582,1674.6789,451.4033171,2726.41605,#N/A,4.752653949,12.7,2.24
32324,104.5703664,1739.0822,464.4079766,2756.73956,#N/A,4.798239822,12.8,2.33
32355,108.3838052,1858.74125,471.5438511,2909.91681,#N/A,4.845702411,12.9,2.445
32386,103.5800775,1759.72027,478.0817312,2896.16946,#N/A,4.894644005,13.1,2.45
32416,111.4900913,1867.55852,485.6443867,2868.82574,#N/A,4.946160133,13.2,2.495
32447,119.0818465,2001.31589,481.807702,3022.76615,#N/A,4.999166483,13.4,2.5075
32477,119.0984213,1897.4725,481.5074738,2929.3985,#N/A,5.05469889,13.5,2.298
32508,121.314566,1985.35177,489.6008462,3260.55643,#N/A,5.116071359,13.6,2.3835
32539,136.3066578,2074.36427,498.0442195,3302.13434,#N/A,5.181216001,13.8,2.404
32567,147.5484402,2128.51736,504.9329487,3557.34457,#N/A,5.246715207,14,2.483
32598,155.8126126,2182.43846,505.2081807,3919.69833,#N/A,5.313960607,14.2,2.563
32628,160.0512245,2230.91798,505.1993977,4041.81655,#N/A,5.384769132,14.4,2.5615
32659,148.5284485,2327.2604,508.6579391,4268.20757,#N/A,5.457284023,14.6,2.74
32689,163.2516613,2333.96187,519.3456622,4481.94369,#N/A,5.534550069,14.7,2.78
32720,166.6994868,2474.68112,528.0075682,4150.74468,#N/A,5.613694135,14.8,2.649
32751,174.0199762,2519.90108,539.2933902,4483.03268,#N/A,5.693969961,15.1,2.765
32781,173.4511393,2515.92765,552.323209,4613.47428,#N/A,5.775298832,15.2,2.6855
32812,169.651739,2389.28882,557.1688706,4501.68525,#N/A,5.857693096,15.3,2.639
32842,180.4355947,2437.92144,565.5427673,4489.37644,#N/A,5.944386953,15.5,2.59
32873,188.3733933,2479.23666,603.3670649,4828.41114,#N/A,6.033552758,15.7,2.5525
32904,202.9327945,2373.02008,622.1849184,4827.99332,#N/A,6.124056049,15.9,2.5635
32932,196.4700061,2265.75052,626.4785277,4801.90308,#N/A,6.21591689,16,2.558
32963,208.05947,2208.97702,633.0512796,5020.47212,#N/A,6.309207443,16.3,2.655
32993,194.2921592,2183.41534,625.847564,4983.72811,#N/A,6.403530094,16.4,2.6635
33024,204.878172,2411.73438,634.0716837,4945.06138,#N/A,6.499583045,16.6,2.6625
33054,198.3375581,2387.10007,627.2891541,4854.80038,#N/A,6.597076791,16.7,2.655
33085,203.7426686,2348.72422,643.6215033,5125.83749,#N/A,6.695922991,16.8,2.5895
33116,194.1453815,2114.19289,657.0659997,5936.94438,#N/A,6.795301649,17.1,2.5725
33146,178.640988,1887.23486,661.2517202,7286.10941,#N/A,6.895362465,17.3,2.568
33177,174.2232955,2042.20401,665.7290687,6777.2119,#N/A,6.995804912,17.5,2.5425
33207,170.5313293,1989.46477,679.0741069,6274.07071,#N/A,7.098526647,17.9,2.5191
33238,178.929389,2065.38579,704.0387228,6256.80482,#N/A,7.202934143,18,2.5625
33269,168.7814619,2123.90137,711.9972614,5626.29375,#N/A,7.307316664,18.2,2.543
33297,185.6601044,2341.6779,736.3785346,5758.36259,#N/A,7.412663813,18.4,2.567
33328,191.1596604,2418.86698,743.7182552,6361.51189,#N/A,7.518479589,18.5,2.733
33358,202.0731049,2465.56269,746.4078092,6581.7767,#N/A,7.624552805,18.8,2.765
33389,208.1228027,2572.63417,749.6378082,6714.01821,#N/A,7.731233006,19.1,2.822
33419,221.459584,2469.47427,748.7016864,6708.34314,#N/A,7.838697145,19.2,2.888
33450,234.4780059,2563.9107,754.5119698,6992.50576,#N/A,7.947720358,19.5,2.8641
33481,225.5351703,2563.80481,751.8662876,7124.85369,#N/A,8.058326133,19.7,2.874
33511,222.6791053,2564.80664,760.5702131,7002.43283,#N/A,8.170269713,20,2.8025
33542,238.7098239,2633.50875,758.0028236,7280.39425,#N/A,8.283019435,20.4,2.8325
33572,240.434837,2490.83826,782.5584881,6911.11385,#N/A,8.396082651,20.6,2.802
33603,234.2111079,2617.01805,799.8788355,6291.26389,#N/A,8.509569701,20.9,2.745
33634,246.0183239,2618.4043,811.3389977,6591.61467,#N/A,8.624094327,21.2,2.7991
33663,246.1176561,2613.70386,814.4652143,6623.9093,#N/A,8.739297853,21.3,2.844
33694,243.5376172,2518.67109,843.5989164,6775.65459,#N/A,8.85480224,21.5,2.877
33724,237.6317575,2550.82748,861.258155,6972.85953,#N/A,8.969102979,21.8,2.8746
33755,257.3648191,2617.25847,885.1732115,7067.79269,#N/A,9.081366251,21.9,2.8375
33785,252.7702614,2469.50694,896.4898512,6864.10255,#N/A,9.19056968,22.1,2.771
33816,237.9959065,2469.01999,939.5822261,6752.08755,#N/A,9.297946169,22.4,2.7643
33847,219.2452097,2510.59654,996.151334,6711.95324,#N/A,9.402315615,22.6,2.745
33877,224.1627986,2550.18932,1018.541004,6962.03862,#N/A,9.501980161,22.7,2.815
33908,211.3079747,2606.20581,1047.907862,7154.60983,#N/A,9.597475061,22.8,2.9579
33938,224.2315817,2709.9297,1023.022731,7217.37949,#N/A,9.694169623,22.9,3.0225
33969,229.5852617,2760.34653,1016.548149,7311.40933,32.5045488,9.791272888,22.9,3.055
34000,242.5110652,2785.06248,1042.268499,7443.66053,32.5045488,9.889511993,23.2,3.073
34028,242.1079001,2919.30298,1070.751855,7712.6967,32.51104971,9.987253336,23.3,3.1475
34059,252.8246088,3117.61956,1076.302575,7949.73519,31.88358645,10.08204902,23.6,3.178
34089,265.7465893,3243.29028,1059.680925,7821.01142,31.97923721,10.17732438,24.1,3.1605
34120,284.8662849,3337.6429,1078.882059,7651.73466,30.70326565,10.27180387,24.2,3.18
34150,291.621833,3475.26185,1105.624827,7783.74279,30.06770805,10.37024199,24.4,3.34
34181,299.3700258,3593.73244,1144.647488,7820.40616,31.58011376,10.47290739,24.5,3.385
34212,289.89936,3750.91768,1181.983568,7870.80963,33.04227303,10.57554188,24.7,3.379
34242,271.6715109,3749.88644,1231.642894,8039.14603,32.76802216,10.67865342,24.8,3.4425
34273,282.8740154,3755.85785,1260.140304,7556.23255,33.14485442,10.7818804,24.9,3.3563
34303,301.4618085,3551.1702,1300.543853,7194.78775,32.60790778,10.88251128,25,3.3645
34334,354.8353436,3763.36296,1340.015667,7133.92798,32.81007681,10.97483125,25.1,3.4
34365,345.5390739,4019.5435,1363.673781,7731.79802,37.57409996,11.06802586,25.4,3.4075
34393,352.8249328,4033.57639,1332.847801,7691.32293,39.25366223,11.16164291,25.5,3.465
34424,360.3334453,3878.82264,1333.080907,7639.23601,39.23011003,11.25614482,25.7,3.483
34454,391.6344823,4043.27357,1329.297415,7928.43519,39.67341027,11.35116545,25.8,3.5226
34485,395.0673326,4170.56913,1306.978893,8280.30447,35.57117965,11.44878547,26,3.625
34515,396.3860993,4183.84412,1274.330993,8536.65317,37.23946797,11.55144291,26.1,3.6475
34546,415.2863342,4300.4048,1247.610897,8760.99109,38.79980168,11.65579095,26.5,3.68
34577,429.4111112,4318.57029,1216.514574,7966.91256,38.88904123,11.76030454,26.9,3.5883
34607,418.5830054,4176.84616,1173.619435,7840.69702,40.39404712,11.86565727,27.3,3.565
34638,422.8878717,4215.18918,1188.981518,7730.21444,39.48922047,11.9728437,27.4,3.505
34668,426.0394277,4093.07888,1204.001855,7591.41583,37.86226458,12.09037712,27.5,3.5525
34699,435.0165331,4114.89354,1228.988202,7816.39042,36.67338948,12.2131952,27.5,3.538
34730,375.664807,4048.47265,1233.36687,7615.26318,37.5608855,12.34011065,27.9,3.532
34758,383.2869626,4179.9339,1262.562793,7814.02853,36.92235045,12.47071016,28.1,3.598
34789,394.13912,4356.64901,1286.249491,7877.51997,35.72975853,12.60466637,28.4,3.5785
34819,409.6307665,4557.22654,1297.999867,8208.35517,36.6801701,12.74132196,28.7,3.618
34850,409.9079113,4672.65199,1308.14873,8276.27068,36.50043727,12.87892824,28.8,3.685
34880,406.9465292,4616.85228,1337.185408,8035.81298,36.09893246,13.02617732,28.8,3.637
34911,409.1437458,4824.82363,1366.100328,8208.26042,35.60076719,13.17608691,28.9,3.6213
34942,417.9270177,4761.88668,1429.297162,8463.29374,35.53668581,13.32958832,29,3.6555
34972,427.3768803,4893.52194,1481.870839,8488.575,36.09816545,13.48365615,29,3.651
35003,438.2231386,4810.54294,1526.487829,8565.32253,38.58171923,13.6408531,29.1,3.6473
35033,452.9421542,5006.40662,1606.241338,8849.37316,40.55324508,13.79806394,29.3,3.6685
35064,473.2752536,5118.44754,1611.306946,9691.41223,41.81039568,13.95478695,29.4,3.6455
35095,522.9269067,5216.12514,1698.841428,9687.16087,41.39229172,14.11689505,29.8,3.6495
35124,511.2167793,5570.55942,1688.716146,10697.16266,41.74826543,14.28182745,29.9,3.875
35155,515.4946313,5814.79761,1627.732065,11699.74943,40.80057981,14.44749664,30.1,3.98
35185,533.7856675,6474.11972,1588.472574,13464.5353,38.56878809,14.61773631,30.3,4.33
35216,522.7150699,6523.60797,1551.965794,13451.3845,38.02882506,14.791931,30.5,4.35
35246,528.2924098,6495.14583,1630.897146,13845.06844,35.66343214,14.98755429,30.8,4.32
35277,508.4650125,6552.5722,1684.234974,13796.84076,38.25259731,15.18489042,31,4.5205
35308,515.8343624,6582.09211,1669.995261,14145.66007,38.55479283,15.37495463,31.1,4.489
35338,531.3698277,6901.66845,1725.467975,14782.77134,36.93549153,15.57841653,31.4,4.5395
35369,539.9213403,7203.87376,1715.161783,15288.17384,38.80073386,15.7767817,31.8,4.695
35399,520.7781371,7457.14849,1705.910293,16236.02008,38.91325598,15.97425442,31.9,4.6125
35430,517.4927419,7452.63414,1728.023413,16652.49382,37.60577058,16.17739369,32.2,4.6783
35461,520.0363696,7360.48604,1782.875806,16014.8288,37.308685,16.39214859,32.6,4.56
35489,557.514361,7304.36439,1878.028777,14631.55859,38.27871081,16.6138524,32.8,4.48
35520,554.7264952,7061.5262,1889.128674,14676.76935,41.22999941,16.83246301,33,4.42
35550,558.6125503,7338.34972,1905.306188,15113.81967,41.5804544,17.05423071,33.3,4.4475
35581,551.2566112,7825.8648,1944.937556,15292.0743,40.92764127,17.27835172,33.4,4.4675
35611,583.5762797,8338.00682,2005.392279,14681.64493,39.71209032,17.50412219,33.5,4.5355
35642,589.7801938,8868.72095,2083.667059,15542.60702,40.37528223,17.72963363,33.8,4.6115
35673,576.985399,8415.76067,2105.007003,16208.62624,42.41827151,17.95243602,33.8,4.693
35703,563.6599953,8805.36364,2136.574674,16494.61331,42.55825181,18.1736998,34.1,4.6545
35734,522.6777328,8624.40208,2176.449524,17525.31866,42.60081006,18.39663052,34.2,4.816
35764,502.9988109,8854.83095,2150.995563,15940.13119,42.11942091,18.61984297,34.1,4.8525
35795,494.3055697,8976.02284,2217.720656,14887.45042,41.30651608,18.84560856,34.2,4.8665
35826,523.1042261,9361.15585,2307.005181,14864.21825,43.68164076,19.07568203,34.5,4.933
35854,567.5874206,10012.09196,2348.073466,13910.11936,45.68225991,19.30506711,34.6,4.9465
35885,607.3145209,10617.82997,2394.84193,14082.58099,47.4044811,19.53061464,34.8,5.0345
35915,660.9550548,10762.57321,2475.650933,13752.99281,48.85505823,19.74577691,35,5.0535
35946,613.5774546,10837.32416,2429.935727,13364.65663,46.88131387,19.95804402,35.1,5.156
35976,545.8097726,12811.45416,2313.774208,14887.92898,45.02481384,20.17458879,35.3,5.9653
36007,566.9573815,13155.17793,2194.747404,14110.38225,40.99959549,20.4442558,36.1,6.1253
36038,399.2533779,12003.73429,2113.466705,13982.1213,38.40842105,20.76778615,36.5,6.4503
36068,414.5839683,11172.51838,2014.40286,14097.11459,33.9799301,21.10941623,37.1,5.925
36099,474.9794735,11540.63254,2218.727581,12729.90742,36.01192992,21.48973754,37.3,5.5953
36129,459.2776605,12448.63304,2299.182853,11385.40998,38.03580039,21.83805037,37.3,5.692
36160,445.0032784,13490.6549,2295.33609,11562.92406,40.33696631,22.16125352,37.3,5.8675
36191,476.3877996,14189.00779,2379.724153,11954.54297,44.69335867,22.47889815,37.5,6.0623
36219,487.014463,14117.42349,2534.223332,11658.11144,43.80843017,22.78610976,37.5,6.1925
36250,526.6688973,14637.84164,2610.270611,13566.93627,45.41181871,23.08118988,37.5,6.1578
36280,584.0212222,15004.73276,2636.42007,13934.36616,51.51970833,23.36239571,37.6,6.0713
36311,537.7471793,14747.62303,2593.530628,13534.83912,55.39914237,23.63008983,37.6,6.22
36341,585.1846998,15020.31229,2654.009834,13922.79135,56.83952007,23.89632217,37.8,6.0125
36372,590.3603259,15297.45756,2681.537565,14734.55517,56.44732738,24.16037653,37.8,6.1705
36403,578.4776858,15074.07167,2672.991604,15571.07676,62.98392789,24.40399366,37.7,6.085
36433,572.7618762,14709.8613,2697.537026,16159.69775,59.74025561,24.64152587,37.8,6.0075
36464,598.7847112,15842.51315,2780.08294,15692.87631,62.3329827,24.87089741,37.9,6.1465
36494,633.342479,16375.74933,2916.636733,16417.70701,65.18160001,25.09390645,38,6.1755
36525,717.454856,17634.72816,3003.921746,17048.82605,65.66394385,25.31786957,38.1,6.1548
36556,713.0042078,17052.24967,3115.075442,18753.83575,70.91705936,25.54362057,38.6,6.306
36585,673.6165212,17155.76093,3148.338704,19994.91703,72.47014296,25.75988989,38.4,6.334
36616,672.0600758,18920.35883,3113.429782,20388.8723,72.2382385,25.969833,38.8,6.525
36646,630.2629513,18791.74948,3092.35264,20954.21465,72.53441528,26.18300204,39.3,6.7885
36677,624.8288309,18833.23003,3046.42888,23961.47065,71.17076827,26.39857542,39.5,6.968
36707,655.4204716,18927.59212,3157.171743,24960.36637,70.50888012,26.62340329,39.8,6.795
36738,659.1762525,18880.03033,3266.97528,23654.28151,72.57479031,26.85147711,40.1,6.9538
36769,724.5371482,19539.44562,3327.278269,27365.78695,74.98427335,27.08038596,40.3,6.9785
36799,707.6886742,19138.04007,3365.153222,27924.76625,78.50103577,27.30944089,40.4,7.235
36830,695.3384715,19682.36891,3369.386119,29277.84381,80.81681633,27.54066082,40.6,7.55
36860,670.6104344,18960.87767,3478.841258,32799.23187,85.20516945,27.77452693,40.7,7.7444
36891,716.9103877,18843.67249,3601.658452,31420.34916,86.48324699,28.01107332,40.7,7.5788
36922,782.565243,19712.8771,3697.846301,30537.09311,89.40638074,28.24916744,41.3,7.735
36950,779.0650832,17801.71419,3854.116019,29705.34261,92.69653555,28.48810832,41.4,7.6713
36981,707.2202519,17409.9771,3787.495272,29880.70629,94.05917463,28.72835803,41.6,8.0125
37011,779.8101251,18704.98569,3849.946299,31504.95448,93.65472017,28.97183087,41.9,8.033
37042,817.3563662,18419.88149,3929.234149,30538.98234,95.25621589,29.22147147,42,8.001
37072,804.6575308,17913.60841,4143.437697,28446.35732,100.6381921,29.4742372,42.2,8.045
37103,748.6282138,18135.23334,4235.803303,29258.28322,105.2172298,29.71961023,42.2,8.2575
37134,788.0546793,17626.96936,4238.109284,30162.39112,109.6889621,29.95563347,42.1,8.439
37164,714.8826011,17183.78291,4303.592835,28716.73231,110.3470959,30.18953704,42.2,9.0265
37195,753.5635756,18326.49166,4392.515263,28537.11509,109.2325902,30.42199647,42.2,9.442
37225,834.6306604,21100.50892,4468.296758,29359.55179,109.014125,30.64686573,42.4,10.2555
37256,925.1007176,24798.1442,4244.079565,33837.81288,110.1260691,30.87058785,42.6,11.961
37287,916.0183508,22900.8198,4171.077883,31223.01531,102.2300299,31.10726236,43.4,11.415
37315,962.4517634,22580.28448,4134.561248,32415.8248,101.2281756,31.35197282,43.8,11.365
37346,976.8778323,23566.22257,4050.661437,36738.75136,97.05757481,31.59834707,44.3,11.33
37376,986.5574457,21291.31584,4303.055825,34772.39958,98.77549388,31.85956007,44.9,10.665
37407,1006.034021,19703.59672,4401.7076,30727.96354,103.9414522,32.14098619,45.2,9.833
37437,958.1701017,19565.96365,4412.763674,33600.57444,108.65,32.43989736,45.5,10.295
37468,832.2900883,17586.80632,4599.674513,33175.68449,112.12,32.74915772,46.3,10.21
37499,874.7800928,18204.32579,4569.444046,36355.38379,113.31,33.05945598,46.4,10.56
37529,861.2900914,16243.91226,4575.761803,38118.56539,112.73,33.3743473,47,10.54
37560,856.1200909,16509.14199,4656.502736,34379.72257,115.62,33.71115009,47.6,10.005
37590,874.5500928,16137.93324,4881.951892,31822.82933,123.41,34.06539809,47.9,9.26
37621,849.6600902,14218.37159,4921.469461,31983.41385,126.89,34.41087801,47.9,8.5702
37652,807.4400857,13676.11732,5054.995254,34583.56623,130.22,34.76272923,48.4,8.5152
37680,772.670082,12766.16463,5108.88572,36840.78291,137.53,35.12020597,48.3,8.08
37711,711.3800755,12425.00968,5156.268897,30790.60987,144.23,35.48984613,48.8,7.8651
37741,699.5600742,12532.58344,5228.070205,26778.12368,141.44,35.86633425,48.9,7.248
37772,797.9600847,14631.18352,5375.210763,32414.02666,145.57,36.24711517,48.8,8.083
37802,780.2700828,13784.41691,5503.808705,30088.17574,154.51,36.62619958,48.7,7.4704
37833,824.6100875,13827.84278,5508.831322,29796.31838,154.06,36.96834933,48.7,7.3715
37864,866.960092,14096.10134,5503.555995,30950.70328,150.81,37.3038371,48.8,7.377
37894,842.1600894,13403.70791,5651.29674,28059.62229,151.61,37.62247404,48.7,6.9309
37925,924.5200981,14105.11226,5755.824029,28487.23121,171.14,37.91781046,48.4,6.896
37955,922.4300979,13252.11438,5804.502346,27040.67355,170.23,38.17754746,48,6.3926
37986,986.3201047,14768.91527,5810.756925,30129.701,178.91,38.42220191,48,6.6843
38017,1032.08011,15822.36935,5750.738234,31893.54342,170.83,38.65625716,48.4,7.0713
38046,1037.02011,15083.71238,5805.892252,32122.85397,173.92,38.90108012,48.7,6.6328
38077,1022.580109,14286.68585,5792.68814,31244.23875,176.99,39.14453605,49,6.2925
38107,998.400106,15455.65109,5745.589262,35459.17171,182.48,39.3963659,49.1,6.9901
38138,1001.460106,14586.64554,5753.897113,34794.62754,181.75,39.65145736,49.1,6.515
38168,974.2801034,14229.43862,5818.243467,31608.29742,183.72,39.90621798,49.2,6.1362
38199,995.2501056,13893.65651,5933.28982,34377.50051,188.55,40.16660605,49.4,6.2675
38230,1082.300115,14761.83549,6141.270378,34953.72652,198.4,40.43070149,49.4,6.6313
38260,1144.130121,14614.41285,6219.926452,38246.14539,205.17,40.68137183,49.4,6.4535
38291,1137.110121,14186.75104,6355.063272,37743.48376,210.78,40.92274797,49.6,6.1
38321,1219.640129,14171.78181,6497.970934,34089.06372,239.06,41.17101265,49.8,5.8033
38352,1237.250131,14333.0773,6696.822333,29892.20755,252.73,41.41975418,49.7,5.665
38383,1254.010133,14734.09479,6794.115789,33561.8915,250.87,41.67068886,49.9,5.985
38411,1322.42014,14817.94563,6929.157843,34753.50042,267.41,41.92383829,50,5.8175
38442,1310.860139,15619.14201,6674.647006,40181.74266,266.24,42.17642942,50.4,6.2395
38472,1243.080132,14873.33599,6812.342518,35575.10028,273.94,42.42948799,50.7,6.0858
38503,1365.420145,16861.83267,6804.318967,39336.85308,288,42.67522545,50.7,6.812
38533,1405.810149,16781.5157,6987.028497,41062.95152,297.39,42.91527359,50.6,6.6495
38564,1506.62016,17114.08644,7057.12401,42686.85218,309.4,43.15702963,51.1,6.5811
38595,1537.560163,16719.36831,7058.292795,47658.39047,328.98,43.39906864,51.2,6.366
38625,1690.990179,17082.36723,7063.726066,47468.92287,340.52,43.64210342,51.5,6.3701
38656,1650.840175,17600.70618,7108.234663,44949.89203,348.12,43.88722657,51.5,6.7025
38686,1686.190179,17541.33214,7276.697651,41685.56901,342.44,44.13555513,51.5,6.4625
38717,1821.870193,17563.3059,7419.858023,42004.46107,379.19,44.38896677,51.5,6.3288
38748,1990.170211,17575.73571,7491.248676,41981.39104,403.73,44.64124407,51.8,6.0579
38776,1926.040204,17816.67984,7549.529984,38313.82642,430.8,44.89197905,51.9,6.165
38807,2063.300219,18170.63114,7532.250919,40195.82994,462.12,45.14187774,52.1,6.1765
38837,2150.530228,18329.01507,7619.593908,41843.76011,458.45,45.38752479,52.4,6.005
38868,2093.110222,19723.32086,7534.335779,46260.51557,434.9,45.63904732,52.7,6.7368
38898,2163.69023,21056.33402,7262.419521,49975.81914,374.34,45.89766859,53.1,7.174
38929,2132.120226,20479.41835,7312.140268,49273.69724,368.34,46.16961228,53.6,6.9475
38960,2248.170239,21874.2638,7315.014847,47575.1971,415.11,46.44970792,54,7.1993
38990,2300.730244,23830.90866,7414.424752,45736.21536,408.87,46.74737314,54.2,7.7838
39021,2405.930255,23512.51527,7644.738581,42409.6727,449.39,47.04928325,54.3,7.371
39051,2470.290262,23321.27449,7710.158954,43329.06325,472.97,47.37157084,54.2,7.1538
39082,2573.000273,23251.72036,7826.216148,39325.39334,486.75,47.69646087,54.5,7.006
39113,2630.440279,24326.14165,7880.138203,39731.39806,528.02,48.02993862,54.9,7.2165
39141,2669.930283,24286.63316,7987.919136,41587.77385,545.84,48.37815568,54.9,7.2325
39172,2840.110301,24887.40961,7953.171473,43204.00671,563.33,48.7272847,55.3,7.2638
39202,2938.910312,24984.64002,8074.946238,41426.08178,607.21,49.06350297,56.1,7.08
39233,2990.310317,26083.07842,7985.834277,41415.57987,584.99,49.40204114,56.4,7.1175
39263,2961.900314,25640.69634,7821.635774,42351.24555,565.14,49.75197226,56.9,7.043
39294,2990.270317,25141.04736,7848.075587,44821.64582,572.97,50.12594125,57.4,7.1388
39325,3010.38032,25413.37128,7899.154652,43443.19004,576.34,50.50313896,57.7,7.1475
39355,3160.720335,25571.55655,8083.98063,45996.28731,618.57,50.88738368,58.1,6.8698
39386,3312.240352,25044.13755,8213.494647,47905.96998,646.89,51.28218496,58.6,6.4986
39416,3206.56034,25011.71768,8086.128668,48038.60495,626.93,51.69970742,58.9,6.8038
39447,3066.870326,24894.02117,8155.529227,51230.01611,615.84,52.14001659,59.3,6.8625
39478,2894.850307,25054.06155,8112.378948,55811.31807,546.92,52.59537274,60,7.482
39507,3255.330346,25841.51584,8044.715771,64419.26678,571.32,53.05426736,60.2,7.83
39538,3156.360335,26825.19349,8002.418389,66725.84262,548.47,53.51053406,61.2,8.0905
39568,3288.710349,26271.83749,7943.12624,67031.1609,513.98,53.96448176,62.3,7.5615
39599,3411.190362,26793.73651,7744.590729,73466.02295,482.77,54.42632778,63,7.61
39629,3262.450346,25371.85294,7610.71746,82574.976,440.71,54.90709368,63.8,7.8194
39660,2978.060316,23246.78214,8258.161189,68062.917,520.88,55.42962619,65.1,7.336
39691,2987.360317,24034.03326,8364.046795,66301.7595,560.75,55.95528381,65.6,7.7045
39721,2591.850275,22911.68735,8567.604922,62812.12929,542.42,56.48452754,65.7,8.2865
39752,2289.990243,21737.90185,8528.750717,52800.45521,506.75,57.00936294,65.7,9.78
39782,2319.070246,21019.6388,8921.557254,46487.55411,560.95,57.52862322,65.8,10.05
39813,2354.29025,20247.27339,9539.781357,37608.69928,588.32,58.04877785,65,9.525
39844,2254.240239,20022.14554,9313.06865,37117.27972,581.59,58.56976563,65.3,10.1996
39872,2031.670216,17774.32931,9046.39613,34468.75934,565.45,59.09006039,66,10.1165
39903,2255.540239,18031.01063,9049.681364,33979.37804,580.17,59.54406902,66.9,9.5026
39933,2291.160243,17871.03976,9136.203045,30002.81101,603.69,59.97179391,67.2,8.5274
39964,2527.870268,18347.95407,9097.222485,33799.18773,585.68,60.38559929,67.4,7.9386
39994,2450.64026,17717.30207,9076.057999,32972.01551,575.08,60.77206713,67.8,7.714
40025,2698.160286,19311.69956,9193.347156,33280.03184,620.14,61.13821883,68.5,7.761
40056,2784.500296,20110.98281,9337.455192,32497.365,632,61.51472836,68.6,7.7771
40086,2791.420296,20175.08012,9344.78379,31405.39593,644.96,61.88176624,69,7.5098
40117,2959.370314,20725.76069,9324.535379,34775.93967,658.2,62.23964912,69,7.815
40147,3022.430321,20384.72066,9333.790893,33361.8675,660.72,62.60012042,69,7.4046
40178,3110.79033,20634.73764,9445.457246,33462.39744,671.08,62.96580946,69.1,7.398
40209,3001.790319,20280.99035,9470.854629,31597.96592,669.37,63.33678302,69.3,7.6263
40237,3012.99032,20850.66836,9661.903598,33815.07229,707.87,63.71205346,69.8,7.7154
40268,3250.110345,20970.28731,9865.36696,32645.38381,737.24,64.08795458,70.3,7.285
40298,3248.170345,21330.64457,9989.826771,34123.04768,750.9,64.45913065,70.4,7.389
40329,3082.130327,19997.20302,9948.161164,30503.99783,734.21,64.8131187,70.6,7.67
40359,2984.480317,19296.19691,9975.453874,30816.2118,741.98,65.16851064,70.6,7.671
40390,3224.600342,19891.74071,10386.70826,31038.87759,791.51,65.52367902,71.1,7.2972
40421,3109.27033,19371.29906,10696.9733,29664.68759,814.61,65.87750689,71.1,7.374
40451,3381.140359,20026.2839,10777.96695,30432.88063,843.4,66.22995155,71.1,6.963
40482,3501.180372,20753.73104,10890.26508,31182.7755,855.02,66.56551664,71.3,6.999
40512,3485.37037,20643.62381,10673.43966,32045.00817,850.84,66.89668008,71.4,7.1032
40543,3701.330393,20583.67493,10858.45517,32561.68082,869.84,67.21165195,71.5,6.6291
40574,3621.620384,22940.13932,10626.49872,36570.95944,833.43,67.52474623,71.9,7.1855
40602,3723.200395,23017.68707,10636.03854,36781.12562,823.41,67.83648548,72.3,6.9687
40633,3742.650397,22168.47939,10688.06527,37333.9186,851.01,68.14909861,73.2,6.7743
40663,3826.560406,22460.58002,10929.65629,37885.0888,882.61,68.46144865,73.5,6.5686
40694,3796.990403,22785.9399,11086.68414,36544.27619,883.49,68.77294824,73.8,6.8021
40724,3719.910395,22242.54173,11104.27909,34322.88876,893.83,69.08529205,74.1,6.7693
40755,3645.830387,21640.87573,11266.74021,34839.78827,908.13,69.39963013,74.7,6.691
40786,3634.090386,20955.14277,11660.08376,35623.0125,933.16,69.71713343,74.9,6.9915
40816,3502.830372,22056.99638,11415.90245,36046.70772,913.44,70.03608932,75.2,8.0967
40847,3830.330407,23852.91149,11729.95815,38770.68891,936.77,70.35650443,75.5,7.9599
40877,3891.520413,24017.45499,11731.53759,40581.93201,927.98,70.67838543,75.8,8.1089
40908,3796.350403,23836.1535,11816.41665,39449.28445,947.49,71.00173905,75.9,8.09
40939,4013.840426,24216.73081,12060.02936,39015.47007,992.49,71.32479696,76.3,7.8108
40968,4081.930433,24232.77024,12081.19384,39479.81674,1002.54,71.64991916,76.7,7.5063
40999,4024.320427,25178.25252,12095.6931,39547.63131,1023.55,71.97831462,77.6,7.673
41029,4138.340439,25349.76614,12314.44543,40068.04997,1050.3,72.31061451,77.9,7.7774
41060,3989.820423,25294.94465,12312.77122,38079.47972,1056.12,72.64565369,77.9,8.523
41090,4063.730431,25597.51153,12724.02561,37107.1096,1129.06,72.98224522,78.2,8.1642
41121,4173.680443,26162.48215,13227.6456,39831.72126,1226.11,73.32161266,78.4,8.2587
41152,4288.120455,27255.61722,13237.05906,43045.50483,1295.36,73.64972688,78.6,8.4
41182,4358.650463,27656.15139,13360.76074,41905.87564,1253,73.95966948,79.3,8.3146
41213,4542.460482,28685.28932,13280.39887,41981.8432,1201.83,74.26413678,79.8,8.6736
41243,4662.180495,29835.85648,13397.75121,43750.24476,1282.86,74.56985748,80,8.9088
41274,4809.26051,28985.26706,13706.34204,41447.9642,1287.46,74.87621531,80.2,8.4735
41305,4964.470527,32111.36387,13715.40803,45596.0638,1300.17,75.18757557,80.4,8.9559
41333,4870.450517,32415.95921,13806.19419,43937.87068,1360.55,75.50461652,81.2,9.0246
41364,4928.630523,34039.7341,13839.26765,45350.15978,1405.17,75.8217359,82.2,9.2362
41394,4805.70051,34180.07351,14400.22129,42132.37003,1508.76,76.14081904,82.5,8.9682
41425,5214.730553,38338.49772,13732.0869,46537.38419,1341.41,76.46568654,82.3,10.0915
41455,4917.610522,36821.43825,13523.22186,45932.31447,1400.21,76.78620521,82.5,9.8806
41486,5134.340545,38682.27885,13433.69924,48092.45629,1341.57,77.11382635,83.4,9.8768
41517,5266.660559,39197.19186,13258.82373,51473.55074,1295,77.44284534,83.6,10.2799
41547,5534.000587,40286.12043,13776.18485,48674.91278,1381.85,77.77133208,84,10.0278
41578,5733.980609,41802.63609,13829.63307,47903.46904,1423.85,78.09926786,84.2,10.0467
41608,5670.886687,43214.80394,13642.84859,48276.97571,1381.65,78.42728479,84.3,10.1742
41639,5840.094277,45564.94974,13793.52709,50809.2377,1395.5,78.75864006,84.5,10.4926
41670,5702.302914,46393.84239,13346.26149,52843.44851,1295.95,79.09598957,85.1,11.1206
41698,5980.806994,46941.83844,13672.16298,53214.51366,1356.34,79.44005713,86,10.7551
41729,6090.431361,46134.38111,13916.69176,52296.57262,1420.84,79.80812939,87.2,10.5319
41759,6251.892752,46644.77403,13961.57942,52726.98306,1453.87,80.18921321,87.6,10.5224
41790,6351.825403,47767.61893,14124.1669,52861.46281,1435.5,80.57278495,87.7,10.5723
41820,6527.530733,48873.22203,14258.57718,54259.33834,1483.84,80.95819143,88,10.6375
41851,6587.921723,48433.53861,14403.63288,51748.70441,1512.25,81.34881471,88.7,10.7073
41882,6557.70976,49252.88247,14812.92876,50645.35648,1557.08,81.7575925,89,10.6666
41912,6388.591478,50830.41024,14574.27549,50489.31031,1590.98,82.16706178,89,11.2853
41943,6452.80934,49958.70789,15071.38819,46354.25543,1699.77,82.57789709,89.2,11.0395
41973,6487.849623,51159.47767,15432.79548,41453.87758,1747.88,82.98390508,89.2,11.0629
42004,6475.346912,52497.41115,15193.3209,37342.0508,1767.32,83.38776009,89,11.5706
42035,6674.849455,52015.62745,16179.36481,34857.30549,1897.67,83.80747848,88.9,11.6476
42063,6946.396755,55206.28987,15731.5622,37207.38512,1957.68,84.22651587,89.4,11.6585
42094,6853.852843,56461.12327,15648.23099,36027.37774,2009.31,84.6392258,90.7,12.1321
42124,7175.876338,56702.1166,15571.56501,39261.21623,2010.07,85.04831539,91.5,11.9107
42155,6892.159446,58048.32582,15459.26688,39259.46304,1890.95,85.45938225,91.7,12.1525
42185,6840.02088,56678.97716,15428.94165,39201.83743,1884.2,85.8674508,92.1,12.1688
42216,6875.758041,60168.24,15589.72856,35116.22813,1981.06,86.27961456,93.1,12.6808
42247,6631.388052,58804.41955,15611.24052,36862.41664,1985.35,86.71316962,93.1,13.2799
42277,6694.612767,59201.51677,15599.67903,36094.79385,2001.73,87.15829723,93.1,13.8549
42308,7204.180937,63714.53708,15805.32201,36076.62013,2043.3,87.61152037,93.3,13.8224
42338,6926.210936,66456.27691,15640.20744,34426.55064,2033.07,88.06125951,93.4,14.448
42369,6807.384673,69771.76957,14596.26128,33615.88023,1908.54,88.52578266,93.7,15.4685
42400,6604.108199,67383.069,15271.31361,32745.29362,1851.71,89.02300247,94.4,15.8907
42429,6643.16499,66492.68909,15154.08763,31900.29484,1919.22,89.5319173,95.7,15.8715
42460,7070.921594,65957.28122,15552.45379,31093.62001,2101.21,90.04896412,96.4,14.7673
42490,7190.888308,64990.23011,15844.08145,33218.78876,2142.22,90.57725138,97.2,14.2302
42521,7322.952156,71914.80492,15607.48146,37363.67979,2067.99,91.11920526,97.4,15.7086
42551,7101.744352,66613.22452,16237.45659,35029.47612,2092.18,91.66288319,97.9,14.7266
42582,7184.246555,65688.52091,16600.09583,29971.87245,2160.32,92.21286049,98.7,13.8787
42613,7202.756019,69592.13377,16306.88874,32287.88009,2054.6,92.77766426,98.6,14.7313
42643,7135.684821,65302.94634,16792.91377,31386.88207,2076.97,93.34206172,98.8,13.7225
42674,6957.940855,62967.03636,16900.53676,30399.36565,2087.41,93.90911474,99.3,13.4741
42704,6919.327528,66568.77944,16591.4721,32485.8028,2017.65,94.48430807,99.6,14.094
42735,6986.33,66524.03502,16851.57415,33200.31668,2103.14,95.07326026,100,13.7401
