"Index","Commodities.Close"
1999-12-31,17048.82605
2000-01-03,16931.80846
2000-01-04,16672.20138
2000-01-05,16483.51816
2000-01-06,16486.00462
2000-01-07,16278.40794
2000-01-10,16485.36279
2000-01-11,16846.10069
2000-01-12,17022.78747
2000-01-13,17144.85436
2000-01-14,17614.89046
2000-01-18,18007.3536
2000-01-19,18171.58276
2000-01-20,18269.23319
2000-01-21,18378.62496
2000-01-24,18326.6222
2000-01-25,18506.45354
2000-01-26,18329.39747
2000-01-27,18352.05133
2000-01-28,18678.94784
2000-01-31,18753.83575
2000-02-01,18916.46174
2000-02-02,18741.25578
2000-02-03,18782.14605
2000-02-04,19227.37867
2000-02-07,18972.37196
2000-02-08,18694.6304
2000-02-09,19118.9672
2000-02-10,19413.07746
2000-02-11,19473.64081
2000-02-14,19680.06755
2000-02-15,19657.91616
2000-02-16,19651.19385
2000-02-17,19391.19583
2000-02-18,19348.46132
2000-02-22,19369.88393
2000-02-23,19522.95339
2000-02-24,19737.13387
2000-02-25,19710.97884
2000-02-28,19932.93698
2000-02-29,19994.91703
2000-03-01,20637.71288
2000-03-02,20679.8566
2000-03-03,21005.97754
2000-03-06,21363.80894
2000-03-07,22103.49799
2000-03-08,20861.78103
2000-03-09,20820.50356
2000-03-10,20684.00794
2000-03-13,20991.01209
2000-03-14,20889.6573
2000-03-15,20732.82165
2000-03-16,20772.25162
2000-03-17,20786.98959
2000-03-20,20209.80594
2000-03-21,20334.34809
2000-03-22,20155.26145
2000-03-23,20183.51852
2000-03-24,20433.31802
2000-03-27,20371.38341
2000-03-28,20277.08115
2000-03-29,20013.667
2000-03-30,20325.19348
2000-03-31,20388.8723
2000-04-03,20283.19973
2000-04-04,19747.68054
2000-04-05,19918.0502
2000-04-06,19855.85257
2000-04-07,19629.95316
2000-04-10,19124.97407
2000-04-11,19280.91606
2000-04-12,19858.13706
2000-04-13,19863.80653
2000-04-14,19707.97183
2000-04-17,20004.1311
2000-04-18,20048.2099
2000-04-19,20598.68004
2000-04-20,20728.62059
2000-04-24,21001.56805
2000-04-25,20740.39748
2000-04-26,20723.70254
2000-04-27,21069.69329
2000-04-28,20954.21465
2000-05-01,21195.61866
2000-05-02,21667.63069
2000-05-03,21705.79482
2000-05-04,22157.48716
2000-05-05,22171.17242
2000-05-08,22570.85212
2000-05-09,23305.30719
2000-05-10,23278.89937
2000-05-11,23434.63428
2000-05-12,23814.94906
2000-05-15,23941.19529
2000-05-16,24125.70821
2000-05-17,24314.03252
2000-05-18,24709.36237
2000-05-19,24779.79883
2000-05-22,24195.52137
2000-05-23,24072.80372
2000-05-24,24794.61735
2000-05-25,25133.76174
2000-05-26,24969.69207
2000-05-30,24538.76077
2000-05-31,23961.47065
2000-06-01,24343.7018
2000-06-02,24267.94381
2000-06-05,24047.931
2000-06-06,24164.053
2000-06-07,24109.70353
2000-06-08,24434.83638
2000-06-09,24466.00079
2000-06-12,25029.65273
2000-06-13,25246.04791
2000-06-14,24911.14119
2000-06-15,24855.15919
2000-06-16,24210.4999
2000-06-19,23971.184
2000-06-20,24537.29045
2000-06-21,25013.80879
2000-06-22,25477.74834
2000-06-23,25264.03057
2000-06-26,25078.5413
2000-06-27,25110.00757
2000-06-28,24915.94297
2000-06-29,25345.25932
2000-06-30,24960.36637
2000-07-03,25083.80156
2000-07-05,24047.51889
2000-07-06,23969.55724
2000-07-07,24160.54213
2000-07-10,23917.58283
2000-07-11,23912.18066
2000-07-12,24085.79525
2000-07-13,24598.03875
2000-07-14,24666.07027
2000-07-17,24506.081
2000-07-18,25015.70744
2000-07-19,24966.92632
2000-07-20,24567.20557
2000-07-21,24044.28733
2000-07-24,23755.00856
2000-07-25,23705.89706
2000-07-26,23657.54033
2000-07-27,23826.17789
2000-07-28,24000.06523
2000-07-31,23654.28151
2000-08-01,23909.44093
2000-08-02,24345.10905
2000-08-03,24526.65608
2000-08-04,24887.70151
2000-08-07,24424.07323
2000-08-08,24671.02099
2000-08-09,25196.21978
2000-08-10,25486.99593
2000-08-11,25257.85799
2000-08-14,25429.3947
2000-08-15,25443.00979
2000-08-16,25591.69854
2000-08-17,25709.17462
2000-08-18,25955.29034
2000-08-21,26347.22459
2000-08-22,26064.06217
2000-08-23,26430.81754
2000-08-24,26230.38103
2000-08-25,26343.31982
2000-08-28,26842.80421
2000-08-29,26998.69459
2000-08-30,27324.88755
2000-08-31,27365.78695
2000-09-01,27324.82599
2000-09-05,28051.96381
2000-09-06,28748.20677
2000-09-07,29090.89435
2000-09-08,28273.08071
2000-09-11,29136.70213
2000-09-12,28879.20147
2000-09-13,28454.3627
2000-09-14,28690.58556
2000-09-15,29469.30504
2000-09-18,30338.73391
2000-09-19,30019.78114
2000-09-20,30245.39735
2000-09-21,29679.36281
2000-09-22,28708.34629
2000-09-25,28413.80224
2000-09-26,28281.36409
2000-09-27,28508.89888
2000-09-28,27815.21524
2000-09-29,27924.76625
2000-10-02,28594.38313
2000-10-03,28676.30017
2000-10-04,28436.80255
2000-10-05,28098.03797
2000-10-06,28189.41694
2000-10-09,28891.91331
2000-10-10,29726.90047
2000-10-11,30224.59228
2000-10-12,31868.16166
2000-10-13,31000.47368
2000-10-16,30383.36845
2000-10-17,30295.49681
2000-10-18,30781.10892
2000-10-19,30103.96405
2000-10-20,30180.36545
2000-10-23,30554.6294
2000-10-24,30408.61865
2000-10-25,30241.12818
2000-10-26,30465.05168
2000-10-27,29574.53267
2000-10-30,29336.97238
2000-10-31,29277.84381
2000-11-01,29374.41394
2000-11-02,29314.79522
2000-11-03,29569.32902
2000-11-06,29691.24775
2000-11-07,30417.45892
2000-11-08,30778.89254
2000-11-09,31507.21381
2000-11-10,30905.76349
2000-11-13,31453.3635
2000-11-14,31857.08829
2000-11-15,32681.7014
2000-11-16,32208.29336
2000-11-17,32757.90426
2000-11-20,33367.28066
2000-11-21,33668.85849
2000-11-22,33890.9135
2000-11-24,33950.8133
2000-11-27,33519.71597
2000-11-28,32770.22591
2000-11-29,32902.50503
2000-11-30,32799.23187
2000-12-01,31654.43644
2000-12-04,31906.09069
2000-12-05,31121.73104
2000-12-06,31765.36213
2000-12-07,31661.08843
2000-12-08,31392.95164
2000-12-11,32511.93056
2000-12-12,31951.15863
2000-12-13,31150.1939
2000-12-14,30357.78229
2000-12-15,31148.32012
2000-12-18,31567.99062
2000-12-19,31677.51872
2000-12-20,30291.58731
2000-12-21,30683.88784
2000-12-22,30298.80277
2000-12-26,30547.39405
2000-12-27,30722.32204
2000-12-28,30606.39296
2000-12-29,31420.34916
2001-01-02,30429.68982
2001-01-03,30309.51959
2001-01-04,31098.46007
2001-01-05,31220.19101
2001-01-08,31408.72932
2001-01-09,32172.76563
2001-01-10,33321.35932
2001-01-11,32743.04031
2001-01-12,32695.39157
2001-01-16,32304.93927
2001-01-17,31218.08926
2001-01-18,31931.47604
2001-01-19,32926.16043
2001-01-22,32765.71187
2001-01-23,32159.26745
2001-01-24,32009.21411
2001-01-25,32252.15512
2001-01-26,32473.50171
2001-01-29,31511.66985
2001-01-30,31098.6062
2001-01-31,30537.09311
2001-02-01,31484.09769
2001-02-02,32682.13496
2001-02-05,31595.59516
2001-02-06,31681.92519
2001-02-07,32926.51895
2001-02-08,33495.1065
2001-02-09,32651.04442
2001-02-12,31944.06572
2001-02-13,32450.23867
2001-02-14,31754.34635
2001-02-15,31191.26007
2001-02-16,31223.31517
2001-02-20,30675.42207
2001-02-21,30613.01546
2001-02-22,30775.68954
2001-02-23,30875.50231
2001-02-26,30395.26346
2001-02-27,30147.76644
2001-02-28,29705.34261
2001-03-01,30007.4137
2001-03-02,30275.44116
2001-03-05,30885.76242
2001-03-06,31226.07136
2001-03-07,31785.85247
2001-03-08,30583.19797
2001-03-09,30230.23896
2001-03-12,30431.58345
2001-03-13,30179.3949
2001-03-14,29679.52149
2001-03-15,29516.90327
2001-03-16,29930.22847
2001-03-19,29885.0944
2001-03-20,29905.42836
2001-03-21,30231.85334
2001-03-22,30126.62142
2001-03-23,30467.59842
2001-03-26,30576.62281
2001-03-27,31268.8046
2001-03-28,30383.64503
2001-03-29,30131.12488
2001-03-30,29880.70629
2001-04-02,29906.3704
2001-04-03,30478.87029
2001-04-04,30918.68575
2001-04-05,31268.92912
2001-04-06,30980.37474
2001-04-09,31284.82791
2001-04-10,31965.99605
2001-04-11,31719.63929
2001-04-12,31812.20327
2001-04-16,32319.78486
2001-04-17,32415.97303
2001-04-18,32097.31737
2001-04-19,31996.75883
2001-04-20,31814.25271
2001-04-23,31671.25946
2001-04-24,31144.90817
2001-04-25,31251.02217
2001-04-26,31599.05377
2001-04-27,31251.59332
2001-04-30,31504.95448
2001-05-01,31669.86948
2001-05-02,31056.43473
2001-05-03,31786.74141
2001-05-04,31467.87843
2001-05-07,30857.86184
2001-05-08,30697.30006
2001-05-09,30757.72313
2001-05-10,30948.11636
2001-05-11,30935.81219
2001-05-14,30999.87475
2001-05-15,31394.80545
2001-05-16,31097.4583
2001-05-17,31026.42581
2001-05-18,31550.63952
2001-05-21,31273.6856
2001-05-22,31157.83355
2001-05-23,31152.33489
2001-05-24,30609.53625
2001-05-25,30204.2013
2001-05-29,30295.91594
2001-05-30,30538.41982
2001-05-31,30538.98234
2001-06-01,30529.38758
2001-06-04,30639.45367
2001-06-05,30586.94188
2001-06-06,30366.2537
2001-06-07,30321.92489
2001-06-08,30693.09727
2001-06-11,31285.64589
2001-06-12,31546.15996
2001-06-13,31178.26468
2001-06-14,30991.23284
2001-06-15,30459.49361
2001-06-18,30138.11854
2001-06-19,30227.87587
2001-06-20,29397.94508
2001-06-21,29232.03978
2001-06-22,29213.01255
2001-06-25,29181.9371
2001-06-26,29045.24337
2001-06-27,28174.20974
2001-06-28,28168.42641
2001-06-29,28446.35732
2001-07-02,28121.41217
2001-07-03,28222.51728
2001-07-05,29064.91331
2001-07-06,29931.17255
2001-07-09,29608.00492
2001-07-10,29858.58391
2001-07-11,29705.9578
2001-07-12,29996.09233
2001-07-13,29448.93507
2001-07-16,29129.29411
2001-07-17,29171.93963
2001-07-18,28661.36271
2001-07-19,28541.62992
2001-07-20,28856.10992
2001-07-23,28762.96583
2001-07-24,28801.97855
2001-07-25,29431.84743
2001-07-26,29137.68376
2001-07-27,29459.63659
2001-07-30,29335.22302
2001-07-31,29258.28322
2001-08-01,29201.35744
2001-08-02,29720.9873
2001-08-03,29517.07803
2001-08-06,29825.49277
2001-08-07,29883.3261
2001-08-08,29758.49892
2001-08-09,29674.43425
2001-08-10,29846.64144
2001-08-13,30037.40212
2001-08-14,30139.41734
2001-08-15,29957.95402
2001-08-16,29747.77673
2001-08-17,29297.91985
2001-08-20,29498.19747
2001-08-21,30176.99426
2001-08-22,29738.14239
2001-08-23,29790.85672
2001-08-24,29996.06484
2001-08-27,29926.35379
2001-08-28,29915.98446
2001-08-29,29850.15508
2001-08-30,29538.41629
2001-08-31,30162.39112
2001-09-04,30048.65437
2001-09-05,30267.86336
2001-09-06,30601.82442
2001-09-07,30838.95583
2001-09-10,30810.2698
2001-09-11,31410.06297
2001-09-14,32430.35634
2001-09-17,31883.84606
2001-09-18,30969.72988
2001-09-19,29972.73642
2001-09-20,30027.96096
2001-09-21,29808.26297
2001-09-24,27118.5103
2001-09-25,27101.99137
2001-09-26,27824.18275
2001-09-27,28326.20119
2001-09-28,28716.73231
2001-10-01,28712.62398
2001-10-02,28630.55332
2001-10-03,28957.34941
2001-10-04,29163.09676
2001-10-05,28707.87222
2001-10-08,28831.89305
2001-10-09,28798.97425
2001-10-10,28713.22545
2001-10-11,29021.69635
2001-10-12,28221.4424
2001-10-15,27494.7472
2001-10-16,28260.40304
2001-10-17,28057.45288
2001-10-18,27604.5838
2001-10-19,28303.95209
2001-10-22,29078.19372
2001-10-23,28638.08405
2001-10-24,28869.24387
2001-10-25,28645.7052
2001-10-26,28697.65918
2001-10-29,28711.64412
2001-10-30,28700.93866
2001-10-31,28537.11509
2001-11-01,28273.50321
2001-11-02,28037.61596
2001-11-05,27538.4683
2001-11-06,27279.93239
2001-11-07,27688.89556
2001-11-08,28508.91012
2001-11-09,29467.6957
2001-11-12,28790.30241
2001-11-13,29219.98394
2001-11-14,27890.93619
2001-11-15,26080.46961
2001-11-16,26614.62983
2001-11-19,27105.6929
2001-11-20,27782.69701
2001-11-21,28146.62652
2001-11-23,28363.2863
2001-11-26,27786.86225
2001-11-27,28555.90225
2001-11-28,27819.81406
2001-11-29,28718.04287
2001-11-30,29359.55179
2001-12-03,30030.33184
2001-12-04,30133.07903
2001-12-05,30861.69268
2001-12-06,30180.04204
2001-12-07,30877.11689
2001-12-10,30346.94376
2001-12-11,30449.97022
2001-12-12,30590.31036
2001-12-13,31583.82046
2001-12-14,34556.39659
2001-12-17,33804.56186
2001-12-18,34266.67554
2001-12-19,35248.90749
2001-12-20,37554.07878
2001-12-21,34589.05365
2001-12-24,34053.88726
2001-12-26,34950.84953
2001-12-27,34111.21199
2001-12-28,34434.23007
2001-12-31,33837.81288
2002-01-02,36169.76351
2002-01-03,35071.30505
2002-01-04,35348.91831
2002-01-07,34435.66315
2002-01-08,33331.47692
2002-01-09,32137.85659
2002-01-10,32997.99719
2002-01-11,32047.16993
2002-01-14,31823.395
2002-01-15,32375.81226
2002-01-16,32370.22089
2002-01-17,31039.77747
2002-01-18,31047.21321
2002-01-22,31609.24445
2002-01-23,30862.84027
2002-01-24,30971.33469
2002-01-25,31566.23736
2002-01-28,31759.44235
2002-01-29,31215.40676
2002-01-30,30809.96405
2002-01-31,31223.01531
2002-02-01,32666.28859
2002-02-04,32278.2039
2002-02-05,32106.5064
2002-02-06,31569.61281
2002-02-07,31343.24198
2002-02-08,31991.91492
2002-02-11,33177.77439
2002-02-12,32352.29208
2002-02-13,32881.29053
2002-02-14,32712.66142
2002-02-15,32544.38689
2002-02-19,32431.02223
2002-02-20,31458.05926
2002-02-21,32112.66955
2002-02-22,32050.19812
2002-02-25,31631.42407
2002-02-26,32168.42576
2002-02-27,32274.98965
2002-02-28,32415.8248
2002-03-01,32876.70533
2002-03-04,32040.15014
2002-03-05,32685.22745
2002-03-06,32995.85035
2002-03-07,35374.24455
2002-03-08,35797.6439
2002-03-11,35869.47861
2002-03-12,35787.18596
2002-03-13,36154.19709
2002-03-14,36601.68765
2002-03-15,37425.47487
2002-03-18,38150.6646
2002-03-19,37369.95568
2002-03-20,36713.26464
2002-03-21,36988.47716
2002-03-22,36578.52356
2002-03-25,36587.80507
2002-03-26,36647.00614
2002-03-27,36770.23233
2002-03-28,36738.75136
2002-04-01,37376.73678
2002-04-02,37882.48751
2002-04-03,37127.10127
2002-04-04,36660.13571
2002-04-05,35732.33209
2002-04-08,36127.11792
2002-04-09,35716.57363
2002-04-10,35815.82539
2002-04-11,34747.85862
2002-04-12,33470.58175
2002-04-15,34545.24531
2002-04-16,34950.61261
2002-04-17,35558.34807
2002-04-18,35614.26382
2002-04-19,35676.1656
2002-04-22,35236.95784
2002-04-23,35276.72046
2002-04-24,34830.60997
2002-04-25,34803.42032
2002-04-26,34526.88136
2002-04-29,34538.9571
2002-04-30,34772.39958
2002-05-01,34162.97682
2002-05-02,33562.11156
2002-05-03,33462.9643
2002-05-06,33112.1143
2002-05-07,32645.13778
2002-05-08,33554.74174
2002-05-09,33669.89149
2002-05-10,33764.16782
2002-05-13,33654.75299
2002-05-14,34433.2906
2002-05-15,33826.60907
2002-05-16,33392.17622
2002-05-17,32927.42852
2002-05-20,32886.61426
2002-05-21,32416.46899
2002-05-22,32503.09336
2002-05-23,32439.9878
2002-05-24,31816.54053
2002-05-28,31122.78082
2002-05-29,31224.81515
2002-05-30,29896.86472
2002-05-31,30727.96354
2002-06-03,30752.80221
2002-06-04,30422.67016
2002-06-05,31018.95512
2002-06-06,30448.08074
2002-06-07,30611.99613
2002-06-10,30571.60032
2002-06-11,30569.24546
2002-06-12,31184.433
2002-06-13,32561.9329
2002-06-14,33308.2519
2002-06-17,33867.94963
2002-06-18,32476.99473
2002-06-19,32300.14458
2002-06-20,32868.55554
2002-06-21,32206.8479
2002-06-24,33256.1544
2002-06-25,33339.50976
2002-06-26,33136.54096
2002-06-27,33518.21225
2002-06-28,33600.57444
2002-07-01,32667.62919
2002-07-02,32863.21919
2002-07-03,33084.88273
2002-07-05,32834.19973
2002-07-08,32302.85983
2002-07-09,31999.61416
2002-07-10,32402.24015
2002-07-11,32783.15612
2002-07-12,32606.20228
2002-07-15,32695.82166
2002-07-16,33501.25786
2002-07-17,33642.64505
2002-07-18,33002.37003
2002-07-19,32997.81751
2002-07-22,32495.49897
2002-07-23,32342.77758
2002-07-24,33724.15225
2002-07-25,32954.37852
2002-07-26,33066.92069
2002-07-29,32267.49012
2002-07-30,33056.80011
2002-07-31,33175.68449
2002-08-01,32870.87882
2002-08-02,33028.316
2002-08-05,33519.73644
2002-08-06,34274.5112
2002-08-07,33245.49814
2002-08-08,33385.06843
2002-08-09,33736.55952
2002-08-12,34554.76578
2002-08-13,35108.6911
2002-08-14,35045.9482
2002-08-15,36094.54822
2002-08-16,36112.5739
2002-08-19,36440.35624
2002-08-20,36717.09399
2002-08-21,37496.15305
2002-08-22,37552.46957
2002-08-23,37320.73387
2002-08-26,37612.47271
2002-08-27,36503.09084
2002-08-28,36114.01309
2002-08-29,36574.81444
2002-08-30,36355.38379
2002-09-03,36260.53679
2002-09-04,36573.74955
2002-09-05,36943.79383
2002-09-06,37270.22168
2002-09-09,37673.11878
2002-09-10,38147.23425
2002-09-11,37946.81408
2002-09-12,36837.24801
2002-09-13,37711.43002
2002-09-16,38352.15701
2002-09-17,37532.21987
2002-09-18,38036.94268
2002-09-19,37774.89631
2002-09-20,37885.69879
2002-09-23,38854.99619
2002-09-24,38606.68873
2002-09-25,38017.98063
2002-09-26,38068.55332
2002-09-27,38160.90809
2002-09-30,38118.56539
2002-10-01,37908.83679
2002-10-02,37810.34906
2002-10-03,36740.29183
2002-10-04,36698.01136
2002-10-07,37121.22231
2002-10-08,37298.34739
2002-10-09,37062.00249
2002-10-10,36382.91998
2002-10-11,36987.80776
2002-10-14,37556.42174
2002-10-15,37651.97689
2002-10-16,37438.80244
2002-10-17,37209.3835
2002-10-18,37353.01681
2002-10-21,35885.12619
2002-10-22,35479.42618
2002-10-23,35642.70383
2002-10-24,35457.21122
2002-10-25,34661.5011
2002-10-28,34646.55759
2002-10-29,34328.80235
2002-10-30,34498.88681
2002-10-31,34379.72257
2002-11-01,34383.66943
2002-11-04,33795.83187
2002-11-05,33169.02564
2002-11-06,32683.52502
2002-11-07,32112.81179
2002-11-08,32121.79694
2002-11-11,32306.83163
2002-11-12,32124.04604
2002-11-13,31765.42812
2002-11-14,31473.00629
2002-11-15,31475.90018
2002-11-18,32255.90303
2002-11-19,32221.26545
2002-11-20,32853.25014
2002-11-21,32883.1858
2002-11-22,32636.74005
2002-11-25,31573.0361
2002-11-26,31396.32834
2002-11-27,31872.92187
2002-11-29,31822.82933
2002-12-02,32162.07385
2002-12-03,32078.55683
2002-12-04,31322.55294
2002-12-05,31591.54775
2002-12-06,31594.88378
2002-12-09,31444.86443
2002-12-10,31554.05618
2002-12-11,31015.18855
2002-12-12,31803.93202
2002-12-13,31763.84363
2002-12-16,32626.51523
2002-12-17,33869.39286
2002-12-18,33431.93875
2002-12-19,33563.58665
2002-12-20,33321.27343
2002-12-23,33895.59182
2002-12-24,34172.08388
2002-12-26,34076.32949
2002-12-27,33824.36409
2002-12-30,32497.96845
2002-12-31,31983.41385
2003-01-02,32455.19923
2003-01-03,33036.26992
2003-01-06,32394.70252
2003-01-07,32548.8881
2003-01-08,32278.20241
2003-01-09,32935.50699
2003-01-10,32357.19535
2003-01-13,33154.85902
2003-01-14,33978.3726
2003-01-15,34110.43317
2003-01-16,34894.32729
2003-01-17,34985.28747
2003-01-21,35714.16706
2003-01-22,35424.3797
2003-01-23,34150.3625
2003-01-24,34797.66566
2003-01-27,34245.89195
2003-01-28,34668.02561
2003-01-29,34649.55377
2003-01-30,35129.0384
2003-01-31,34583.56623
2003-02-03,34346.86188
2003-02-04,34009.60172
2003-02-05,34630.34276
2003-02-06,34783.92316
2003-02-07,35858.89121
2003-02-10,35917.03388
2003-02-11,35735.74878
2003-02-12,35381.93289
2003-02-13,35350.03397
2003-02-14,35513.6492
2003-02-18,35886.28856
2003-02-19,35741.29361
2003-02-20,34424.14175
2003-02-21,34994.64072
2003-02-24,36618.34517
2003-02-25,35455.6187
2003-02-26,36976.03171
2003-02-27,36128.22894
2003-02-28,36840.78291
2003-03-03,35478.41406
2003-03-04,35889.86343
2003-03-05,35405.89325
2003-03-06,35599.52521
2003-03-07,36237.61676
2003-03-10,35351.70327
2003-03-11,34776.3959
2003-03-12,35481.33349
2003-03-13,34799.47091
2003-03-14,34204.16288
2003-03-17,33802.76385
2003-03-18,32077.01213
2003-03-19,31655.53357
2003-03-20,30810.13674
2003-03-21,30095.77361
2003-03-24,30799.64936
2003-03-25,29743.07992
2003-03-26,29682.19473
2003-03-27,30822.71701
2003-03-28,30669.94747
2003-03-31,30790.60987
2003-04-01,30106.32955
2003-04-02,29708.0389
2003-04-03,29493.59471
2003-04-04,29497.90675
2003-04-07,29823.80095
2003-04-08,29843.901
2003-04-09,29972.58798
2003-04-10,28960.46419
2003-04-11,29202.19756
2003-04-14,29306.76539
2003-04-15,29292.67027
2003-04-16,29256.9565
2003-04-17,29557.40352
2003-04-21,29922.64175
2003-04-22,29066.66622
2003-04-23,27721.07097
2003-04-24,27180.4829
2003-04-25,26885.35515
2003-04-28,25972.56063
2003-04-29,25780.25278
2003-04-30,26778.12368
2003-05-01,26520.16099
2003-05-02,27122.64002
2003-05-05,26886.97513
2003-05-06,26605.33815
2003-05-07,27114.74743
2003-05-08,27336.63947
2003-05-09,28045.86194
2003-05-12,28323.927
2003-05-13,29141.82096
2003-05-14,30538.34221
2003-05-15,32231.06957
2003-05-16,30823.76756
2003-05-19,31305.45658
2003-05-20,30598.74464
2003-05-21,31090.64003
2003-05-22,31038.15287
2003-05-23,31478.45041
2003-05-27,32265.90142
2003-05-28,32238.68145
2003-05-29,32107.39185
2003-05-30,32414.02666
2003-06-02,32753.06823
2003-06-03,32847.66255
2003-06-04,32943.92018
2003-06-05,32516.51133
2003-06-06,33366.33112
2003-06-09,32782.47451
2003-06-10,33219.69715
2003-06-11,33202.37146
2003-06-12,31680.47097
2003-06-13,31255.43968
2003-06-16,30941.98324
2003-06-17,31306.16828
2003-06-18,31332.31277
2003-06-19,31375.71987
2003-06-20,31658.85829
2003-06-23,31564.83667
2003-06-24,30684.95061
2003-06-25,31069.88485
2003-06-26,29745.43455
2003-06-27,29519.88442
2003-06-30,30088.17574
2003-07-01,30001.8495
2003-07-02,29741.52881
2003-07-03,30229.84569
2003-07-07,30195.91875
2003-07-08,30986.49515
2003-07-09,31199.10865
2003-07-10,30740.19587
2003-07-11,31070.39377
2003-07-14,31028.18421
2003-07-15,31228.0515
2003-07-16,31270.67953
2003-07-17,31187.93584
2003-07-18,31300.477
2003-07-21,31121.87691
2003-07-22,29923.40081
2003-07-23,29813.65133
2003-07-24,30147.39675
2003-07-25,29808.41902
2003-07-28,29498.14204
2003-07-29,29520.34189
2003-07-30,29773.7196
2003-07-31,29796.31838
2003-08-01,31318.10625
2003-08-04,30967.38653
2003-08-05,31035.62667
2003-08-06,30525.79183
2003-08-07,30859.5392
2003-08-08,31195.50783
2003-08-11,30968.69073
2003-08-12,31286.95363
2003-08-13,30765.47155
2003-08-14,30367.31494
2003-08-15,30331.76967
2003-08-18,30227.8625
2003-08-19,30391.56642
2003-08-20,30871.86791
2003-08-21,31977.38036
2003-08-22,31887.90211
2003-08-25,31675.48048
2003-08-26,31057.92827
2003-08-27,30698.24109
2003-08-28,30912.11536
2003-08-29,30950.70328
2003-09-02,29463.23235
2003-09-03,29413.03037
2003-09-04,29502.86731
2003-09-05,30024.2378
2003-09-08,30311.62748
2003-09-09,30217.56456
2003-09-10,30145.98888
2003-09-11,29759.60979
2003-09-12,29316.88697
2003-09-15,29385.08925
2003-09-16,29443.02265
2003-09-17,28607.13161
2003-09-18,28284.96955
2003-09-19,28237.14777
2003-09-22,27970.45661
2003-09-23,27629.6919
2003-09-24,28123.04057
2003-09-25,28051.185
2003-09-26,28335.381
2003-09-29,28484.59262
2003-09-30,28059.62229
2003-10-01,28071.47147
2003-10-02,28055.2328
2003-10-03,28798.87503
2003-10-06,28641.44821
2003-10-07,28556.98789
2003-10-08,28513.42226
2003-10-09,29756.59388
2003-10-10,30481.55931
2003-10-13,30683.38937
2003-10-14,30243.00349
2003-10-15,30451.75944
2003-10-16,30309.70502
2003-10-17,30387.79126
2003-10-20,30005.29049
2003-10-21,29821.86247
2003-10-22,29071.25353
2003-10-23,29421.72979
2003-10-24,28964.59402
2003-10-27,28644.64323
2003-10-28,28808.41223
2003-10-29,28520.58161
2003-10-30,28037.1608
2003-10-31,28487.23121
2003-11-03,28279.46336
2003-11-04,28131.05123
2003-11-05,29186.73229
2003-11-06,29234.14143
2003-11-07,29354.72542
2003-11-10,29395.55855
2003-11-11,29637.2623
2003-11-12,29448.65631
2003-11-13,29022.29194
2003-11-14,29461.30509
2003-11-17,29013.37374
2003-11-18,29209.96951
2003-11-19,28711.63533
2003-11-20,28188.28499
2003-11-21,28043.25617
2003-11-24,27326.48083
2003-11-25,27316.19744
2003-11-26,27007.50646
2003-11-28,27040.67355
2003-12-01,27163.30085
2003-12-02,27438.56652
2003-12-03,27394.41206
2003-12-04,27826.71135
2003-12-05,27704.74476
2003-12-08,29524.48558
2003-12-09,28919.94312
2003-12-10,29284.32491
2003-12-11,28645.91286
2003-12-12,29436.17012
2003-12-15,29263.41431
2003-12-16,29220.88585
2003-12-17,30391.86522
2003-12-18,31187.16754
2003-12-19,32029.7828
2003-12-22,30966.19004
2003-12-23,30816.66959
2003-12-24,30235.3477
2003-12-26,30095.59759
2003-12-29,30148.35553
2003-12-30,30032.40089
2003-12-31,30129.701
2004-01-02,29533.74714
2004-01-05,29835.4715
2004-01-06,30363.01513
2004-01-07,30706.83928
2004-01-08,31176.57125
2004-01-09,32015.6146
2004-01-12,33261.72892
2004-01-13,32353.81799
2004-01-14,33136.16488
2004-01-15,33146.4126
2004-01-16,33978.89361
2004-01-20,33859.53987
2004-01-21,33808.19513
2004-01-22,33545.8966
2004-01-23,33860.1002
2004-01-26,33299.73917
2004-01-27,32757.76772
2004-01-28,31581.84328
2004-01-29,31912.06892
2004-01-30,31893.54342
2004-02-02,32664.19604
2004-02-03,31779.63162
2004-02-04,31010.62895
2004-02-05,31464.43164
2004-02-06,31112.15814
2004-02-09,31068.62651
2004-02-10,31334.70861
2004-02-11,31237.30171
2004-02-12,30509.98494
2004-02-13,30806.07606
2004-02-17,30692.10785
2004-02-18,30806.7525
2004-02-19,31146.32611
2004-02-20,31191.86553
2004-02-23,30798.69804
2004-02-24,30716.38495
2004-02-25,31698.6659
2004-02-26,31930.94966
2004-02-27,32122.85397
2004-03-01,32525.54936
2004-03-02,32944.80636
2004-03-03,32945.39408
2004-03-04,33058.65907
2004-03-05,32349.60747
2004-03-08,31655.87113
2004-03-09,31292.8731
2004-03-10,31600.50837
2004-03-11,32376.27469
2004-03-12,32393.88559
2004-03-15,32997.17306
2004-03-16,33292.36
2004-03-17,33757.87478
2004-03-18,33417.13689
2004-03-19,33355.12246
2004-03-22,32460.89454
2004-03-23,32818.45429
2004-03-24,32737.93165
2004-03-25,31852.79388
2004-03-26,31949.23101
2004-03-29,31067.9589
2004-03-30,31454.66046
2004-03-31,31244.23875
2004-04-01,30809.28809
2004-04-02,31101.7527
2004-04-05,30986.37701
2004-04-06,30870.85002
2004-04-07,31443.12078
2004-04-08,32029.05732
2004-04-12,32082.63596
2004-04-13,32803.90638
2004-04-14,33275.81934
2004-04-15,33250.174
2004-04-16,32423.25541
2004-04-19,32589.60191
2004-04-20,32365.87084
2004-04-21,32945.77511
2004-04-22,34060.03673
2004-04-23,33299.90464
2004-04-26,33530.08892
2004-04-27,33782.86469
2004-04-28,35131.84516
2004-04-29,34968.90041
2004-04-30,35459.17171
2004-05-03,36188.88956
2004-05-04,36541.24741
2004-05-05,36286.78281
2004-05-06,36609.51732
2004-05-07,37616.68774
2004-05-10,36732.36875
2004-05-11,36779.78812
2004-05-12,36907.63737
2004-05-13,37383.68952
2004-05-14,36556.11693
2004-05-17,36525.70161
2004-05-18,35904.00309
2004-05-19,36640.85244
2004-05-20,36283.29541
2004-05-21,35712.86612
2004-05-24,36673.13267
2004-05-25,35848.09597
2004-05-26,35749.02601
2004-05-27,34741.82647
2004-05-28,34794.62754
2004-06-01,35855.17119
2004-06-02,34935.93024
2004-06-03,34142.64524
2004-06-04,33583.06673
2004-06-07,33852.00398
2004-06-08,33654.26975
2004-06-09,34013.94135
2004-06-10,33524.59569
2004-06-14,33847.97841
2004-06-15,32950.21081
2004-06-16,33374.44903
2004-06-17,34125.37846
2004-06-18,33454.18731
2004-06-21,32476.39984
2004-06-22,32635.85804
2004-06-23,32203.42198
2004-06-24,32860.33081
2004-06-25,32518.28254
2004-06-28,30961.70745
2004-06-29,31015.98264
2004-06-30,31608.29742
2004-07-01,32402.47909
2004-07-02,31798.3674
2004-07-06,32981.0401
2004-07-07,32107.96341
2004-07-08,32176.98648
2004-07-09,32409.46378
2004-07-12,31714.75123
2004-07-13,31915.89558
2004-07-14,32456.17441
2004-07-15,32346.13024
2004-07-16,31642.38
2004-07-19,31519.21512
2004-07-20,31238.13223
2004-07-21,31926.28853
2004-07-22,32306.89377
2004-07-23,33333.68631
2004-07-26,33104.68905
2004-07-27,33715.0822
2004-07-28,34020.18826
2004-07-29,33931.20084
2004-07-30,34377.50051
2004-08-02,34465.42866
2004-08-03,34153.62739
2004-08-04,33501.82474
2004-08-05,34203.80667
2004-08-06,33188.13656
2004-08-09,33530.34667
2004-08-10,33632.13745
2004-08-11,33843.73092
2004-08-12,35487.9283
2004-08-13,36288.18668
2004-08-16,36567.05788
2004-08-17,36266.24552
2004-08-18,36430.93254
2004-08-19,37912.50857
2004-08-20,37156.6684
2004-08-23,37371.39373
2004-08-24,37270.86658
2004-08-25,35843.93175
2004-08-26,35141.72288
2004-08-27,35819.15693
2004-08-30,35431.50188
2004-08-31,34953.72652
2004-09-01,35710.54149
2004-09-02,35234.41726
2004-09-03,35354.61828
2004-09-07,35085.72028
2004-09-08,34844.56071
2004-09-09,36046.01364
2004-09-10,34578.80223
2004-09-13,35175.9939
2004-09-14,35193.63171
2004-09-15,35139.34294
2004-09-16,35126.92691
2004-09-17,35997.86112
2004-09-20,35982.95752
2004-09-21,36470.15745
2004-09-22,37560.48194
2004-09-23,37123.36173
2004-09-24,37024.91001
2004-09-27,37275.26843
2004-09-28,37624.86148
2004-09-29,38062.1243
2004-09-30,38246.14539
2004-10-01,38483.87538
2004-10-04,38214.44357
2004-10-05,39399.72702
2004-10-06,39765.18561
2004-10-07,40678.55276
2004-10-08,40746.29831
2004-10-11,40887.23834
2004-10-12,40438.39537
2004-10-13,40793.43135
2004-10-14,40725.46723
2004-10-15,40326.5701
2004-10-18,39191.46899
2004-10-19,38960.45912
2004-10-20,40012.03741
2004-10-21,39696.02561
2004-10-22,39599.53774
2004-10-25,39620.14888
2004-10-26,40547.56236
2004-10-27,38510.78061
2004-10-28,37208.52986
2004-10-29,37743.48376
2004-11-01,36766.44621
2004-11-02,36760.08426
2004-11-03,36969.63969
2004-11-04,35920.69177
2004-11-05,36155.73321
2004-11-08,36379.65526
2004-11-09,35367.20704
2004-11-10,36521.54829
2004-11-11,35707.37875
2004-11-12,35089.13541
2004-11-15,34756.81087
2004-11-16,34186.98074
2004-11-17,34493.70359
2004-11-18,34552.35015
2004-11-19,35352.37793
2004-11-22,35027.9156
2004-11-23,35079.78292
2004-11-24,35590.22175
2004-11-26,34896.42138
2004-11-29,34332.41493
2004-11-30,34089.06372
2004-12-01,32331.62283
2004-12-02,30980.97956
2004-12-03,30507.06167
2004-12-06,30504.67683
2004-12-07,29935.64011
2004-12-08,30508.18008
2004-12-09,30863.28131
2004-12-10,30006.38032
2004-12-13,30156.67938
2004-12-14,30511.6377
2004-12-15,31496.53268
2004-12-16,31538.52201
2004-12-17,32632.07415
2004-12-20,31731.09951
2004-12-21,31510.36138
2004-12-22,30746.58281
2004-12-23,30507.5747
2004-12-27,29122.77611
2004-12-28,29369.99566
2004-12-29,30138.24272
2004-12-30,29882.61389
2004-12-31,29892.20755
2005-01-03,29302.8621
2005-01-04,30767.0204
2005-01-05,30836.40992
2005-01-06,32979.50427
2005-01-07,32886.62147
2005-01-10,32366.951
2005-01-11,32352.16778
2005-01-12,32540.42695
2005-01-13,33887.55271
2005-01-14,33882.95706
2005-01-18,33939.1123
2005-01-19,33693.90349
2005-01-20,33664.921
2005-01-21,33616.61755
2005-01-24,33783.64366
2005-01-25,34299.69155
2005-01-26,33880.8323
2005-01-27,33759.75737
2005-01-28,33020.13872
2005-01-31,33561.8915
2005-02-01,33536.97238
2005-02-02,33226.4626
2005-02-03,33463.58154
2005-02-04,33615.34399
2005-02-07,33224.41194
2005-02-08,33561.33359
2005-02-09,33658.93294
2005-02-10,33961.89523
2005-02-11,33686.54559
2005-02-14,33562.38901
2005-02-15,33153.42529
2005-02-16,33680.01407
2005-02-17,33101.48034
2005-02-18,33382.19925
2005-02-22,33889.32673
2005-02-23,34170.023
2005-02-24,34301.34362
2005-02-25,34532.96974
2005-02-28,34753.50042
2005-03-01,34960.4676
2005-03-02,36038.65654
2005-03-03,36573.36918
2005-03-04,35908.27082
2005-03-07,35986.13128
2005-03-08,36102.79593
2005-03-09,36166.97284
2005-03-10,36210.88015
2005-03-11,36402.4507
2005-03-14,37644.86542
2005-03-15,38766.09029
2005-03-16,39136.49349
2005-03-17,39143.54029
2005-03-18,38996.16918
2005-03-21,39411.58119
2005-03-22,38750.10504
2005-03-23,38736.28622
2005-03-24,39221.46511
2005-03-28,39629.96365
2005-03-29,39734.41453
2005-03-30,39496.77943
2005-03-31,40181.74266
2005-04-01,40954.3682
2005-04-04,40796.03716
2005-04-05,40021.34739
2005-04-06,39374.66953
2005-04-07,38471.49831
2005-04-08,38021.78477
2005-04-11,38214.51681
2005-04-12,37675.67479
2005-04-13,36656.59849
2005-04-14,37765.13917
2005-04-15,37447.29723
2005-04-18,37019.81452
2005-04-19,37868.80588
2005-04-20,37583.75673
2005-04-21,37578.3822
2005-04-22,37897.13744
2005-04-25,37727.20093
2005-04-26,37817.00361
2005-04-27,36400.58723
2005-04-28,36730.12096
2005-04-29,35575.10028
2005-05-02,36101.79586
2005-05-03,35487.93497
2005-05-04,34987.97433
2005-05-05,35021.6249
2005-05-06,35414.62322
2005-05-09,36220.66774
2005-05-10,36644.97072
2005-05-11,36039.09337
2005-05-12,35687.52495
2005-05-13,35842.75115
2005-05-16,35920.92906
2005-05-17,36497.27125
2005-05-18,35879.45258
2005-05-19,35726.34612
2005-05-20,36419.54115
2005-05-23,36805.49745
2005-05-24,37218.80097
2005-05-25,37404.14627
2005-05-26,38094.63044
2005-05-27,38167.58125
2005-05-31,39336.85308
2005-06-01,41860.37052
2005-06-02,40828.5161
2005-06-03,42087.29272
2005-06-06,41269.91113
2005-06-07,40485.07742
2005-06-08,40286.03854
2005-06-09,41184.66392
2005-06-10,40762.85607
2005-06-13,42422.48862
2005-06-14,42213.77293
2005-06-15,42051.32824
2005-06-16,42135.66478
2005-06-17,42427.10517
2005-06-20,43192.57138
2005-06-21,42849.01323
2005-06-22,42466.57285
2005-06-23,43237.69636
2005-06-24,43019.92226
2005-06-27,42875.84253
2005-06-28,41664.06374
2005-06-29,41442.13499
2005-06-30,41062.95152
2005-07-01,43285.20328
2005-07-05,44443.31926
2005-07-06,45514.36453
2005-07-07,44970.13474
2005-07-08,44586.31634
2005-07-11,42964.66359
2005-07-12,42821.9213
2005-07-13,43468.45021
2005-07-14,42140.97287
2005-07-15,42531.64983
2005-07-18,42011.29934
2005-07-19,42390.05306
2005-07-20,41879.65074
2005-07-21,40680.43079
2005-07-22,41815.6918
2005-07-25,41925.80913
2005-07-26,42449.73339
2005-07-27,42315.65812
2005-07-28,42499.48042
2005-07-29,42686.85218
2005-08-01,42975.08285
2005-08-02,43448.85616
2005-08-03,42350.92227
2005-08-04,42582.49594
2005-08-05,43301.80691
2005-08-08,43913.67172
2005-08-09,43570.93373
2005-08-10,44213.26321
2005-08-11,44493.01223
2005-08-12,44922.74101
2005-08-15,45249.96076
2005-08-16,45174.51695
2005-08-17,44070.11159
2005-08-18,44087.847
2005-08-19,45193.54166
2005-08-22,44937.90928
2005-08-23,45133.54873
2005-08-24,45846.28705
2005-08-25,45891.89333
2005-08-26,45229.85232
2005-08-29,46650.43376
2005-08-30,49183.94173
2005-08-31,47658.39047
2005-09-01,48133.92154
2005-09-02,46472.18327
2005-09-06,46209.37524
2005-09-07,45175.36408
2005-09-08,45178.22007
2005-09-09,44719.79198
2005-09-12,44456.77051
2005-09-13,44343.93389
2005-09-14,45193.01337
2005-09-15,45378.62321
2005-09-16,44158.47617
2005-09-19,47328.59583
2005-09-20,46411.14554
2005-09-21,46673.97426
2005-09-22,46746.4591
2005-09-23,45638.14225
2005-09-26,46856.18028
2005-09-27,47317.78577
2005-09-28,48268.13065
2005-09-29,48052.42773
2005-09-30,47468.92287
2005-10-03,47818.88677
2005-10-04,47253.89192
2005-10-05,47332.64738
2005-10-06,46040.02259
2005-10-07,46293.82464
2005-10-10,45963.2013
2005-10-11,47039.51713
2005-10-12,47460.37739
2005-10-13,47245.71809
2005-10-14,46210.01662
2005-10-17,46990.7195
2005-10-18,46596.74515
2005-10-19,46010.29935
2005-10-20,45281.9404
2005-10-21,45517.88755
2005-10-24,45257.18302
2005-10-25,46856.67872
2005-10-26,46454.1107
2005-10-27,46509.61227
2005-10-28,46220.78944
2005-10-31,44949.89203
2005-11-01,44595.36025
2005-11-02,44084.78645
2005-11-03,44956.26266
2005-11-04,44897.40323
2005-11-07,44768.786
2005-11-08,44773.51376
2005-11-09,44531.06306
2005-11-10,43735.53991
2005-11-11,43969.45088
2005-11-14,44042.85743
2005-11-15,43757.30999
2005-11-16,44240.88671
2005-11-17,43466.62282
2005-11-18,42820.25267
2005-11-21,42671.0882
2005-11-22,43102.25
2005-11-23,42241.55206
2005-11-25,42021.05382
2005-11-28,41255.50055
2005-11-29,40999.99069
2005-11-30,41685.56901
2005-12-01,42564.49826
2005-12-02,42765.69737
2005-12-05,42836.20965
2005-12-06,42202.37004
2005-12-07,42326.59734
2005-12-08,43696.44123
2005-12-09,43238.98929
2005-12-12,43852.88172
2005-12-13,44093.71853
2005-12-14,43911.04916
2005-12-15,43674.47152
2005-12-16,42686.20481
2005-12-19,42051.98664
2005-12-20,42117.15998
2005-12-21,42560.5304
2005-12-22,41902.17772
2005-12-23,41420.44083
2005-12-27,40714.25242
2005-12-28,41660.35395
2005-12-29,41496.8971
2005-12-30,42004.46107
2006-01-03,41947.347
2006-01-04,41483.46021
2006-01-05,40823.48045
2006-01-06,40984.70954
2006-01-09,40143.74619
2006-01-10,40414.37265
2006-01-11,40011.03396
2006-01-12,40015.61436
2006-01-13,39590.76924
2006-01-17,40978.75091
2006-01-18,40533.35076
2006-01-19,40610.02524
2006-01-20,41529.47481
2006-01-23,40983.30643
2006-01-24,41043.07601
2006-01-25,40457.80734
2006-01-26,41112.12332
2006-01-27,41910.43253
2006-01-30,42693.73264
2006-01-31,41981.39104
2006-02-01,41442.33687
2006-02-02,40436.94957
2006-02-03,41022.71464
2006-02-06,40626.43416
2006-02-07,39966.79585
2006-02-08,39943.72746
2006-02-09,39384.76649
2006-02-10,38709.1006
2006-02-13,38547.62311
2006-02-14,37706.12687
2006-02-15,36889.87434
2006-02-16,37134.46194
2006-02-17,37418.89402
2006-02-21,38409.82888
2006-02-22,37797.80432
2006-02-23,37823.30697
2006-02-24,38669.35617
2006-02-27,38085.10421
2006-02-28,38313.82642
2006-03-01,38632.5448
2006-03-02,39124.37823
2006-03-03,39739.83817
2006-03-06,39237.57451
2006-03-07,38929.61881
2006-03-08,38589.47099
2006-03-09,38710.49287
2006-03-10,38405.39894
2006-03-13,39216.20157
2006-03-14,39801.2391
2006-03-15,39131.47119
2006-03-16,39570.5553
2006-03-17,39447.44729
2006-03-20,39165.30664
2006-03-21,39441.49695
2006-03-22,39092.88461
2006-03-23,39978.22719
2006-03-24,39931.99446
2006-03-27,40006.52611
2006-03-28,40713.33387
2006-03-29,41240.52088
2006-03-30,40855.31572
2006-03-31,40195.82994
2006-04-03,40161.18701
2006-04-04,39307.84807
2006-04-05,39801.4066
2006-04-06,40459.26107
2006-04-07,40482.15703
2006-04-10,41398.62185
2006-04-11,41564.27512
2006-04-12,41710.94836
2006-04-13,41947.6372
2006-04-17,42384.92823
2006-04-18,42951.6582
2006-04-19,43043.53272
2006-04-20,43233.51517
2006-04-21,43502.63955
2006-04-24,43024.06326
2006-04-25,43110.12306
2006-04-26,43377.92629
2006-04-27,42461.88055
2006-04-28,41843.76011
2006-05-01,42503.9691
2006-05-02,43298.21918
2006-05-03,42262.39704
2006-05-04,41760.75085
2006-05-05,41955.16139
2006-05-08,41685.79916
2006-05-09,42230.95679
2006-05-10,43343.88343
2006-05-11,43981.5408
2006-05-12,44494.04815
2006-05-15,44185.14358
2006-05-16,43957.32732
2006-05-17,43669.34375
2006-05-18,44413.43464
2006-05-19,44024.04415
2006-05-22,44948.39176
2006-05-23,45529.44087
2006-05-24,45337.20154
2006-05-25,45287.7325
2006-05-26,45349.45884
2006-05-30,45819.52321
2006-05-31,46260.51557
2006-06-01,45742.90546
2006-06-02,46613.19885
2006-06-05,46487.9473
2006-06-06,47115.70792
2006-06-07,45962.64088
2006-06-08,46033.89218
2006-06-09,46132.23985
2006-06-12,45939.75486
2006-06-13,45202.07355
2006-06-14,45476.57404
2006-06-15,46703.43307
2006-06-16,46502.20417
2006-06-19,46429.28747
2006-06-20,46998.83944
2006-06-21,48006.99924
2006-06-22,49376.22831
2006-06-23,50119.32552
2006-06-26,50167.80331
2006-06-27,49742.30161
2006-06-28,49340.24101
2006-06-29,50575.88747
2006-06-30,49975.81914
2006-07-03,49321.42838
2006-07-05,50921.31556
2006-07-06,50654.53094
2006-07-07,49584.69491
2006-07-10,49350.3701
2006-07-11,49859.40071
2006-07-12,50553.17692
2006-07-13,51672.07235
2006-07-14,52344.57766
2006-07-17,51132.44697
2006-07-18,50048.14321
2006-07-19,48931.68166
2006-07-20,48112.36858
2006-07-21,48596.95605
2006-07-24,48983.90839
2006-07-25,48430.285
2006-07-26,48489.89041
2006-07-27,47861.40799
2006-07-28,47773.41761
2006-07-31,49273.69724
2006-08-01,49613.62716
2006-08-02,49786.429
2006-08-03,48825.83479
2006-08-04,48412.76382
2006-08-07,48921.26626
2006-08-08,48956.78763
2006-08-09,48466.54362
2006-08-10,47739.90918
2006-08-11,47554.44175
2006-08-14,47194.01753
2006-08-15,47184.84578
2006-08-16,45977.88221
2006-08-17,45296.57561
2006-08-18,46954.02329
2006-08-21,47796.53542
2006-08-22,48576.80736
2006-08-23,48041.32265
2006-08-24,48597.67286
2006-08-25,48643.60124
2006-08-28,47644.88927
2006-08-29,47035.36966
2006-08-30,46701.38223
2006-08-31,47575.1971
2006-09-01,46880.25549
2006-09-05,46585.02598
2006-09-06,46994.3164
2006-09-07,46906.71984
2006-09-08,46348.74806
2006-09-11,45808.15545
2006-09-12,44680.5776
2006-09-13,44351.74308
2006-09-14,44123.9565
2006-09-15,43866.29763
2006-09-18,43547.04489
2006-09-19,43198.44409
2006-09-20,42486.90996
2006-09-21,44173.01362
2006-09-22,43824.11592
2006-09-25,44387.37024
2006-09-26,44166.46939
2006-09-27,44716.55404
2006-09-28,45088.90129
2006-09-29,45736.21536
2006-10-02,44693.60913
2006-10-03,44488.9539
2006-10-04,45106.01373
2006-10-05,45190.26041
2006-10-06,45258.66278
2006-10-09,45885.56548
2006-10-10,44792.36344
2006-10-11,43972.31224
2006-10-12,43164.65641
2006-10-13,43341.80294
2006-10-16,44598.34326
2006-10-17,44722.96985
2006-10-18,44024.71259
2006-10-19,44170.04922
2006-10-20,43820.80523
2006-10-23,44344.98808
2006-10-24,44907.43847
2006-10-25,45354.26394
2006-10-26,44243.34021
2006-10-27,43890.17819
2006-10-30,43012.66651
2006-10-31,42409.6727
2006-11-01,42505.27208
2006-11-02,42586.74472
2006-11-03,42847.32516
2006-11-06,43191.80279
2006-11-07,42453.19907
2006-11-08,42865.99024
2006-11-09,43129.82665
2006-11-10,42004.09919
2006-11-13,41814.68253
2006-11-14,41807.74543
2006-11-15,42131.37415
2006-11-16,40941.67286
2006-11-17,41509.63231
2006-11-20,41254.27018
2006-11-21,41854.96141
2006-11-22,40950.29684
2006-11-24,41333.05921
2006-11-27,41610.93319
2006-11-28,42134.00291
2006-11-29,42782.34169
2006-11-30,43329.06325
2006-12-01,43264.76009
2006-12-04,42443.62522
2006-12-05,42113.6965
2006-12-06,41638.08854
2006-12-07,41214.99817
2006-12-08,41211.9019
2006-12-11,40695.6289
2006-12-12,40402.09149
2006-12-13,40440.20321
2006-12-14,40847.29362
2006-12-15,41115.52072
2006-12-18,40567.09118
2006-12-19,40757.68089
2006-12-20,40152.08207
2006-12-21,40322.47896
2006-12-22,40341.6098
2006-12-26,39752.32763
2006-12-27,39643.81633
2006-12-28,39331.21788
2006-12-29,39325.39334
2007-01-02,38716.36157
2007-01-03,37628.84911
2007-01-04,37322.07593
2007-01-05,38072.70535
2007-01-08,38163.40906
2007-01-09,38414.14085
2007-01-10,38078.06906
2007-01-11,36943.32137
2007-01-12,37326.38187
2007-01-16,36666.78404
2007-01-17,36597.29566
2007-01-18,36025.77443
2007-01-19,36972.29728
2007-01-22,36933.31901
2007-01-23,37979.01434
2007-01-24,38131.51392
2007-01-25,38063.70473
2007-01-26,38812.28961
2007-01-29,38146.62376
2007-01-30,39500.45441
2007-01-31,39731.39806
2007-02-01,39090.44396
2007-02-02,39620.93184
2007-02-05,39694.88914
2007-02-06,39656.32533
2007-02-07,39057.27108
2007-02-08,39809.52423
2007-02-09,40062.49053
2007-02-12,39483.46619
2007-02-13,40150.33193
2007-02-14,39293.53134
2007-02-15,39506.57141
2007-02-16,39952.19927
2007-02-20,39262.87047
2007-02-21,39900.55323
2007-02-22,40365.33351
2007-02-23,40629.29955
2007-02-26,40825.71696
2007-02-27,41437.70129
2007-02-28,41587.77385
2007-03-01,41865.10119
2007-03-02,42136.95658
2007-03-05,41782.40527
2007-03-06,41911.60133
2007-03-07,42554.59433
2007-03-08,42265.32486
2007-03-09,41206.82181
2007-03-12,40849.63003
2007-03-13,41414.60841
2007-03-14,41463.46056
2007-03-15,41041.0668
2007-03-16,41392.33217
2007-03-19,41060.31729
2007-03-20,40741.45355
2007-03-21,40690.99486
2007-03-22,40739.98783
2007-03-23,40993.73544
2007-03-26,41386.28789
2007-03-27,41608.70675
2007-03-28,42693.63175
2007-03-29,43123.17019
2007-03-30,43204.00671
2007-04-02,42913.60477
2007-04-03,41961.20124
2007-04-04,42280.50159
2007-04-05,42153.9103
2007-04-09,41242.61313
2007-04-10,41793.85182
2007-04-11,41835.83188
2007-04-12,42515.10626
2007-04-13,42703.0516
2007-04-16,41650.41955
2007-04-17,41006.64065
2007-04-18,40932.59417
2007-04-19,40598.07265
2007-04-20,40838.02364
2007-04-23,41819.36486
2007-04-24,41134.68801
2007-04-25,41363.74416
2007-04-26,40996.43046
2007-04-27,41947.21809
2007-04-30,41426.08178
2007-05-01,41245.77648
2007-05-02,40869.73952
2007-05-03,40634.32017
2007-05-04,40250.30131
2007-05-07,39505.5599
2007-05-08,39770.80291
2007-05-09,39450.91423
2007-05-10,40360.7941
2007-05-11,40601.07673
2007-05-14,40108.27509
2007-05-15,40282.93625
2007-05-16,40499.40559
2007-05-17,41533.80084
2007-05-18,41299.19529
2007-05-21,41772.34148
2007-05-22,41320.39091
2007-05-23,41436.88752
2007-05-24,41569.52394
2007-05-25,41689.79359
2007-05-29,41060.66829
2007-05-30,41398.92583
2007-05-31,41415.57987
2007-06-01,41697.75843
2007-06-04,42524.39944
2007-06-05,42575.93807
2007-06-06,42769.90983
2007-06-07,42987.55663
2007-06-08,42310.36581
2007-06-11,42536.71876
2007-06-12,42320.66269
2007-06-13,42879.88901
2007-06-14,43379.15739
2007-06-15,43292.60997
2007-06-18,43215.80284
2007-06-19,42722.70268
2007-06-20,42748.1061
2007-06-21,42813.8002
2007-06-22,42852.90723
2007-06-25,42786.3855
2007-06-26,42317.66445
2007-06-27,42705.34362
2007-06-28,42133.33371
2007-06-29,42351.24555
2007-07-02,42050.62976
2007-07-03,42273.77297
2007-07-05,42782.9469
2007-07-06,42995.39596
2007-07-09,42705.70776
2007-07-10,43292.84597
2007-07-11,43454.30277
2007-07-12,43063.27896
2007-07-13,43538.46437
2007-07-16,43001.42138
2007-07-17,42809.61247
2007-07-18,43533.60219
2007-07-19,43339.30543
2007-07-20,43348.99837
2007-07-23,42198.7439
2007-07-24,41838.90456
2007-07-25,42797.18662
2007-07-26,43365.25914
2007-07-27,44381.27126
2007-07-30,44619.65002
2007-07-31,44821.64582
2007-08-01,44616.52125
2007-08-02,44278.30492
2007-08-03,43818.09456
2007-08-06,42493.5243
2007-08-07,42680.67735
2007-08-08,42288.63449
2007-08-09,42812.78671
2007-08-10,43103.88471
2007-08-13,43193.8346
2007-08-14,44075.09474
2007-08-15,44843.95569
2007-08-16,44710.37195
2007-08-17,44284.05021
2007-08-20,43642.40739
2007-08-21,42941.03116
2007-08-22,42291.1827
2007-08-23,42793.14977
2007-08-24,42767.49654
2007-08-27,43002.57417
2007-08-28,43140.20264
2007-08-29,43573.55436
2007-08-30,43043.06841
2007-08-31,43443.19004
2007-09-04,44289.97179
2007-09-05,44778.50739
2007-09-06,44729.31439
2007-09-07,45018.83342
2007-09-10,45553.00867
2007-09-11,45678.58735
2007-09-12,46106.30032
2007-09-13,45957.42509
2007-09-14,46115.4924
2007-09-17,46923.25429
2007-09-18,47074.80401
2007-09-19,46650.61644
2007-09-20,46830.18263
2007-09-21,46611.53088
2007-09-24,46424.25585
2007-09-25,45920.92162
2007-09-26,45837.42128
2007-09-27,46481.06627
2007-09-28,45996.28731
2007-10-01,45485.42872
2007-10-02,45660.75349
2007-10-03,45527.55646
2007-10-04,45987.09433
2007-10-05,45200.81276
2007-10-08,44339.7713
2007-10-09,44791.42583
2007-10-10,45382.09336
2007-10-11,44898.08837
2007-10-12,45370.19092
2007-10-15,46964.68075
2007-10-16,47433.55842
2007-10-17,47135.70294
2007-10-18,47559.08886
2007-10-19,47120.28548
2007-10-22,47209.66636
2007-10-23,45827.88244
2007-10-24,45995.80382
2007-10-25,46512.5604
2007-10-26,46568.64245
2007-10-29,47592.14037
2007-10-30,46577.69221
2007-10-31,47905.96998
2007-11-01,47883.81088
2007-11-02,48555.92051
2007-11-05,47929.96372
2007-11-06,48619.37162
2007-11-07,48005.61723
2007-11-08,48166.4045
2007-11-09,49249.48209
2007-11-12,49655.21142
2007-11-13,47963.39284
2007-11-14,47839.99023
2007-11-15,48462.4565
2007-11-16,48849.85227
2007-11-19,49448.02473
2007-11-20,50262.51211
2007-11-21,50803.25704
2007-11-23,51411.3535
2007-11-26,52140.30596
2007-11-27,51506.40838
2007-11-28,49349.75059
2007-11-29,49173.7586
2007-11-30,48038.60495
2007-12-03,48132.32684
2007-12-04,47939.99825
2007-12-05,47401.47634
2007-12-06,48101.98057
2007-12-07,47513.62228
2007-12-10,47001.3269
2007-12-11,47879.51371
2007-12-12,49761.03331
2007-12-13,49287.7842
2007-12-14,49936.70013
2007-12-17,49971.60843
2007-12-18,49670.01664
2007-12-19,50381.18678
2007-12-20,50977.47817
2007-12-21,51612.25348
2007-12-24,51425.79921
2007-12-26,52201.35561
2007-12-27,51482.32423
2007-12-28,50966.06786
2007-12-31,51230.01611
2008-01-02,52718.08318
2008-01-03,52838.95514
2008-01-04,52574.63495
2008-01-07,51773.6215
2008-01-08,52255.12414
2008-01-09,52027.62216
2008-01-10,50840.51277
2008-01-11,50165.28571
2008-01-14,50895.12447
2008-01-15,50641.20824
2008-01-16,50864.6284
2008-01-17,51189.89928
2008-01-18,51770.72405
2008-01-22,51330.90308
2008-01-23,50716.69095
2008-01-24,50872.03205
2008-01-25,52517.22962
2008-01-28,53310.14894
2008-01-29,53699.43152
2008-01-30,54688.43952
2008-01-31,55811.31807
2008-02-01,54204.19616
2008-02-04,54984.01961
2008-02-05,56008.00155
2008-02-06,55762.17832
2008-02-07,56506.79648
2008-02-08,59267.66062
2008-02-11,59559.89992
2008-02-12,58650.47677
2008-02-13,58921.68542
2008-02-14,59995.43253
2008-02-15,59759.45324
2008-02-19,61966.6625
2008-02-20,63619.78548
2008-02-21,62403.17767
2008-02-22,62539.96677
2008-02-25,62529.57739
2008-02-26,62313.6175
2008-02-27,61280.48146
2008-02-28,63305.39875
2008-02-29,64419.26678
2008-03-03,65028.52516
2008-03-04,64816.13008
2008-03-05,65921.88377
2008-03-06,67671.11426
2008-03-07,67629.2601
2008-03-10,69099.90286
2008-03-11,68075.9681
2008-03-12,68946.39106
2008-03-13,69592.37172
2008-03-14,69408.86857
2008-03-17,68197.11029
2008-03-18,69114.85936
2008-03-19,66474.77055
2008-03-20,66447.68973
2008-03-24,65971.7197
2008-03-25,65886.50607
2008-03-26,68082.06792
2008-03-27,68035.36362
2008-03-28,68382.82637
2008-03-31,66725.84262
2008-04-01,65267.23107
2008-04-02,65340.30915
2008-04-03,64348.82425
2008-04-04,66023.67806
2008-04-07,66671.20019
2008-04-08,66614.06003
2008-04-09,68739.38167
2008-04-10,68154.88732
2008-04-11,67974.09856
2008-04-14,69071.6944
2008-04-15,70796.31723
2008-04-16,71240.3927
2008-04-17,70264.63477
2008-04-18,70317.27901
2008-04-21,70250.02171
2008-04-22,70128.1228
2008-04-23,70342.7396
2008-04-24,69438.58604
2008-04-25,69609.19189
2008-04-28,69244.24226
2008-04-29,68103.44189
2008-04-30,67031.1609
2008-05-01,66765.49601
2008-05-02,68018.84405
2008-05-05,69569.87343
2008-05-06,70168.80948
2008-05-07,70649.89326
2008-05-08,71759.03654
2008-05-09,74218.38435
2008-05-12,72445.33075
2008-05-13,72862.87883
2008-05-14,72790.36058
2008-05-15,71950.44079
2008-05-16,71845.66816
2008-05-19,72001.17481
2008-05-20,74693.43616
2008-05-21,76700.6144
2008-05-22,75942.35428
2008-05-23,76366.75703
2008-05-27,76047.75267
2008-05-28,76059.9835
2008-05-29,72703.58852
2008-05-30,73466.02295
2008-06-02,75383.0345
2008-06-03,73664.92022
2008-06-04,73324.58346
2008-06-05,76571.73539
2008-06-06,81230.5844
2008-06-09,79753.83416
2008-06-10,79429.1297
2008-06-11,82643.14442
2008-06-12,83930.501
2008-06-13,83334.45842
2008-06-16,83463.64325
2008-06-17,82368.94039
2008-06-18,83646.98093
2008-06-19,80925.54015
2008-06-20,82476.82472
2008-06-23,83821.26433
2008-06-24,82986.16578
2008-06-25,80985.58226
2008-06-26,83887.43977
2008-06-27,83868.66204
2008-06-30,82574.976
2008-07-01,84139.87875
2008-07-02,84686.9985
2008-07-03,84520.21152
2008-07-07,82082.44227
2008-07-08,79422.42655
2008-07-09,78713.3411
2008-07-10,81493.30259
2008-07-11,82544.05236
2008-07-14,81749.93417
2008-07-15,78913.1763
2008-07-16,77098.21502
2008-07-17,73806.04105
2008-07-18,74019.36377
2008-07-21,74201.4321
2008-07-22,71977.40843
2008-07-23,70578.1125
2008-07-24,71761.25302
2008-07-25,70054.96256
2008-07-28,70152.56119
2008-07-29,67809.88106
2008-07-30,69555.62383
2008-07-31,68062.917
2008-08-01,67457.47015
2008-08-04,65249.30835
2008-08-05,65514.41162
2008-08-06,65498.24239
2008-08-07,66644.90506
2008-08-08,66119.84914
2008-08-11,66373.88753
2008-08-12,66382.80337
2008-08-13,68367.63688
2008-08-14,67713.76158
2008-08-15,66909.15308
2008-08-18,65364.98896
2008-08-19,66749.48145
2008-08-20,67222.76765
2008-08-21,69287.2377
2008-08-22,66270.82649
2008-08-25,67029.62187
2008-08-26,68172.52433
2008-08-27,68584.30817
2008-08-28,66646.78499
2008-08-29,66301.7595
2008-09-02,64012.3983
2008-09-03,64740.28715
2008-09-04,64635.829
2008-09-05,63908.81883
2008-09-08,63628.67364
2008-09-09,62053.8897
2008-09-10,63264.49991
2008-09-11,63488.5576
2008-09-12,62391.28406
2008-09-15,60035.12253
2008-09-16,58605.1846
2008-09-17,61820.56063
2008-09-18,62158.54882
2008-09-19,61564.00665
2008-09-22,65069.73372
2008-09-23,65282.20877
2008-09-24,64849.0414
2008-09-25,65537.46408
2008-09-26,64591.186
2008-09-29,60518.6335
2008-09-30,62812.12929
2008-10-01,61400.85377
2008-10-02,60131.91565
2008-10-03,59694.03212
2008-10-06,58863.50533
2008-10-07,59716.38192
2008-10-08,61630.18203
2008-10-09,59944.64927
2008-10-10,56415.43271
2008-10-13,57802.83864
2008-10-14,55307.03288
2008-10-15,55943.03139
2008-10-16,58623.96639
2008-10-17,57033.70205
2008-10-20,59500.70975
2008-10-21,60704.08674
2008-10-22,60972.68
2008-10-23,60361.0035
2008-10-24,57171.78502
2008-10-27,55676.89926
2008-10-28,54197.14353
2008-10-29,53991.85907
2008-10-30,53346.88114
2008-10-31,52800.45521
2008-11-03,52124.01329
2008-11-04,54283.58768
2008-11-05,51770.23005
2008-11-06,50872.25821
2008-11-07,51302.35
2008-11-10,51425.94103
2008-11-11,51053.20883
2008-11-12,49105.19452
2008-11-13,51541.25766
2008-11-14,47887.9303
2008-11-17,47373.77388
2008-11-18,47235.44139
2008-11-19,47982.11404
2008-11-20,45644.2032
2008-11-21,45606.70152
2008-11-24,47120.11474
2008-11-25,43981.07831
2008-11-26,45958.09686
2008-11-28,46487.55411
2008-12-01,45230.57097
2008-12-02,43466.43112
2008-12-03,42226.64
2008-12-04,40492.6385
2008-12-05,39121.63149
2008-12-08,39634.86911
2008-12-09,38649.75302
2008-12-10,39710.01184
2008-12-11,41400.85206
2008-12-12,41424.16831
2008-12-15,40810.83701
2008-12-16,41187.5095
2008-12-17,38808.74205
2008-12-18,36359.48178
2008-12-19,36947.39795
2008-12-22,36094.61975
2008-12-23,35565.79063
2008-12-24,34409.19447
2008-12-26,35392.93609
2008-12-29,35380.1385
2008-12-30,34814.0844
2008-12-31,37608.69928
2009-01-02,38170.89541
2009-01-05,39631.32013
2009-01-06,40118.9464
2009-01-07,38135.68014
2009-01-08,38041.08
2009-01-09,38371.6188
2009-01-12,37827.72759
2009-01-13,37906.64195
2009-01-14,38029.76793
2009-01-15,37906.39225
2009-01-16,37392.45756
2009-01-20,36527.00775
2009-01-21,37310.9588
2009-01-22,36801.77228
2009-01-23,38783.425
2009-01-26,38385.16
2009-01-27,35862.12874
2009-01-28,36073.30593
2009-01-29,36460.6865
2009-01-30,37117.27972
2009-02-02,35921.98172
2009-02-03,36029.20325
2009-02-04,35379.91151
2009-02-05,35593.62932
2009-02-06,34876.42898
2009-02-09,34613.57606
2009-02-10,34254.45
2009-02-11,34173.64303
2009-02-12,34549.19349
2009-02-13,33781.31095
2009-02-17,32704.03375
2009-02-18,31712.11033
2009-02-19,32406.2317
2009-02-20,32395.03724
2009-02-23,31746.11216
2009-02-24,32057.94671
2009-02-25,33123.66
2009-02-26,34018.13437
2009-02-27,34468.75934
2009-03-02,33606.81581
2009-03-03,34255.19897
2009-03-04,35622.70673
2009-03-05,35274.11786
2009-03-06,35556.08729
2009-03-09,36175.44
2009-03-10,34991.01125
2009-03-11,32852.4966
2009-03-12,34271.20589
2009-03-13,33987.50937
2009-03-16,34157.5625
2009-03-17,35162.93669
2009-03-18,34517.61175
2009-03-19,35610.04015
2009-03-20,35603.47397
2009-03-23,36064.45408
2009-03-24,35990.6239
2009-03-25,35206.85405
2009-03-26,35340.74959
2009-03-27,35361.13879
2009-03-30,33972.57493
2009-03-31,33979.37804
2009-04-01,32899.18436
2009-04-02,33654.45032
2009-04-03,33946.16504
2009-04-06,33429.94676
2009-04-07,32822.40474
2009-04-08,32910.94328
2009-04-09,33760.91745
2009-04-13,32861.02062
2009-04-14,33045.89627
2009-04-15,33013.49497
2009-04-16,32528.49159
2009-04-17,32732.5733
2009-04-20,31397.29336
2009-04-21,30940.42998
2009-04-22,30889.57664
2009-04-23,31319.59717
2009-04-24,31152.24537
2009-04-27,30465.30943
2009-04-28,30142.80146
2009-04-29,29963.01755
2009-04-30,30002.81101
2009-05-01,30919.07349
2009-05-04,31215.19216
2009-05-05,31238.60451
2009-05-06,32069.54959
2009-05-07,32385.99713
2009-05-08,32864.03214
2009-05-11,33183.20511
2009-05-12,33672.9639
2009-05-13,33431.4137
2009-05-14,33734.30686
2009-05-15,33414.304
2009-05-18,33694.82508
2009-05-19,33339.45662
2009-05-20,33667.62242
2009-05-21,33196.93178
2009-05-22,33206.46945
2009-05-26,33483.58399
2009-05-27,33016.7309
2009-05-28,33767.80255
2009-05-29,33799.18773
2009-06-01,34904.77858
2009-06-02,35073.05647
2009-06-03,34289.8467
2009-06-04,35117.80403
2009-06-05,34898.90837
2009-06-08,35180.02
2009-06-09,35631.90064
2009-06-10,35867.77386
2009-06-11,35930.6475
2009-06-12,35873.86607
2009-06-15,35497.75268
2009-06-16,35216.08225
2009-06-17,35674.36646
2009-06-18,35757.147
2009-06-19,35011.49076
2009-06-22,34283.4172
2009-06-23,34770.72123
2009-06-24,34151.60169
2009-06-25,34605.65625
2009-06-26,33610.85236
2009-06-29,34011.15633
2009-06-30,32972.01551
2009-07-01,32883.81889
2009-07-02,32332.00091
2009-07-06,31873.30005
2009-07-07,31589.3772
2009-07-08,31243.46092
2009-07-09,31030.09898
2009-07-10,31391.27425
2009-07-13,31368.39986
2009-07-14,31602.22465
2009-07-15,31772.71108
2009-07-16,32008.80955
2009-07-17,32326.82896
2009-07-20,31942.39988
2009-07-21,31894.87936
2009-07-22,31348.20759
2009-07-23,31815.48892
2009-07-24,32377.78304
2009-07-27,32663.82299
2009-07-28,32765.34191
2009-07-29,31431.94026
2009-07-30,32568.08863
2009-07-31,33280.03184
2009-08-03,34215.48278
2009-08-04,34624.16705
2009-08-05,35310.13717
2009-08-06,35561.56343
2009-08-07,34863.64607
2009-08-10,35369.5522
2009-08-11,34999.87339
2009-08-12,34973.86196
2009-08-13,34911.39048
2009-08-14,34074.31094
2009-08-17,33894.33575
2009-08-18,34054.7118
2009-08-19,34708.44456
2009-08-20,33900.36664
2009-08-21,33693.31243
2009-08-24,34082.31536
2009-08-25,33377.6034
2009-08-26,33332.99676
2009-08-27,33558.99695
2009-08-28,33325.46842
2009-08-31,32497.365
2009-09-01,32156.33404
2009-09-02,31816.18375
2009-09-03,31068.11745
2009-09-04,30695.14119
2009-09-08,31316.89071
2009-09-09,31313.65136
2009-09-10,31717.1494
2009-09-11,30476.85174
2009-09-14,30483.32466
2009-09-15,30836.27541
2009-09-16,31301.49218
2009-09-17,31658.43065
2009-09-18,31508.36198
2009-09-21,30859.35393
2009-09-22,31057.6175
2009-09-23,30537.34395
2009-09-24,29860.66027
2009-09-25,29552.41617
2009-09-28,29730.40724
2009-09-29,29747.02793
2009-09-30,31405.39593
2009-10-01,31921.6397
2009-10-02,31457.8749
2009-10-05,31244.49906
2009-10-06,30893.15339
2009-10-07,30838.69333
2009-10-08,31106.4498
2009-10-09,31294.1457
2009-10-12,31712.61145
2009-10-13,31991.92722
2009-10-14,31868.71084
2009-10-15,32623.22341
2009-10-16,33315.43788
2009-10-19,33556.84478
2009-10-20,33742.7642
2009-10-21,34422.86995
2009-10-22,34648.66681
2009-10-23,34468.7011
2009-10-26,34248.62243
2009-10-27,34987.61295
2009-10-28,34742.85074
2009-10-29,35132.26035
2009-10-30,34775.93967
2009-11-02,35438.28804
2009-11-03,35679.89142
2009-11-04,34973.44177
2009-11-05,34493.4692
2009-11-06,33236.48122
2009-11-09,33475.8482
2009-11-10,33258.52116
2009-11-11,33380.50741
2009-11-12,32878.7337
2009-11-13,32604.53117
2009-11-16,33547.72266
2009-11-17,34057.23293
2009-11-18,34094.107
2009-11-19,33706.67686
2009-11-20,33951.90916
2009-11-23,33458.2325
2009-11-24,32813.89069
2009-11-25,33098.84617
2009-11-27,32921.8915
2009-11-30,33361.8675
2009-12-01,33152.21929
2009-12-02,32718.57893
2009-12-03,32743.87875
2009-12-04,32762.63527
2009-12-07,32433.682
2009-12-08,32633.12722
2009-12-09,32089.20714
2009-12-10,31990.51612
2009-12-11,31854.0967
2009-12-14,31424.11195
2009-12-15,31920.65962
2009-12-16,32264.1155
2009-12-17,32606.62376
2009-12-18,32833.41262
2009-12-21,33320.2805
2009-12-22,33293.0115
2009-12-23,33669.98269
2009-12-24,33628.20407
2009-12-28,33877.49077
2009-12-29,33458.31718
2009-12-30,33521.63472
2009-12-31,33462.39744
2010-01-04,33886.22131
2010-01-05,34040.7522
2010-01-06,34589.69039
2010-01-07,34865.02565
2010-01-08,34353.08063
2010-01-11,34406.3279
2010-01-12,34070.44924
2010-01-13,33668.19645
2010-01-14,33556.39181
2010-01-15,33141.76913
2010-01-19,33248.70092
2010-01-20,33327.78
2010-01-21,33071.37777
2010-01-22,32736.18524
2010-01-25,32940.67852
2010-01-26,32469.13636
2010-01-27,32230.30715
2010-01-28,32106.54145
2010-01-29,31597.96592
2010-02-01,31810.02898
2010-02-02,32649.07192
2010-02-03,32510.24799
2010-02-04,32094.4336
2010-02-05,31762.1711
2010-02-08,31794.50357
2010-02-09,32248.8891
2010-02-10,32645.26306
2010-02-11,32647.18147
2010-02-12,32496.95942
2010-02-16,33441.3762
2010-02-17,33174.368
2010-02-18,33628.34024
2010-02-19,34051.297
2010-02-22,34384.47181
2010-02-23,34023.05093
2010-02-24,34281.94552
2010-02-25,33956.89695
2010-02-26,33815.07229
2010-03-01,33223.8816
2010-03-02,33544.92289
2010-03-03,33620.73967
2010-03-04,33103.97475
2010-03-05,33238.51699
2010-03-08,33143.9416
2010-03-09,32940.84766
2010-03-10,33200.71565
2010-03-11,33162.92011
2010-03-12,32836.46532
2010-03-15,32473.22847
2010-03-16,32814.07425
2010-03-17,32848.27203
2010-03-18,32713.25738
2010-03-19,32397.274
2010-03-22,32466.97594
2010-03-23,32459.54491
2010-03-24,32336.18321
2010-03-25,32603.105
2010-03-26,32409.1224
2010-03-29,32995.39976
2010-03-30,32942.92831
2010-03-31,32645.38381
2010-04-01,33034.21102
2010-04-05,33518.04918
2010-04-06,33691.88622
2010-04-07,33556.4508
2010-04-08,33260.03711
2010-04-09,33172.64205
2010-04-12,33240.5723
2010-04-13,33414.77807
2010-04-14,33865.09409
2010-04-15,33982.10751
2010-04-16,33832.68934
2010-04-19,33602.70516
2010-04-20,33514.13322
2010-04-21,33659.27168
2010-04-22,34160.6391
2010-04-23,34289.40018
2010-04-26,33585.69319
2010-04-27,33576.4249
2010-04-28,33881.33926
2010-04-29,33616.5444
2010-04-30,34123.04768
2010-05-03,34414.53884
2010-05-04,33977.47668
2010-05-05,33368.70161
2010-05-06,33062.10517
2010-05-07,32225.78837
2010-05-10,32167.61169
2010-05-11,32091.6381
2010-05-12,32138.87415
2010-05-13,31800.99657
2010-05-14,31062.34061
2010-05-17,30435.8105
2010-05-18,30412.395
2010-05-19,31058.8218
2010-05-20,31196.73912
2010-05-21,30841.93875
2010-05-24,30449.40446
2010-05-25,30363.26425
2010-05-26,30256.92337
2010-05-27,30617.13686
2010-05-28,30503.99783
2010-06-01,30329.82968
2010-06-02,30448.01901
2010-06-03,31009.24403
2010-06-04,30280.01453
2010-06-07,30368.52332
2010-06-08,30302.7748
2010-06-09,30928.34794
2010-06-10,31125.79869
2010-06-11,30907.41558
2010-06-14,31156.63235
2010-06-15,31368.37674
2010-06-16,31525.4427
2010-06-17,31571.7807
2010-06-18,31203.97493
2010-06-21,31236.31019
2010-06-22,31178.14041
2010-06-23,30717.93074
2010-06-24,30902.03749
2010-06-25,31710.63
2010-06-28,31257.7398
2010-06-29,30769.06107
2010-06-30,30816.2118
2010-07-01,30462.5651
2010-07-02,30169.2317
2010-07-06,29894.4684
2010-07-07,30442.41325
2010-07-08,30680.99882
2010-07-09,30827.334
2010-07-12,30565.89925
2010-07-13,30850.69561
2010-07-14,30878.71821
2010-07-15,31145.59046
2010-07-16,30934.82009
2010-07-19,31241.78779
2010-07-20,31106.13561
2010-07-21,30711.57307
2010-07-22,31208.94599
2010-07-23,31136.5106
2010-07-26,30733.3848
2010-07-27,30204.13844
2010-07-28,30320.979
2010-07-29,30862.01593
2010-07-30,31038.87759
2010-08-02,31648.7335
2010-08-03,31928.97565
2010-08-04,31990.79287
2010-08-05,31870.80038
2010-08-06,31330.41694
2010-08-09,31190.81478
2010-08-10,30970.25799
2010-08-11,30568.2169
2010-08-12,30190.80529
2010-08-13,30126.19759
2010-08-16,29779.70744
2010-08-17,30108.0494
2010-08-18,30017.13763
2010-08-19,29913.24382
2010-08-20,29796.7018
2010-08-23,29694.39989
2010-08-24,29273.4436
2010-08-25,29391.16878
2010-08-26,29582.65035
2010-08-27,30025.46545
2010-08-30,30147.04845
2010-08-31,29664.68759
2010-09-01,29878.19798
2010-09-02,29938.53337
2010-09-03,29808.77978
2010-09-07,30176.00299
2010-09-08,30189.26475
2010-09-09,29960.54211
2010-09-10,30275.38568
2010-09-13,30366.96678
2010-09-14,30152.89002
2010-09-15,30120.84915
2010-09-16,30165.12136
2010-09-17,29977.49428
2010-09-20,30230.79343
2010-09-21,29935.43636
2010-09-22,29453.58007
2010-09-23,29605.79934
2010-09-24,29876.26583
2010-09-27,29739.54265
2010-09-28,29608.026
2010-09-29,30009.96566
2010-09-30,30432.88063
2010-10-01,30441.7979
2010-10-04,30686.4807
2010-10-05,30662.78355
2010-10-06,30588.3248
2010-10-07,30374.90989
2010-10-08,30773.27775
2010-10-11,30782.46831
2010-10-12,30925.82699
2010-10-13,30860.19667
2010-10-14,30729.85156
2010-10-15,30404.99307
2010-10-18,31000.55775
2010-10-19,30476.39896
2010-10-20,30989.81652
2010-10-21,30612.07586
2010-10-22,30935.22929
2010-10-25,31015.07595
2010-10-26,31204.9878
2010-10-27,31553.22459
2010-10-28,31384.87492
2010-10-29,31182.7755
2010-11-01,31485.7585
2010-11-02,31354.71173
2010-11-03,31637.58633
2010-11-04,31869.43667
2010-11-05,31898.84707
2010-11-08,32257.4378
2010-11-09,32430.71344
2010-11-10,32792.487
2010-11-11,32826.67928
2010-11-12,31807.06686
2010-11-15,31847.75422
2010-11-16,31368.83515
2010-11-17,30820.82575
2010-11-18,31326.1482
2010-11-19,31166.61025
2010-11-22,31125.71225
2010-11-23,31367.43287
2010-11-24,31918.0254
2010-11-26,32187.4965
2010-11-29,32697.36225
2010-11-30,32045.00817
2010-12-01,32604.98681
2010-12-02,32482.5355
2010-12-03,32760.93491
2010-12-06,32999.16065
2010-12-07,32824.13865
2010-12-08,32994.98907
2010-12-09,32747.74586
2010-12-10,32517.41518
2010-12-13,32823.147
2010-12-14,32601.31625
2010-12-15,32657.89881
2010-12-16,32471.71667
2010-12-17,32817.77722
2010-12-20,33069.28032
2010-12-21,33104.834
2010-12-22,33232.44
2010-12-23,33155.41468
2010-12-27,33037.9383
2010-12-28,32845.93613
2010-12-29,32798.764
2010-12-30,32426.07278
2010-12-31,32561.68082
2011-01-03,32784.93055
2011-01-04,32676.93323
2011-01-05,33026.14865
2011-01-06,32929.60638
2011-01-07,32903.2158
2011-01-10,33357.03971
2011-01-11,34065.65331
2011-01-12,34188.46217
2011-01-13,33982.49885
2011-01-14,34715.75072
2011-01-18,34598.99386
2011-01-19,34912.65167
2011-01-20,34885.71387
2011-01-21,35125.51512
2011-01-24,34507.69053
2011-01-25,34281.31894
2011-01-26,35006.08151
2011-01-27,34488.62524
2011-01-28,35762.96928
2011-01-31,36570.95944
2011-02-01,36299.93913
2011-02-02,36711.83095
2011-02-03,37042.91819
2011-02-04,36552.68378
2011-02-07,36345.484
2011-02-08,35922.8035
2011-02-09,36406.44
2011-02-10,36485.85553
2011-02-11,36439.33474
2011-02-14,36711.28033
2011-02-15,36340.05731
2011-02-16,36254.22109
2011-02-17,36202.2623
2011-02-18,35881.46914
2011-02-22,36706.23425
2011-02-23,37338.43822
2011-02-24,36860.22312
2011-02-25,36994.39047
2011-02-28,36781.12562
2011-03-01,37453.8465
2011-03-02,37465.26778
2011-03-03,37612.7838
2011-03-04,37978.3107
2011-03-07,37819.87646
2011-03-08,37453.25257
2011-03-09,37484.86262
2011-03-10,37163.02455
2011-03-11,36646.13966
2011-03-14,36374.741
2011-03-15,35754.57374
2011-03-16,36436.2555
2011-03-17,37806.07521
2011-03-18,37367.9412
2011-03-21,37410.85298
2011-03-22,37469.35377
2011-03-23,37669.83421
2011-03-24,37507.12242
2011-03-25,37503.48097
2011-03-28,37062.75297
2011-03-29,37224.44526
2011-03-30,36773.07595
2011-03-31,37333.9186
2011-04-01,37218.40033
2011-04-04,37645.69378
2011-04-05,37845.53286
2011-04-06,37704.27613
2011-04-07,37784.04166
2011-04-08,38442.12809
2011-04-11,37958.73574
2011-04-12,37347.19912
2011-04-13,37905.44915
2011-04-14,38268.1565
2011-04-15,38408.2383
2011-04-18,38221.1483
2011-04-19,38090.26363
2011-04-20,38618.3282
2011-04-21,38265.06515
2011-04-25,38451.48904
2011-04-26,38117.2212
2011-04-27,37963.23201
2011-04-28,37767.13879
2011-04-29,37885.0888
2011-05-02,37669.01356
2011-05-03,37356.33
2011-05-04,37005.85593
2011-05-05,34961.14255
2011-05-06,34201.33085
2011-05-09,35785.63358
2011-05-10,36385.32402
2011-05-11,35590.45739
2011-05-12,35660.33863
2011-05-13,36521.40859
2011-05-16,35766.69276
2011-05-17,35622.37654
2011-05-18,36250.75761
2011-05-19,35624.942
2011-05-20,36051.25591
2011-05-23,35990.50831
2011-05-24,36288.56585
2011-05-25,37097.27431
2011-05-26,36743.54014
2011-05-27,36667.4231
2011-05-31,36544.27619
2011-06-01,35945.19816
2011-06-02,35781.92937
2011-06-03,35506.8955
2011-06-06,35485.07502
2011-06-07,35437.3991
2011-06-08,35835.9651
2011-06-09,36267.83933
2011-06-10,36222.18954
2011-06-13,35893.84763
2011-06-14,36000.68618
2011-06-15,35204.8424
2011-06-16,35044.38669
2011-06-17,34426.81892
2011-06-20,34326.80604
2011-06-21,34138.02534
2011-06-22,34539.14878
2011-06-23,33790.33792
2011-06-24,33774.83255
2011-06-27,33541.59523
2011-06-28,34118.5605
2011-06-29,34744.15507
2011-06-30,34322.88876
2011-07-01,33906.27305
2011-07-05,34504.23032
2011-07-06,34449.92348
2011-07-07,35021.19765
2011-07-08,34931.59789
2011-07-11,35259.49197
2011-07-12,35975.26322
2011-07-13,36109.06811
2011-07-14,35784.2982
2011-07-15,36310.43637
2011-07-18,36431.72625
2011-07-19,36565.7382
2011-07-20,36352.41118
2011-07-21,35733.54126
2011-07-22,36013.39896
2011-07-25,35765.55916
2011-07-26,35488.04366
2011-07-27,35133.80546
2011-07-28,35256.41096
2011-07-29,34839.78827
2011-08-01,34923.61654
2011-08-02,35079.65433
2011-08-03,34328.77885
2011-08-04,33844.79543
2011-08-05,33706.96719
2011-08-08,33445.88641
2011-08-09,34440.51022
2011-08-10,34674.57753
2011-08-11,35205.36335
2011-08-12,34877.339
2011-08-15,35308.72814
2011-08-16,35121.12943
2011-08-17,35247.09387
2011-08-18,34680.34073
2011-08-19,34838.423
2011-08-22,35297.92406
2011-08-23,35424.007
2011-08-24,35661.28415
2011-08-25,35706.55569
2011-08-26,35491.566
2011-08-29,35376.04594
2011-08-30,36062.70835
2011-08-31,35623.0125
2011-09-01,35471.60699
2011-09-02,35380.11183
2011-09-06,35800.28851
2011-09-07,36300.2793
2011-09-08,36332.3891
2011-09-09,36196.33209
2011-09-12,37091.12009
2011-09-13,36467.8734
2011-09-14,36810.91698
2011-09-15,36857.4428
2011-09-16,36863.71055
2011-09-19,37412.32327
2011-09-20,37643.81865
2011-09-21,38327.43871
2011-09-22,38029.51159
2011-09-23,37529.25026
2011-09-26,36892.0565
2011-09-27,36959.01192
2011-09-28,35761.20824
2011-09-29,36632.35125
2011-09-30,36046.70772
2011-10-03,36564.62191
2011-10-04,35972.966
2011-10-05,36024.87858
2011-10-06,36702.94445
2011-10-07,36691.2525
2011-10-10,36829.49976
2011-10-11,37530.70686
2011-10-12,37011.23355
2011-10-13,37344.12934
2011-10-14,38049.55282
2011-10-17,38265.83652
2011-10-18,38695.86393
2011-10-19,38136.12
2011-10-20,38949.91706
2011-10-21,38506.28043
2011-10-24,38584.22326
2011-10-25,38981.02605
2011-10-26,38758.02236
2011-10-27,38499.43813
2011-10-28,38334.04456
2011-10-31,38770.68891
2011-11-01,39252.65293
2011-11-02,39049.30689
2011-11-03,38809.61423
2011-11-04,39192.24525
2011-11-07,39933.79002
2011-11-08,39724.77285
2011-11-09,39860.79624
2011-11-10,39999.0359
2011-11-11,39904.94391
2011-11-14,40217.69375
2011-11-15,41332.2944
2011-11-16,41600.77767
2011-11-17,40785.2046
2011-11-18,40423.50609
2011-11-21,40544.03439
2011-11-22,41187.14018
2011-11-23,41290.45572
2011-11-25,41205.30949
2011-11-28,41044.63734
2011-11-29,41399.946
2011-11-30,40581.93201
2011-12-01,40166.99266
2011-12-02,40225.6862
2011-12-05,39922.72038
2011-12-06,40170.69437
2011-12-07,39757.10482
2011-12-08,40485.9475
2011-12-09,39803.29721
2011-12-12,40009.4127
2011-12-13,40717.866
2011-12-14,39737.65821
2011-12-15,39359.58308
2011-12-16,39236.06644
2011-12-19,39382.54785
2011-12-20,39458.9036
2011-12-21,40116.03789
2011-12-22,39916.99475
2011-12-23,39809.294
2011-12-27,40290.94387
2011-12-28,40059.01116
2011-12-29,40041.02
2011-12-30,39449.28445
2012-01-03,40548.61201
2012-01-04,41277.22289
2012-01-05,40939.6378
2012-01-06,40918.7526
2012-01-09,41050.65436
2012-01-10,41017.9715
2012-01-11,40739.69125
2012-01-12,39883.15873
2012-01-13,40115.43281
2012-01-17,40132.69695
2012-01-18,39713.62932
2012-01-19,39422.40379
2012-01-20,39150.63713
2012-01-23,39510.80455
2012-01-24,39527.9399
2012-01-25,39870.28464
2012-01-26,39153.14204
2012-01-27,39166.94987
2012-01-30,39258.93235
2012-01-31,39015.47007
2012-02-01,38329.1325
2012-02-02,37985.31525
2012-02-03,38067.12666
2012-02-06,38192.83386
2012-02-07,38430.28129
2012-02-08,38614.80697
2012-02-09,39012.54939
2012-02-10,39305.741
2012-02-13,39413.25986
2012-02-14,39575.63225
2012-02-15,39756.38888
2012-02-16,40221.0012
2012-02-17,40166.16208
2012-02-21,40698.87501
2012-02-22,40953.04072
2012-02-23,40931.5161
2012-02-24,40897.27234
2012-02-27,40390.86393
2012-02-28,39906.08973
2012-02-29,39479.81674
2012-03-01,40049.13251
2012-03-02,39867.384
2012-03-05,40016.56998
2012-03-06,39950.76109
2012-03-07,39995.025
2012-03-08,39762.50609
2012-03-09,40061.15898
2012-03-12,39978.64098
2012-03-13,40144.6881
2012-03-14,40812.04228
2012-03-15,40093.3683
2012-03-16,40414.98377
2012-03-19,40250.6093
2012-03-20,40096.09339
2012-03-21,40428.72154
2012-03-22,40291.6672
2012-03-23,40583.09373
2012-03-26,40203.93032
2012-03-27,40166.18628
2012-03-28,40165.18645
2012-03-29,39775.45834
2012-03-30,39547.63131
2012-04-02,40158.13095
2012-04-03,40354.1685
2012-04-04,40155.53332
2012-04-05,40570.2562
2012-04-09,40503.27897
2012-04-10,40564.65576
2012-04-11,40729.53814
2012-04-12,40779.86565
2012-04-13,40693.1643
2012-04-16,40364.13276
2012-04-17,39753.24022
2012-04-18,39454.95205
2012-04-19,39725.4508
2012-04-20,39654.61064
2012-04-23,39855.15449
2012-04-24,39610.23895
2012-04-25,39512.53697
2012-04-26,39893.5125
2012-04-27,39890.12669
2012-04-30,40068.04997
2012-05-01,39912.50241
2012-05-02,39489.99755
2012-05-03,38837.29605
2012-05-04,38404.31165
2012-05-07,38286.5324
2012-05-08,38563.15948
2012-05-09,38968.6607
2012-05-10,38927.6255
2012-05-11,39038.81825
2012-05-14,38994.76231
2012-05-15,39547.89114
2012-05-16,39398.88303
2012-05-17,39415.61771
2012-05-18,39406.23889
2012-05-21,39362.36877
2012-05-22,39042.52542
2012-05-23,39049.3182
2012-05-24,38920.30621
2012-05-25,39056.20157
2012-05-29,38734.34978
2012-05-30,38516.89917
2012-05-31,38079.47972
2012-06-01,37555.2748
2012-06-04,37348.06075
2012-06-05,37166.96386
2012-06-06,37035.09975
2012-06-07,37084.05461
2012-06-08,37285.34828
2012-06-11,37087.66263
2012-06-12,36998.37257
2012-06-13,36461.81423
2012-06-14,36986.792
2012-06-15,36800.38919
2012-06-18,36613.88988
2012-06-19,36347.3208
2012-06-20,35672.957
2012-06-21,35252.00369
2012-06-22,35836.19602
2012-06-25,36463.1863
2012-06-26,36582.56329
2012-06-27,36675.59938
2012-06-28,36192.54012
2012-06-29,37107.1096
2012-07-02,36906.94604
2012-07-03,37783.36181
2012-07-05,38101.43983
2012-07-06,37780.08061
2012-07-09,38455.17473
2012-07-10,37553.4108
2012-07-11,38241.54827
2012-07-12,38865.91835
2012-07-13,38939.80121
2012-07-16,39315.67203
2012-07-17,39325.22117
2012-07-18,39553.8873
2012-07-19,40548.25883
2012-07-20,40948.27743
2012-07-23,40563.85171
2012-07-24,40799.342
2012-07-25,40614.07917
2012-07-26,39822.48785
2012-07-27,39870.21062
2012-07-30,40126.04194
2012-07-31,39831.72126
2012-08-01,39932.14319
2012-08-02,40021.85656
2012-08-03,39939.38377
2012-08-06,40162.0088
2012-08-07,40564.22761
2012-08-08,40510.13741
2012-08-09,40720.68429
2012-08-10,40297.70141
2012-08-13,40490.60538
2012-08-14,40673.41045
2012-08-15,41352.549
2012-08-16,41682.98855
2012-08-17,42161.35091
2012-08-20,42224.51604
2012-08-21,42263.034
2012-08-22,42699.64302
2012-08-23,42471.91358
2012-08-24,42702.22556
2012-08-27,42631.72862
2012-08-28,42581.90056
2012-08-29,42719.43682
2012-08-30,42971.17741
2012-08-31,43045.50483
2012-09-04,42972.48975
2012-09-05,42642.20375
2012-09-06,42279.95328
2012-09-07,42001.81394
2012-09-10,41946.92955
2012-09-11,42184.20165
2012-09-12,43241.49999
2012-09-13,43439.51334
2012-09-14,43294.3496
2012-09-17,42462.2659
2012-09-18,41733.10581
2012-09-19,41138.79647
2012-09-20,41642.67172
2012-09-21,41508.5502
2012-09-24,41227.66177
2012-09-25,40912.99968
2012-09-26,40717.39024
2012-09-27,41237.9002
2012-09-28,41905.87564
2012-10-01,42375.52862
2012-10-02,42217.80816
2012-10-03,41535.45382
2012-10-04,43056.5531
2012-10-05,43748.93583
2012-10-08,44163.35027
2012-10-09,44444.91637
2012-10-10,44000.68533
2012-10-11,44319.96671
2012-10-12,44235.94027
2012-10-15,44425.3148
2012-10-16,44163.45737
2012-10-17,43423.60749
2012-10-18,43642.32672
2012-10-19,43068.84708
2012-10-22,42599.8952
2012-10-23,42626.01454
2012-10-24,42477.20415
2012-10-25,42263.70794
2012-10-26,42010.85746
2012-10-29,42033.9735
2012-10-30,41787.00075
2012-10-31,41981.8432
2012-11-01,42015.59629
2012-11-02,41757.1277
2012-11-05,41884.26003
2012-11-06,42280.59537
2012-11-07,41334.20463
2012-11-08,41748.9472
2012-11-09,42037.16894
2012-11-12,42058.8945
2012-11-13,42066.3912
2012-11-14,42983.58576
2012-11-15,42912
2012-11-16,42778.8552
2012-11-19,43526.36563
2012-11-20,43110.44851
2012-11-21,43820.10591
2012-11-23,43704.91752
2012-11-26,43472.4767
2012-11-27,43157.27856
2012-11-28,42883.09022
2012-11-29,43202.3295
2012-11-30,43750.24476
2012-12-03,43646.32675
2012-12-04,42979.76634
2012-12-05,42663.54038
2012-12-06,41812.62931
2012-12-07,41492.30565
2012-12-10,41424.6235
2012-12-11,41330.65748
2012-12-12,41561.2318
2012-12-13,41377.7774
2012-12-14,41536.485
2012-12-17,41177.01465
2012-12-18,40947.7257
2012-12-19,41312.82671
2012-12-20,41361.6155
2012-12-21,41448.08511
2012-12-24,41410.97052
2012-12-26,41862.65063
2012-12-27,41558.36107
2012-12-28,41278.59243
2012-12-31,41447.9642
2013-01-02,42077.87243
2013-01-03,41987.96552
2013-01-04,41904.366
2013-01-07,42055.9605
2013-01-08,42226.97696
2013-01-09,42135.1806
2013-01-10,42674.42164
2013-01-11,42767.39025
2013-01-14,43123.62641
2013-01-15,43470.73917
2013-01-16,43441.11268
2013-01-17,43776.62471
2013-01-18,44367.28962
2013-01-22,44463.12999
2013-01-23,45150.62477
2013-01-24,45448.72173
2013-01-25,44880.66526
2013-01-28,45801.7519
2013-01-29,45774.10128
2013-01-30,46177.68496
2013-01-31,45596.0638
2013-02-01,45347.80215
2013-02-04,45384.98934
2013-02-05,45247.57271
2013-02-06,45558.252
2013-02-07,45395.26671
2013-02-08,45519.34476
2013-02-11,45525.53682
2013-02-12,45454.38789
2013-02-13,45351.02978
2013-02-14,45044.56316
2013-02-15,44950.39099
2013-02-19,45029.3489
2013-02-20,44709.97233
2013-02-21,44018.70636
2013-02-22,43905.08443
2013-02-25,43751.80128
2013-02-26,43507.96902
2013-02-27,43363.51256
2013-02-28,43937.87068
2013-03-01,43868.9896
2013-03-04,43975.90852
2013-03-05,43971.42899
2013-03-06,44134.28335
2013-03-07,44503.96534
2013-03-08,44469.29246
2013-03-11,44460.1406
2013-03-12,44781.56005
2013-03-13,44918.20864
2013-03-14,44773.3161
2013-03-15,45010.03776
2013-03-18,44800.29492
2013-03-19,44736.8285
2013-03-20,45268.41998
2013-03-21,45059.0735
2013-03-22,45168.88207
2013-03-25,45233.21857
2013-03-26,45462.0336
2013-03-27,45744.63062
2013-03-28,45350.15978
2013-04-01,45011.08676
2013-04-02,45077.8232
2013-04-03,44181.3947
2013-04-04,43530.7317
2013-04-05,42876.69073
2013-04-08,42740.2131
2013-04-09,42627.46773
2013-04-10,42389.92272
2013-04-11,42146.0364
2013-04-12,41812.32406
2013-04-15,41833.69971
2013-04-16,41756.49577
2013-04-17,41437.86075
2013-04-18,41746.7444
2013-04-19,42146.21867
2013-04-22,42238.95682
2013-04-23,42006.92268
2013-04-24,42310.12229
2013-04-25,42478.68603
2013-04-26,42534.52898
2013-04-29,42516.495
2013-04-30,42132.37003
2013-05-01,41388.1564
2013-05-02,41918.49774
2013-05-03,42200.73962
2013-05-06,42674.33432
2013-05-07,42610.11089
2013-05-08,42725.16015
2013-05-09,42750.2421
2013-05-10,42956.34508
2013-05-13,43089.8901
2013-05-14,43256.47949
2013-05-15,43490.44468
2013-05-16,43840.006
2013-05-17,44577.00502
2013-05-20,44944.38911
2013-05-21,45022.9915
2013-05-22,44824.13234
2013-05-23,44705.0328
2013-05-24,44905.67734
2013-05-28,46198.79593
2013-05-29,45947.12829
2013-05-30,46799.0468
2013-05-31,46537.38419
2013-06-03,45890.04252
2013-06-04,46123.28958
2013-06-05,47097.2887
2013-06-06,46647.34065
2013-06-07,47417.85249
2013-06-10,47864.94022
2013-06-11,47197.88947
2013-06-12,47171.81468
2013-06-13,46780.76014
2013-06-14,47657.40901
2013-06-17,47304.01258
2013-06-18,47813.65135
2013-06-19,47908.562
2013-06-20,47582.53456
2013-06-21,46955.58801
2013-06-24,46612.59587
2013-06-25,46621.32676
2013-06-26,46765.50923
2013-06-27,46425.5373
2013-06-28,45932.31447
2013-07-01,46158.29147
2013-07-02,46639.91891
2013-07-03,48172.87134
2013-07-05,48821.05608
2013-07-08,48960.83675
2013-07-09,48449.3723
2013-07-10,49023.16526
2013-07-11,48975.3894
2013-07-12,48915.1536
2013-07-15,48431.15909
2013-07-16,48444.87036
2013-07-17,48220.60868
2013-07-18,49175.0983
2013-07-19,48723.15479
2013-07-22,48297.46336
2013-07-23,47807.11207
2013-07-24,47672.68861
2013-07-25,47807.57742
2013-07-26,47358.66606
2013-07-29,47275.20287
2013-07-30,47077.82664
2013-07-31,48092.45629
2013-08-01,48974.80487
2013-08-02,48072.14064
2013-08-05,47878.61328
2013-08-06,47870.60441
2013-08-07,47432.322
2013-08-08,46891.64832
2013-08-09,47301.43024
2013-08-12,47985.83044
2013-08-13,48775.16085
2013-08-14,48783.16474
2013-08-15,49514.13021
2013-08-16,49923.02399
2013-08-19,50599.83061
2013-08-20,50010.44101
2013-08-21,50184.07824
2013-08-22,50387.04145
2013-08-23,50657.03855
2013-08-26,51282.62931
2013-08-27,52689.38982
2013-08-28,52711.49975
2013-08-29,52363.38485
2013-08-30,51473.55074
2013-09-03,52115.3706
2013-09-04,51183.74174
2013-09-05,51418.40445
2013-09-06,50763.2455
2013-09-09,50071.96822
2013-09-10,49522.99075
2013-09-11,48993.07925
2013-09-12,49690.80496
2013-09-13,49520.12262
2013-09-16,48428.60172
2013-09-17,47800.35646
2013-09-18,48545.74656
2013-09-19,47778.35755
2013-09-20,48310.5462
2013-09-23,47721.01857
2013-09-24,47699.28464
2013-09-25,48383.77941
2013-09-26,48815.78721
2013-09-27,49124.65819
2013-09-30,48674.91278
2013-10-01,48776.4459
2013-10-02,49069.92868
2013-10-03,48916.95536
2013-10-04,48740.02175
2013-10-07,48809.43375
2013-10-08,49080.6729
2013-10-09,48644.55736
2013-10-10,48808.17992
2013-10-11,48500.91019
2013-10-14,48755.2095
2013-10-15,48456.6979
2013-10-16,48652.3533
2013-10-17,47738.21968
2013-10-18,47826.01001
2013-10-21,47952.41304
2013-10-22,47178.9248
2013-10-23,46758.2628
2013-10-24,46621.29271
2013-10-25,46942.8242
2013-10-28,47530.15008
2013-10-29,47609.70343
2013-10-30,47481.75551
2013-10-31,47903.46904
2013-11-01,47878.9389
2013-11-04,47442.19689
2013-11-05,47546.74
2013-11-06,47959.16128
2013-11-07,47722.1492
2013-11-08,48265.443
2013-11-11,48776.42116
2013-11-12,48399.91342
2013-11-13,48417.6762
2013-11-14,48128.37102
2013-11-15,47957.0344
2013-11-18,47504.74331
2013-11-19,47609.41185
2013-11-20,47493.41087
2013-11-21,48277.0013
2013-11-22,48093.3737
2013-11-25,47953.35654
2013-11-26,48191.82471
2013-11-27,48504.2895
2013-11-29,48276.97571
2013-12-02,48901.65648
2013-12-03,49869.79306
2013-12-04,50477.62464
2013-12-05,50324.85229
2013-12-06,49879.6534
2013-12-09,49865.6738
2013-12-10,49796.95579
2013-12-11,49953.372
2013-12-12,49894.42384
2013-12-13,49214.5684
2013-12-16,49266.48128
2013-12-17,49332.35295
2013-12-18,49649.40455
2013-12-19,50094.75275
2013-12-20,50303.30976
2013-12-23,50128.72086
2013-12-24,50331.28939
2013-12-26,50434.5154
2013-12-27,51578.39233
2013-12-30,50661.3373
2013-12-31,50809.2377
2014-01-02,50645.91352
2014-01-03,49981.98535
2014-01-06,49887.64276
2014-01-07,49975.05424
2014-01-08,50200.53527
2014-01-09,49932.42793
2014-01-10,49708.67183
2014-01-13,50327.32747
2014-01-14,50334.49804
2014-01-15,50958.17452
2014-01-16,51139.45307
2014-01-17,50925.23252
2014-01-21,51087.90474
2014-01-22,51735.50038
2014-01-23,52531.31784
2014-01-24,52916.93573
2014-01-27,52681.378
2014-01-28,52743.0805
2014-01-29,53752.0446
2014-01-30,53596.42256
2014-01-31,52843.44851
2014-02-03,53051.9032
2014-02-04,52723.94538
2014-02-05,53152.59382
2014-02-06,52744.38659
2014-02-07,53606.88973
2014-02-10,53796.48794
2014-02-11,53275.23463
2014-02-12,53593.92301
2014-02-13,53607.58932
2014-02-14,53135.16917
2014-02-18,53937.04305
2014-02-19,54983.63113
2014-02-20,54923.5409
2014-02-21,54373.81043
2014-02-24,53843.81271
2014-02-25,53165.08529
2014-02-26,53812.7782
2014-02-27,53069.98677
2014-02-28,53214.51366
2014-03-03,54903.76567
2014-03-04,54079.33798
2014-03-05,52907.95694
2014-03-06,52740.7644
2014-03-07,53539.01319
2014-03-10,53273.09132
2014-03-11,53646.5216
2014-03-12,53167.9231
2014-03-13,52865.28288
2014-03-14,52771.83795
2014-03-17,52357.3389
2014-03-18,52864.89914
2014-03-19,52936.06547
2014-03-20,53330.0109
2014-03-21,53475.19081
2014-03-24,53175.58046
2014-03-25,52878.77004
2014-03-26,52630.85253
2014-03-27,52743.19533
2014-03-28,52778.82747
2014-03-31,52296.57262
2014-04-01,51884.19619
2014-04-02,51762.8859
2014-04-03,52383.69839
2014-04-04,52094.61329
2014-04-07,51800.14649
2014-04-08,52062.20953
2014-04-09,52485.23202
2014-04-10,52185.18161
2014-04-11,52462.66675
2014-04-14,53034.2543
2014-04-15,53507.02367
2014-04-16,53438.79509
2014-04-17,53268.771
2014-04-21,53266.76676
2014-04-22,53249.46904
2014-04-23,53471.81572
2014-04-24,53951.33584
2014-04-25,53721.3273
2014-04-28,53378.47472
2014-04-29,53389.0249
2014-04-30,52726.98306
2014-05-01,52196.62251
2014-05-02,52267.86872
2014-05-05,52468.06219
2014-05-06,52196.8226
2014-05-07,52386.14844
2014-05-08,51573.08363
2014-05-09,51652.10722
2014-05-12,51733.50108
2014-05-13,51757.45271
2014-05-14,51943.1219
2014-05-15,52253.21347
2014-05-16,51983.66075
2014-05-19,52066.74433
2014-05-20,52611.56018
2014-05-21,52761.24023
2014-05-22,52241.23024
2014-05-23,52271.32215
2014-05-27,52775.16686
2014-05-28,52602.67139
2014-05-29,52412.97513
2014-05-30,52861.46281
2014-06-02,53250.27504
2014-06-03,53525.42655
2014-06-04,53461.12833
2014-06-05,53247.25425
2014-06-06,52709.8469
2014-06-09,53521.69179
2014-06-10,53674.03221
2014-06-11,53808.38767
2014-06-12,54566.43314
2014-06-13,54667.30571
2014-06-16,55072.74946
2014-06-17,55627.30526
2014-06-18,55219.40162
2014-06-19,55518.37619
2014-06-20,55451.02852
2014-06-23,54590.10158
2014-06-24,54889.96517
2014-06-25,54863.95341
2014-06-26,54805.92776
2014-06-27,54605.44979
2014-06-30,54259.33834
2014-07-01,54392.26631
2014-07-02,54635.14624
2014-07-03,54399.34464
2014-07-07,54064.53792
2014-07-08,53409.23388
2014-07-09,53038.12012
2014-07-10,53117.21938
2014-07-11,52553.36572
2014-07-14,52525.03841
2014-07-15,52244.3568
2014-07-16,52288.8884
2014-07-17,52685.82681
2014-07-18,52261.58462
2014-07-21,52221.94109
2014-07-22,51936.95489
2014-07-23,51750.36377
2014-07-24,51645.43148
2014-07-25,51852.66451
2014-07-28,51986.17503
2014-07-29,51911.12628
2014-07-30,52223.41604
2014-07-31,51748.70441
2014-08-01,51457.57259
2014-08-04,51558.408
2014-08-05,51491.55743
2014-08-06,51536.91951
2014-08-07,51812.79432
2014-08-08,51288.8436
2014-08-11,51137.46087
2014-08-12,50711.09253
2014-08-13,50501.78183
2014-08-14,49475.13611
2014-08-15,50141.9409
2014-08-18,49582.73482
2014-08-19,49691.98565
2014-08-20,50077.42158
2014-08-21,50293.93538
2014-08-22,50170.11761
2014-08-25,50303.60837
2014-08-26,50297.33619
2014-08-27,50027.95759
2014-08-28,50258.98892
2014-08-29,50645.35648
2014-09-02,50082.43327
2014-09-03,50461.90231
2014-09-04,50340.94467
2014-09-05,49996.59386
2014-09-08,50178.23685
2014-09-09,50587.3427
2014-09-10,50168.51417
2014-09-11,50272.26052
2014-09-12,50093.86531
2014-09-15,50169.58322
2014-09-16,50224.75268
2014-09-17,50378.78096
2014-09-18,50218.29186
2014-09-19,50282.14582
2014-09-22,50224.37173
2014-09-23,50131.42569
2014-09-24,50447.22351
2014-09-25,50631.56089
2014-09-26,50927.52492
2014-09-29,51493.07141
2014-09-30,50489.31031
2014-10-01,50255.77161
2014-10-02,49664.75233
2014-10-03,49960.11322
2014-10-06,49878.07078
2014-10-07,49351.09627
2014-10-08,48829.35575
2014-10-09,47878.30134
2014-10-10,47763.21185
2014-10-13,47634.68083
2014-10-14,46465.98331
2014-10-15,46120.96771
2014-10-16,46476.509
2014-10-17,46645.78345
2014-10-20,46103.41292
2014-10-21,46448.97918
2014-10-22,45816.18971
2014-10-23,46278.51322
2014-10-24,45742.77253
2014-10-27,45783.54779
2014-10-28,45724.8933
2014-10-29,46197.69236
2014-10-30,45824.74761
2014-10-31,46354.25543
2014-11-03,46213.7664
2014-11-04,45313.59673
2014-11-05,45943.00295
2014-11-06,46479.6417
2014-11-07,46843.86311
2014-11-10,46357.86804
2014-11-11,46274.28782
2014-11-12,45899.88497
2014-11-13,44803.1478
2014-11-14,44941.16383
2014-11-17,45040.87547
2014-11-18,44323.21441
2014-11-19,44319.86249
2014-11-20,44370.97375
2014-11-21,44692.8075
2014-11-24,44668.32276
2014-11-25,43907.54344
2014-11-26,43826.56216
2014-11-28,41453.87758
2014-12-01,42007.50549
2014-12-02,41678.75159
2014-12-03,41822.62952
2014-12-04,41505.27858
2014-12-05,41860.19221
2014-12-08,41515.0963
2014-12-09,41483.51081
2014-12-10,40789.24526
2014-12-11,40843.76527
2014-12-12,40155.50494
2014-12-15,40144.23
2014-12-16,39368.39934
2014-12-17,39494.87089
2014-12-18,38797.05513
2014-12-19,39566.53543
2014-12-22,38697.08589
2014-12-23,39618.86753
2014-12-24,38877.0899
2014-12-26,38486.18613
2014-12-29,38257.16122
2014-12-30,37922.53443
2014-12-31,37342.0508
2015-01-02,37533.08735
2015-01-05,36660.94596
2015-01-06,36005.5084
2015-01-07,35933.31238
2015-01-08,35442.99975
2015-01-09,34945.85063
2015-01-12,34095.80233
2015-01-13,33679.44314
2015-01-14,34136.51608
2015-01-15,33901.38959
2015-01-16,34753.86467
2015-01-20,33947.40753
2015-01-21,34205.89467
2015-01-22,33339.66875
2015-01-23,33249.29587
2015-01-26,33150.51497
2015-01-27,33921.71597
2015-01-28,33349.90216
2015-01-29,33305.79295
2015-01-30,34857.30549
2015-02-02,35047.26888
2015-02-03,36066.95513
2015-02-04,34826.96037
2015-02-05,34981.56283
2015-02-06,36192.85261
2015-02-09,36877.0308
2015-02-10,36336.18205
2015-02-11,36379.05461
2015-02-12,36935.47862
2015-02-13,37447.20915
2015-02-17,37430.34915
2015-02-18,37219.63611
2015-02-19,36915.15628
2015-02-20,36560.23032
2015-02-23,36120.01352
2015-02-24,35614.7771
2015-02-25,36191.14967
2015-02-26,35793.67436
2015-02-27,37207.38512
2015-03-02,36748.24793
2015-03-03,37043.16333
2015-03-04,37258.08671
2015-03-05,37175.86348
2015-03-06,37432.01279
2015-03-09,37343.62309
2015-03-10,37269.94286
2015-03-11,37293.71448
2015-03-12,37035.3299
2015-03-13,36665.15173
2015-03-16,36104.94641
2015-03-17,35809.27918
2015-03-18,36595.82467
2015-03-19,36159.24969
2015-03-20,35792.91486
2015-03-23,35810.86425
2015-03-24,35320.65746
2015-03-25,35885.47508
2015-03-26,37055.75204
2015-03-27,36225.1569
2015-03-30,36540.38155
2015-03-31,36027.37774
2015-04-01,36424.54824
2015-04-02,35867.48307
2015-04-06,36334.13682
2015-04-07,37037.49726
2015-04-08,35602.1992
2015-04-09,36067.58044
2015-04-10,36735.27353
2015-04-13,37053.483
2015-04-14,37118.26634
2015-04-15,38704.21777
2015-04-16,38524.57489
2015-04-17,38523.98852
2015-04-20,38550.57888
2015-04-21,38200.01064
2015-04-22,38513.32627
2015-04-23,39108.97864
2015-04-24,39104.86954
2015-04-27,38430.29761
2015-04-28,38059.57652
2015-04-29,38295.91936
2015-04-30,39261.21623
2015-05-01,39624.36964
2015-05-04,39601.75551
2015-05-05,39946.11698
2015-05-06,40081.33762
2015-05-07,39233.68466
2015-05-08,39080.83558
2015-05-11,39332.19069
2015-05-12,39972.02749
2015-05-13,39453.19854
2015-05-14,39238.43003
2015-05-15,39013.38103
2015-05-18,39111.66486
2015-05-19,38349.58377
2015-05-20,38518.78738
2015-05-21,38996.72106
2015-05-22,38608.48622
2015-05-26,38435.2444
2015-05-27,37916.98578
2015-05-28,38365.05077
2015-05-29,39259.46304
2015-06-01,39552.30248
2015-06-02,39779.62775
2015-06-03,39444.40156
2015-06-04,38964.36541
2015-06-05,40013.92586
2015-06-08,39801.9801
2015-06-09,40372.17907
2015-06-10,40310.69534
2015-06-11,40078.78044
2015-06-12,39702.23355
2015-06-15,39419.38962
2015-06-16,39502.52462
2015-06-17,39603.64759
2015-06-18,39092.41111
2015-06-19,38392.39542
2015-06-22,38409.30636
2015-06-23,39215.67584
2015-06-24,38627.13904
2015-06-25,38456.68093
2015-06-26,38906.77137
2015-06-29,38783.66606
2015-06-30,39201.83743
2015-07-01,38788.2431
2015-07-02,38953.7736
2015-07-06,37366.19955
2015-07-07,37522.48819
2015-07-08,37546.36714
2015-07-09,38100.97848
2015-07-10,38009.62268
2015-07-13,37690.60256
2015-07-14,37475.02258
2015-07-15,37106.69266
2015-07-16,36845.55207
2015-07-17,36578.27841
2015-07-20,36442.92105
2015-07-21,36202.86354
2015-07-22,35975.09368
2015-07-23,35639.33076
2015-07-24,35814.54956
2015-07-27,35193.37722
2015-07-28,35294.86494
2015-07-29,35231.20431
2015-07-30,35767.3784
2015-07-31,35116.22813
2015-08-03,34287.54409
2015-08-04,34411.71852
2015-08-05,34638.12902
2015-08-06,34285.49756
2015-08-07,33773.29133
2015-08-10,34701.38846
2015-08-11,34342.77128
2015-08-12,34296.6055
2015-08-13,34195.27272
2015-08-14,34079.76008
2015-08-17,34101.1798
2015-08-18,34149.06223
2015-08-19,33507.88489
2015-08-20,33323.62229
2015-08-21,32870.59993
2015-08-24,32320.18493
2015-08-25,32416.49987
2015-08-26,32203.07254
2015-08-27,33888.25143
2015-08-28,35515.19889
2015-08-31,36862.41664
2015-09-01,35646.47122
2015-09-02,35970.60437
2015-09-03,36529.5634
2015-09-04,36913.24366
2015-09-08,36720.02708
2015-09-09,35908.3383
2015-09-10,36312.87583
2015-09-11,35747.25209
2015-09-14,35225.02521
2015-09-15,35153.57436
2015-09-16,35462.13052
2015-09-17,35415.29127
2015-09-18,34394.24878
2015-09-21,35599.70372
2015-09-22,35956.3487
2015-09-23,35858.28707
2015-09-24,36060.1604
2015-09-25,36376.48159
2015-09-28,36258.22366
2015-09-29,36345.2381
2015-09-30,36094.79385
2015-10-01,35953.94777
2015-10-02,35773.57187
2015-10-05,35867.08639
2015-10-06,36778.18673
2015-10-07,36137.94237
2015-10-08,36548.22564
2015-10-09,36508.13127
2015-10-12,35346.08637
2015-10-13,35620.69313
2015-10-14,35160.83918
2015-10-15,34369.55142
2015-10-16,34683.16072
2015-10-19,34434.18262
2015-10-20,34587.5752
2015-10-21,34802.1328
2015-10-22,34664.81301
2015-10-23,35001.48327
2015-10-26,34736.04386
2015-10-27,34482.5631
2015-10-28,35277.54816
2015-10-29,35864.33658
2015-10-30,36076.62013
2015-11-02,35673.80173
2015-11-03,36410.43479
2015-11-04,36136.36748
2015-11-05,35490.43367
2015-11-06,35916.79701
2015-11-09,35845.54783
2015-11-10,35639.28942
2015-11-11,35029.95588
2015-11-12,34749.36898
2015-11-13,34533.27724
2015-11-16,34470.19749
2015-11-17,33888.47731
2015-11-18,33804.4009
2015-11-19,33486.26781
2015-11-20,33324.29147
2015-11-23,33736.69656
2015-11-24,34009.89582
2015-11-25,34341.07343
2015-11-27,34329.30977
2015-11-30,34426.55064
2015-12-01,34455.99712
2015-12-02,33339.06437
2015-12-03,33804.10807
2015-12-04,33593.45394
2015-12-07,32756.09343
2015-12-08,32652.09333
2015-12-09,32626.8253
2015-12-10,34086.77529
2015-12-11,34443.42511
2015-12-14,32904.24611
2015-12-15,32699.45434
2015-12-16,32215.76252
2015-12-17,32259.07149
2015-12-18,32316.89223
2015-12-21,32179.40379
2015-12-22,32271.81944
2015-12-23,33039.97444
2015-12-24,33446.51058
2015-12-28,33006.24515
2015-12-29,33603.33644
2015-12-30,33502.45313
2015-12-31,33615.88023
2016-01-04,33649.73138
2016-01-05,33414.79818
2016-01-06,32847.37115
2016-01-07,32849.94345
2016-01-08,33183.11681
2016-01-11,33666.02448
2016-01-12,32910.81227
2016-01-13,32190.76255
2016-01-14,32338.47598
2016-01-15,32100.52158
2016-01-19,31819.48297
2016-01-20,31405.539
2016-01-21,31428.07362
2016-01-22,32745.2602
2016-01-25,32013.32362
2016-01-26,32371.60295
2016-01-27,32935.93724
2016-01-28,32792.05128
2016-01-29,32745.29362
2016-02-01,32010.66821
2016-02-02,31619.89184
2016-02-03,32590.98381
2016-02-04,31921.66108
2016-02-05,31719.99077
2016-02-08,31571.38785
2016-02-09,30322.38164
2016-02-10,29919.0885
2016-02-11,29587.67828
2016-02-12,31025.55135
2016-02-16,30432.77608
2016-02-17,30883.43837
2016-02-18,30643.40226
2016-02-19,30070.64034
2016-02-22,30310.62132
2016-02-23,29726.90768
2016-02-24,30916.45821
2016-02-25,31264.7814
2016-02-26,32357.28053
2016-02-29,31900.29484
2016-03-01,31559.00854
2016-03-02,31790.93158
2016-03-03,31802.16757
2016-03-04,31979.02059
2016-03-07,32711.12654
2016-03-08,32607.67511
2016-03-09,32891.69042
2016-03-10,33196.83797
2016-03-11,33110.0704
2016-03-14,33268.93165
2016-03-15,33730.52284
2016-03-16,34519.30904
2016-03-17,33528.30701
2016-03-18,33498.32164
2016-03-21,33473.21559
2016-03-22,33595.90499
2016-03-23,33130.94746
2016-03-24,33331.9148
2016-03-28,33359.07781
2016-03-29,32341.59007
2016-03-30,31625.2929
2016-03-31,31093.62001
2016-04-01,30308.38327
2016-04-04,29981.10813
2016-04-05,30748.13288
2016-04-06,31605.11764
2016-04-07,31438.6071
2016-04-08,32117.9721
2016-04-11,31713.5642
2016-04-12,32648.2182
2016-04-13,32240.57965
2016-04-14,31976.27483
2016-04-15,31678.36904
2016-04-18,31409.53528
2016-04-19,31804.97704
2016-04-20,32413.26115
2016-04-21,32187.54898
2016-04-22,32469.21741
2016-04-25,32371.93888
2016-04-26,32783.16825
2016-04-27,33445.3469
2016-04-28,33195.39439
2016-04-29,33218.78876
2016-05-02,32898.46671
2016-05-03,32885.05365
2016-05-04,33520.95413
2016-05-05,33521.91126
2016-05-06,33718.00312
2016-05-09,33561.37764
2016-05-10,34430.81864
2016-05-11,34926.24709
2016-05-12,35071.94673
2016-05-13,35640.37575
2016-05-16,36916.14817
2016-05-17,37012.85216
2016-05-18,37466.03454
2016-05-19,37526.55206
2016-05-20,36905.16202
2016-05-23,36846.87076
2016-05-24,36767.15533
2016-05-25,37333.79131
2016-05-26,37187.36606
2016-05-27,37402.24079
2016-05-31,37363.67979
2016-06-01,37322.22267
2016-06-02,37380.3763
2016-06-03,36319.71077
2016-06-06,36357.39824
2016-06-07,36576.81597
2016-06-08,36791.35223
2016-06-09,36778.39428
2016-06-10,36865.0362
2016-06-13,36908.31045
2016-06-14,37034.85429
2016-06-15,36589.98453
2016-06-16,35955.65596
2016-06-17,36420.65169
2016-06-20,36260.3634
2016-06-21,35830.6101
2016-06-22,35042.78367
2016-06-23,35116.86363
2016-06-24,35446.23834
2016-06-27,35797.02451
2016-06-28,36025.18886
2016-06-29,36057.94556
2016-06-30,35029.47612
2016-07-01,35039.86456
2016-07-05,34198.10123
2016-07-06,34436.04207
2016-07-07,33415.54254
2016-07-08,33119.31787
2016-07-11,32708.53751
2016-07-12,33262.06921
2016-07-13,32856.11064
2016-07-14,32743.10628
2016-07-15,32921.1828
2016-07-18,32493.75279
2016-07-19,32459.56249
2016-07-20,32477.11361
2016-07-21,31784.54431
2016-07-22,31815.15576
2016-07-25,31507.20127
2016-07-26,31422.52794
2016-07-27,31011.40484
2016-07-28,30384.38072
2016-07-29,29971.87245
2016-08-01,29357.78866
2016-08-02,29428.72422
2016-08-03,29905.75811
2016-08-04,29619.18722
2016-08-05,29859.74256
2016-08-08,29899.16751
2016-08-09,29399.34353
2016-08-10,28724.16802
2016-08-11,29429.1376
2016-08-12,30112.93793
2016-08-15,30192.06197
2016-08-16,30389.79094
2016-08-17,31055.74186
2016-08-18,31293.32829
2016-08-19,31594.75192
2016-08-22,31221.69149
2016-08-23,32022.07526
2016-08-24,32237.32518
2016-08-25,32525.66159
2016-08-26,32418.6954
2016-08-29,32576.69052
2016-08-30,32550.62056
2016-08-31,32287.88009
2016-09-01,31592.90005
2016-09-02,31670.93724
2016-09-06,30819.91771
2016-09-07,31236.83788
2016-09-08,32241.07824
2016-09-09,32209.28058
2016-09-12,32167.38802
2016-09-13,31859.65634
2016-09-14,31069.53815
2016-09-15,31098.03562
2016-09-16,31082.50148
2016-09-19,30719.45993
2016-09-20,30490.54849
2016-09-21,30507.17573
2016-09-22,30570.03633
2016-09-23,30137.5342
2016-09-26,30589.25387
2016-09-27,29568.9452
2016-09-28,30926.73032
2016-09-29,31648.28341
2016-09-30,31386.88207
2016-10-03,31291.48304
2016-10-04,31794.65323
2016-10-05,31945.0506
2016-10-06,32409.12091
2016-10-07,32374.56518
2016-10-10,32673.46255
2016-10-11,33696.14501
2016-10-12,33005.32764
2016-10-13,33146.89623
2016-10-14,33219.51653
2016-10-17,32954.37509
2016-10-18,32498.70195
2016-10-19,32681.58155
2016-10-20,32410.6502
2016-10-21,32770.57175
2016-10-24,32504.14792
2016-10-25,32016.1193
2016-10-26,31990.29676
2016-10-27,32262.17815
2016-10-28,31856.17591
2016-10-31,30399.36565
2016-11-01,30674.33564
2016-11-02,29811.77629
2016-11-03,29581.39794
2016-11-04,29475.07734
2016-11-07,29241.29218
2016-11-08,29126.79468
2016-11-09,29618.2898
2016-11-10,30661.72532
2016-11-11,30725.66726
2016-11-14,30848.13735
2016-11-15,31182.89239
2016-11-16,31319.79677
2016-11-17,31507.5205
2016-11-18,31720.24903
2016-11-21,32304.03985
2016-11-22,31942.11498
2016-11-23,32259.78528
2016-11-25,31548.13434
2016-11-28,31156.01781
2016-11-29,30547.65499
2016-11-30,32485.8028
2016-12-01,33287.65306
2016-12-02,32684.05622
2016-12-05,32793.9577
2016-12-06,32299.94925
2016-12-07,31735.98231
2016-12-08,32211.50789
2016-12-09,32837.78519
2016-12-12,32855.80407
2016-12-13,32832.51756
2016-12-14,32513.58168
2016-12-15,33117.2208
2016-12-16,33559.54731
2016-12-19,33519.21547
2016-12-20,33226.88122
2016-12-21,33093.22293
2016-12-22,33438.81119
2016-12-23,33318.87084
2016-12-27,33677.81431
2016-12-28,33648.43393
2016-12-29,32914.72716
2016-12-30,33200.31668
