"Index","DomesticEquity.Close"
2002-06-03,1024.21
2002-06-04,1022.63
2002-06-05,1013.77
2002-06-06,1000.79
2002-06-07,994.05
2002-06-10,991.02
2002-06-11,987.19
2002-06-12,999.76
2002-06-13,983.05
2002-06-14,980.96
2002-06-18,978.64
2002-06-19,975.22
2002-06-20,977.13
2002-06-21,972.31
2002-06-24,971.08
2002-06-25,959.12
2002-06-26,940.8
2002-06-27,948.41
2002-06-28,958.17
2002-07-01,956.15
2002-07-02,953.78
2002-07-03,929.93
2002-07-04,936.97
2002-07-05,948.96
2002-07-08,956.62
2002-07-09,946.93
2002-07-10,928.96
2002-07-11,920.75
2002-07-12,915.27
2002-07-15,915.87
2002-07-16,918.31
2002-07-17,926.38
2002-07-18,933.07
2002-07-19,920.56
2002-07-22,893.64
2002-07-23,868.19
2002-07-24,846.2
2002-07-25,866.47
2002-07-26,852.99
2002-07-29,845.25
2002-07-30,859.1
2002-07-31,832.29
2002-08-01,830.24
2002-08-02,812.54
2002-08-05,799.15
2002-08-06,815.5
2002-08-07,828.02
2002-08-08,835.31
2002-08-12,838.78
2002-08-13,847.21
2002-08-14,839.11
2002-08-15,853.52
2002-08-16,850.64
2002-08-19,853.23
2002-08-20,856.95
2002-08-21,874.41
2002-08-22,885.93
2002-08-23,885.25
2002-08-26,867.96
2002-08-27,885.55
2002-08-28,877.68
2002-08-29,873.24
2002-08-30,874.78
2002-09-02,881.91
2002-09-03,865.02
2002-09-04,859.26
2002-09-05,851.54
2002-09-06,863.06
2002-09-09,874.59
2002-09-10,893.12
2002-09-11,899.84
2002-09-12,885.96
2002-09-13,876.52
2002-09-16,886.64
2002-09-17,884.01
2002-09-18,869.22
2002-09-19,857.36
2002-09-20,866.47
2002-09-23,860.69
2002-09-25,854.82
2002-09-26,867.26
2002-09-27,875.04
2002-09-30,861.29
2002-10-01,866.73
2002-10-02,867.25
2002-10-03,864.56
2002-10-04,867.31
2002-10-07,846.01
2002-10-08,848
2002-10-09,837.5
2002-10-10,830.98
2002-10-11,856.46
2002-10-14,859.92
2002-10-15,884.21
2002-10-16,872.58
2002-10-17,877.05
2002-10-18,875.86
2002-10-21,873.84
2002-10-22,888.41
2002-10-23,886.66
2002-10-24,892.11
2002-10-25,877.49
2002-10-28,874.81
2002-10-29,852.02
2002-10-30,851.96
2002-10-31,856.12
2002-11-01,879.86
2002-11-04,873.07
2002-11-05,879.19
2002-11-06,880.6
2002-11-07,887.21
2002-11-08,881.75
2002-11-11,883.27
2002-11-12,883.25
2002-11-13,881.7
2002-11-14,885.09
2002-11-15,886.61
2002-11-18,899.83
2002-11-19,891.34
2002-11-20,890.71
2002-11-21,896.61
2002-11-22,889.37
2002-11-25,868.07
2002-11-26,844.87
2002-11-27,856.63
2002-11-28,866.78
2002-11-29,874.55
2002-12-02,881.37
2002-12-03,875.05
2002-12-04,871.95
2002-12-05,862.08
2002-12-06,853.42
2002-12-09,855.83
2002-12-10,837.13
2002-12-11,830.13
2002-12-12,828.96
2002-12-13,831.84
2002-12-17,870.49
2002-12-18,869.09
2002-12-19,864.73
2002-12-20,855.67
2002-12-23,859.3
2002-12-24,857.4
2002-12-27,860.82
2002-12-30,857.14
2002-12-31,849.66
2003-01-02,848.71
2003-01-03,855.76
2003-01-06,853.06
2003-01-07,860.15
2003-01-08,859.92
2003-01-09,857.09
2003-01-10,853.54
2003-01-13,871.97
2003-01-14,878.94
2003-01-15,874.37
2003-01-16,868.76
2003-01-17,870.58
2003-01-20,870.49
2003-01-21,872.21
2003-01-22,866.85
2003-01-23,853.88
2003-01-24,845.26
2003-01-27,829.48
2003-01-28,826.8
2003-01-29,821.65
2003-01-30,819.79
2003-01-31,807.44
2003-02-03,812.97
2003-02-04,805.23
2003-02-05,813.94
2003-02-06,809.39
2003-02-07,808.17
2003-02-10,805
2003-02-11,805.07
2003-02-12,797.64
2003-02-13,784.99
2003-02-14,789.18
2003-02-17,797.77
2003-02-18,794.08
2003-02-19,787.79
2003-02-20,774.53
2003-02-21,781.04
2003-02-24,785.68
2003-02-25,771.64
2003-02-26,761.13
2003-02-27,763.64
2003-02-28,772.67
2003-03-03,775.22
2003-03-04,765.43
2003-03-05,753.76
2003-03-06,748.57
2003-03-07,733.78
2003-03-10,725.93
2003-03-11,717.87
2003-03-12,718.2
2003-03-13,737.46
2003-03-14,747.23
2003-03-17,744.13
2003-03-18,765.47
2003-03-19,766.72
2003-03-20,752.6
2003-03-24,743.39
2003-03-25,734.66
2003-03-26,725.93
2003-03-27,722
2003-03-28,716.45
2003-03-31,711.38
2003-04-01,721.22
2003-04-02,733.22
2003-04-03,733.87
2003-04-04,729.83
2003-04-07,751.23
2003-04-08,740.14
2003-04-09,732.11
2003-04-10,721.38
2003-04-11,727.18
2003-04-14,732.93
2003-04-15,730.44
2003-04-16,728.75
2003-04-17,722.96
2003-04-22,721.52
2003-04-23,721.72
2003-04-24,697.89
2003-04-25,685.66
2003-04-29,687.79
2003-04-30,699.56
2003-05-02,713.44
2003-05-05,712.09
2003-05-06,719.3
2003-05-07,715.87
2003-05-08,704.64
2003-05-09,707.3
2003-05-12,728.18
2003-05-13,734.49
2003-05-14,748.44
2003-05-15,768.19
2003-05-16,759.94
2003-05-19,764.26
2003-05-20,755.61
2003-05-21,755.41
2003-05-22,760.7
2003-05-23,769.01
2003-05-26,778.05
2003-05-27,784.4
2003-05-28,799.48
2003-05-29,792.12
2003-05-30,797.96
2003-06-02,807.63
2003-06-03,802.26
2003-06-04,815.24
2003-06-05,813.18
2003-06-06,825.65
2003-06-09,813.44
2003-06-10,817.34
2003-06-11,813.54
2003-06-12,809.81
2003-06-13,813.13
2003-06-17,825.29
2003-06-18,827.69
2003-06-19,831.47
2003-06-20,826.31
2003-06-23,817.08
2003-06-24,798.61
2003-06-25,789.37
2003-06-26,782.07
2003-06-27,779.52
2003-06-30,780.27
2003-07-01,775.62
2003-07-02,784.45
2003-07-03,801.42
2003-07-04,793.96
2003-07-07,797.29
2003-07-08,819.21
2003-07-09,807.32
2003-07-10,800.65
2003-07-11,808.79
2003-07-14,829.24
2003-07-15,821.34
2003-07-16,819.54
2003-07-17,805.68
2003-07-18,803.03
2003-07-21,801.91
2003-07-22,798.72
2003-07-23,799.37
2003-07-24,811.07
2003-07-25,818.77
2003-07-28,821.91
2003-07-29,817.33
2003-07-30,817.77
2003-07-31,824.61
2003-08-01,824.36
2003-08-04,828.43
2003-08-05,829.92
2003-08-06,824.56
2003-08-07,819.47
2003-08-08,829.66
2003-08-11,834.19
2003-08-12,841.61
2003-08-13,849.87
2003-08-14,842.2
2003-08-15,844.82
2003-08-18,849.12
2003-08-19,857.02
2003-08-20,859.94
2003-08-21,876.95
2003-08-22,877.07
2003-08-25,870.2
2003-08-26,854.97
2003-08-27,859.45
2003-08-28,863.62
2003-08-29,866.96
2003-09-01,879.71
2003-09-02,865.9
2003-09-03,875.64
2003-09-04,874.69
2003-09-05,892.94
2003-09-08,897.17
2003-09-09,906.19
2003-09-10,889.39
2003-09-11,886.4
2003-09-12,881.94
2003-09-15,882.15
2003-09-16,894.28
2003-09-17,886.09
2003-09-18,886.03
2003-09-19,886.93
2003-09-22,874.79
2003-09-23,862.74
2003-09-25,860.95
2003-09-26,857.95
2003-09-29,863.13
2003-09-30,842.16
2003-10-01,836.4
2003-10-02,845.83
2003-10-03,859.24
2003-10-06,869.83
2003-10-07,859.77
2003-10-08,873.12
2003-10-09,891.17
2003-10-10,896.54
2003-10-13,911.3
2003-10-14,902.58
2003-10-15,910.03
2003-10-16,913.11
2003-10-17,931.86
2003-10-20,928.43
2003-10-21,921.4
2003-10-22,909.5
2003-10-23,902.05
2003-10-24,899.18
2003-10-27,899.65
2003-10-28,913.12
2003-10-29,917.95
2003-10-30,929.12
2003-10-31,924.52
2003-11-03,925.6
2003-11-04,929.35
2003-11-05,927.16
2003-11-06,936.25
2003-11-07,940.09
2003-11-10,937.12
2003-11-11,925.64
2003-11-12,931.43
2003-11-13,934.93
2003-11-14,939.64
2003-11-17,920.54
2003-11-18,919.53
2003-11-19,915.49
2003-11-20,902.4
2003-11-21,907.8
2003-11-24,908.67
2003-11-25,915
2003-11-26,910.26
2003-11-27,914.49
2003-11-28,922.43
2003-12-01,941.6
2003-12-02,933.99
2003-12-03,920.77
2003-12-04,910.35
2003-12-05,927.93
2003-12-08,927.79
2003-12-09,935.56
2003-12-10,928.26
2003-12-11,924.8
2003-12-12,928.88
2003-12-15,935.86
2003-12-17,941.85
2003-12-18,958.57
2003-12-19,971.33
2003-12-22,979.4
2003-12-23,981.82
2003-12-24,980.59
2003-12-29,980.48
2003-12-30,985.7
2003-12-31,986.32
2004-01-02,998.06
2004-01-05,988.23
2004-01-06,998.19
2004-01-07,999.57
2004-01-08,999
2004-01-09,1005.67
2004-01-12,1018.88
2004-01-13,1034.16
2004-01-14,1040.83
2004-01-15,1038.67
2004-01-16,1047.11
2004-01-19,1044.8
2004-01-20,1043.69
2004-01-21,1038.05
2004-01-22,1046.58
2004-01-23,1052.8
2004-01-26,1057.56
2004-01-27,1052.58
2004-01-28,1033.3
2004-01-29,1032.57
2004-01-30,1032.08
2004-02-02,1030.6
2004-02-03,1029.09
2004-02-04,1023.42
2004-02-05,1013.23
2004-02-06,1028.32
2004-02-09,1035.57
2004-02-10,1039.42
2004-02-11,1030.14
2004-02-12,1029.14
2004-02-13,1029.83
2004-02-16,1032.37
2004-02-17,1041.87
2004-02-18,1040.7
2004-02-19,1048.67
2004-02-20,1045.31
2004-02-23,1033.15
2004-02-24,1019.76
2004-02-25,1023.34
2004-02-26,1029.97
2004-02-27,1037.02
2004-03-01,1050.46
2004-03-02,1061.87
2004-03-03,1064.06
2004-03-04,1060.64
2004-03-05,1056.26
2004-03-08,1052.03
2004-03-09,1050.26
2004-03-10,1040.35
2004-03-11,1023.61
2004-03-12,1027.14
2004-03-15,1017.93
2004-03-16,1025.48
2004-03-17,1027.86
2004-03-18,1042.1
2004-03-19,1034.02
2004-03-23,1019.14
2004-03-24,1008.12
2004-03-25,1007.1
2004-03-26,1018.46
2004-03-29,1015.39
2004-03-30,1014.25
2004-03-31,1022.58
2004-04-01,1029.56
2004-04-02,1043.71
2004-04-05,1040.98
2004-04-06,1045
2004-04-07,1038.85
2004-04-08,1040.83
2004-04-13,1053.61
2004-04-15,1039.08
2004-04-16,1032.27
2004-04-19,1029.14
2004-04-20,1034.82
2004-04-21,1024.6
2004-04-22,1025.46
2004-04-23,1022.74
2004-04-26,1024.33
2004-04-28,1020.1
2004-04-29,1011.93
2004-04-30,998.4
2004-05-03,999.78
2004-05-04,1013.17
2004-05-05,1016.56
2004-05-06,1001.06
2004-05-07,1000.52
2004-05-10,967.58
2004-05-11,973.61
2004-05-12,962.92
2004-05-13,964.34
2004-05-14,938.92
2004-05-17,942.92
2004-05-18,937.13
2004-05-19,970.07
2004-05-20,966.08
2004-05-21,976.48
2004-05-24,960.53
2004-05-25,966.55
2004-05-26,980.85
2004-05-27,998.89
2004-05-28,991.11
2004-05-31,1001.46
2004-06-01,991.33
2004-06-02,992.23
2004-06-03,983.66
2004-06-04,980.06
2004-06-07,997.41
2004-06-08,1008.73
2004-06-09,1002.55
2004-06-10,992.57
2004-06-11,981.85
2004-06-14,979.7
2004-06-15,971.96
2004-06-17,979.79
2004-06-18,979.52
2004-06-21,973.39
2004-06-22,967.07
2004-06-23,961.12
2004-06-24,981.03
2004-06-25,984.04
2004-06-28,978.47
2004-06-29,976.33
2004-06-30,974.28
2004-07-01,977.14
2004-07-02,968.97
2004-07-05,974.03
2004-07-06,973.15
2004-07-07,968.7
2004-07-08,959.53
2004-07-09,969.37
2004-07-12,968.02
2004-07-13,981.91
2004-07-14,974.79
2004-07-15,977.86
2004-07-16,966.95
2004-07-19,956.23
2004-07-20,956.86
2004-07-21,978.08
2004-07-22,964.37
2004-07-23,971.57
2004-07-26,972.74
2004-07-27,981.49
2004-07-28,987.77
2004-07-29,989.38
2004-07-30,995.25
2004-08-02,1000.73
2004-08-03,1007.78
2004-08-04,1009.19
2004-08-05,1006.46
2004-08-06,987.94
2004-08-10,983.39
2004-08-11,980.86
2004-08-12,1013.9
2004-08-13,1020.78
2004-08-16,1048.06
2004-08-17,1040.48
2004-08-18,1034.84
2004-08-19,1053.62
2004-08-20,1059.13
2004-08-23,1081.66
2004-08-24,1069.66
2004-08-25,1062.71
2004-08-26,1067.23
2004-08-27,1081.4
2004-08-30,1082.06
2004-08-31,1082.3
2004-09-01,1080.81
2004-09-02,1081.5
2004-09-03,1088.45
2004-09-06,1091.23
2004-09-07,1080.76
2004-09-08,1085.36
2004-09-09,1092.14
2004-09-10,1089.54
2004-09-13,1091.03
2004-09-14,1093.79
2004-09-15,1089.25
2004-09-16,1107.98
2004-09-17,1118.63
2004-09-20,1113.43
2004-09-21,1118.69
2004-09-22,1123.15
2004-09-23,1118.8
2004-09-27,1113.99
2004-09-28,1128.7
2004-09-29,1139.14
2004-09-30,1144.13
2004-10-01,1154.91
2004-10-04,1148.65
2004-10-05,1154.68
2004-10-06,1161.31
2004-10-07,1177.11
2004-10-08,1179.84
2004-10-11,1174.93
2004-10-12,1160.89
2004-10-13,1149
2004-10-14,1150.95
2004-10-15,1152.69
2004-10-18,1145.43
2004-10-19,1140.66
2004-10-20,1132.01
2004-10-21,1137.07
2004-10-22,1136.22
2004-10-25,1133.91
2004-10-26,1150.57
2004-10-27,1150.9
2004-10-28,1134.62
2004-10-29,1137.11
2004-11-01,1148.33
2004-11-02,1151.99
2004-11-03,1155.83
2004-11-04,1160.45
2004-11-05,1177.05
2004-11-08,1179.09
2004-11-09,1193.34
2004-11-10,1189.5
2004-11-11,1202.37
2004-11-12,1191.71
2004-11-15,1196.73
2004-11-16,1191.98
2004-11-17,1195.53
2004-11-18,1205.41
2004-11-19,1203.89
2004-11-22,1194.3
2004-11-23,1195.26
2004-11-24,1198.9
2004-11-25,1210.14
2004-11-26,1214.02
2004-11-29,1221.83
2004-11-30,1219.64
2004-12-01,1228.15
2004-12-02,1231.08
2004-12-03,1220.56
2004-12-06,1202.05
2004-12-07,1202.71
2004-12-08,1192.18
2004-12-09,1186.42
2004-12-10,1185.91
2004-12-13,1187.01
2004-12-14,1194.13
2004-12-15,1198.6
2004-12-17,1210.76
2004-12-20,1217.85
2004-12-21,1217.09
2004-12-22,1221.53
2004-12-23,1222.31
2004-12-24,1224.77
2004-12-28,1231.04
2004-12-29,1232.77
2004-12-30,1239.1
2004-12-31,1237.25
2005-01-03,1251.16
2005-01-04,1244.33
2005-01-05,1240.73
2005-01-06,1252.75
2005-01-07,1244.37
2005-01-10,1240.51
2005-01-11,1240.65
2005-01-12,1246.52
2005-01-13,1249.43
2005-01-14,1252.15
2005-01-17,1245.01
2005-01-18,1235.41
2005-01-19,1225.82
2005-01-20,1221.68
2005-01-21,1224.45
2005-01-24,1227.73
2005-01-25,1226.49
2005-01-26,1235.28
2005-01-27,1245.34
2005-01-28,1244.34
2005-01-31,1254.01
2005-02-01,1269.58
2005-02-02,1269.61
2005-02-03,1275.38
2005-02-04,1273.97
2005-02-07,1278.32
2005-02-08,1281.93
2005-02-09,1284.28
2005-02-10,1282.22
2005-02-11,1282.1
2005-02-14,1286.89
2005-02-15,1282.66
2005-02-16,1291.66
2005-02-17,1299.37
2005-02-18,1303.57
2005-02-21,1308.03
2005-02-22,1298.59
2005-02-23,1296.91
2005-02-24,1304.3
2005-02-25,1310.89
2005-02-28,1322.42
2005-03-01,1323.63
2005-03-02,1320.48
2005-03-03,1328.74
2005-03-04,1337.93
2005-03-07,1332.34
2005-03-08,1332.4
2005-03-09,1336.9
2005-03-10,1335.23
2005-03-11,1329.05
2005-03-14,1338.61
2005-03-15,1338
2005-03-16,1334.66
2005-03-17,1350.46
2005-03-18,1339.55
2005-03-22,1326.97
2005-03-23,1310.37
2005-03-24,1300.31
2005-03-29,1302.54
2005-03-30,1298.8
2005-03-31,1310.86
2005-04-01,1324.03
2005-04-04,1309.93
2005-04-05,1308.49
2005-04-06,1306.99
2005-04-07,1304.48
2005-04-08,1313.95
2005-04-11,1309.95
2005-04-12,1302
2005-04-13,1286.82
2005-04-14,1296.65
2005-04-15,1292.34
2005-04-18,1277.77
2005-04-19,1283.81
2005-04-20,1276.91
2005-04-21,1266.05
2005-04-22,1262.43
2005-04-25,1265.26
2005-04-26,1266.56
2005-04-28,1234.31
2005-04-29,1243.08
2005-05-03,1254.91
2005-05-04,1254.48
2005-05-05,1268.21
2005-05-06,1281.91
2005-05-09,1302.9
2005-05-10,1295.78
2005-05-11,1297.61
2005-05-12,1302.67
2005-05-13,1282.57
2005-05-16,1296.77
2005-05-17,1297.86
2005-05-18,1313.76
2005-05-19,1310.31
2005-05-20,1328.56
2005-05-23,1335.25
2005-05-24,1340.16
2005-05-25,1333.82
2005-05-26,1357.16
2005-05-27,1363.61
2005-05-30,1378.23
2005-05-31,1365.42
2005-06-01,1372.6
2005-06-02,1383.08
2005-06-03,1388.58
2005-06-06,1395.85
2005-06-07,1385.23
2005-06-08,1387.23
2005-06-09,1387.37
2005-06-10,1390.25
2005-06-13,1409.5
2005-06-14,1409.59
2005-06-15,1408.25
2005-06-17,1419.73
2005-06-20,1422.64
2005-06-21,1419.29
2005-06-22,1419.45
2005-06-23,1415.97
2005-06-24,1398.67
2005-06-27,1395.21
2005-06-28,1396.98
2005-06-29,1408.66
2005-06-30,1405.81
2005-07-01,1414.69
2005-07-04,1422.97
2005-07-05,1428.2
2005-07-06,1431.4
2005-07-07,1422.2
2005-07-08,1437.68
2005-07-11,1443.67
2005-07-12,1443.22
2005-07-13,1459.22
2005-07-14,1469.97
2005-07-15,1464.1
2005-07-18,1468.72
2005-07-19,1478.81
2005-07-20,1479.83
2005-07-21,1484.13
2005-07-22,1494.29
2005-07-25,1506.03
2005-07-26,1498.14
2005-07-27,1504.32
2005-07-28,1514.18
2005-07-29,1506.62
2005-08-01,1512.51
2005-08-02,1524.81
2005-08-03,1535.19
2005-08-04,1539.13
2005-08-05,1538.59
2005-08-08,1552.53
2005-08-10,1565.7
2005-08-11,1563
2005-08-12,1569.58
2005-08-15,1580.56
2005-08-16,1566.82
2005-08-17,1546.75
2005-08-18,1542.59
2005-08-19,1557.74
2005-08-22,1563.82
2005-08-23,1563.4
2005-08-24,1539.4
2005-08-25,1534.2
2005-08-26,1525.81
2005-08-29,1522.84
2005-08-30,1526.24
2005-08-31,1537.56
2005-09-01,1563.92
2005-09-02,1572.71
2005-09-05,1567.44
2005-09-06,1583.29
2005-09-07,1592.82
2005-09-08,1583.78
2005-09-09,1587.86
2005-09-12,1605.22
2005-09-13,1594.51
2005-09-14,1598.96
2005-09-15,1615.36
2005-09-16,1637.8
2005-09-19,1650.49
2005-09-20,1639.09
2005-09-21,1646.71
2005-09-22,1625.95
2005-09-23,1617.18
2005-09-26,1642.61
2005-09-27,1648.64
2005-09-28,1667.22
2005-09-29,1670.24
2005-09-30,1690.99
2005-10-03,1669.75
2005-10-04,1673
2005-10-05,1662.56
2005-10-06,1633.32
2005-10-07,1617.09
2005-10-10,1618.42
2005-10-11,1635.64
2005-10-12,1638.5
2005-10-13,1598.66
2005-10-14,1571.22
2005-10-17,1599.92
2005-10-18,1589.94
2005-10-19,1561.04
2005-10-20,1590.64
2005-10-21,1568.72
2005-10-24,1607.9
2005-10-25,1617.39
2005-10-26,1651.79
2005-10-27,1632.34
2005-10-28,1631.15
2005-10-31,1650.84
2005-11-01,1663.4
2005-11-02,1664.29
2005-11-03,1704.5
2005-11-04,1695.93
2005-11-07,1713.61
2005-11-08,1686.63
2005-11-09,1689.6
2005-11-10,1707.75
2005-11-11,1718.6
2005-11-14,1747.52
2005-11-15,1737.5
2005-11-16,1720.67
2005-11-17,1736.83
2005-11-18,1755.01
2005-11-21,1752.29
2005-11-22,1736.98
2005-11-23,1731.81
2005-11-24,1753.38
2005-11-25,1740.07
2005-11-28,1728.63
2005-11-29,1711.93
2005-11-30,1686.19
2005-12-01,1688.85
2005-12-02,1702.91
2005-12-05,1695.09
2005-12-06,1710.95
2005-12-07,1738.69
2005-12-08,1734.61
2005-12-09,1749.84
2005-12-12,1769.29
2005-12-13,1753.09
2005-12-14,1756.35
2005-12-15,1776.43
2005-12-19,1798.15
2005-12-20,1787.26
2005-12-21,1801
2005-12-22,1816.19
2005-12-23,1823.72
2005-12-27,1842.65
2005-12-28,1819.1
2005-12-29,1828.6
2005-12-30,1821.87
2006-01-03,1847.96
2006-01-04,1853.97
2006-01-05,1836.78
2006-01-06,1853.92
2006-01-09,1869.81
2006-01-10,1861.63
2006-01-11,1873.81
2006-01-12,1872.08
2006-01-13,1871.14
2006-01-16,1847.3
2006-01-17,1840.47
2006-01-18,1844.82
2006-01-19,1887.8
2006-01-20,1902.9
2006-01-23,1894.7
2006-01-24,1916.77
2006-01-25,1941.51
2006-01-26,1956.81
2006-01-27,1987.48
2006-01-30,1974.53
2006-01-31,1990.17
2006-02-01,2019.98
2006-02-02,2023.59
2006-02-03,1966.07
2006-02-06,1992.59
2006-02-07,1978.95
2006-02-08,1935.35
2006-02-09,1962.4
2006-02-10,1954.89
2006-02-13,1912.19
2006-02-14,1890.05
2006-02-15,1888.43
2006-02-16,1881.45
2006-02-17,1954.45
2006-02-20,1954.57
2006-02-21,1967.66
2006-02-22,1984.39
2006-02-23,1981.95
2006-02-24,1966.48
2006-02-27,1983.78
2006-02-28,1926.04
2006-03-02,1956.9
2006-03-03,1947.65
2006-03-06,1959.65
2006-03-07,1884.42
2006-03-08,1875.76
2006-03-09,1903.92
2006-03-10,1897.25
2006-03-13,1918.79
2006-03-14,1953.68
2006-03-15,1994.51
2006-03-16,1988.34
2006-03-17,2008.98
2006-03-20,2041.19
2006-03-22,2026.29
2006-03-23,2043.35
2006-03-24,2059.64
2006-03-27,2072.1
2006-03-28,2047.93
2006-03-29,2060.86
2006-03-30,2096.38
2006-03-31,2063.3
2006-04-03,2101.8
2006-04-04,2095.29
2006-04-05,2099.12
2006-04-06,2093.63
2006-04-07,2092.01
2006-04-10,2104.8
2006-04-11,2118.97
2006-04-12,2104.5
2006-04-13,2101.69
2006-04-18,2130.16
2006-04-19,2145.79
2006-04-20,2134.08
2006-04-21,2139.7
2006-04-24,2141.49
2006-04-25,2139.87
2006-04-26,2172.76
2006-04-28,2150.53
2006-05-02,2176.85
2006-05-03,2173.65
2006-05-04,2190.2
2006-05-05,2220.41
2006-05-08,2213.77
2006-05-09,2229.71
2006-05-10,2240.95
2006-05-11,2248.08
2006-05-12,2216.27
2006-05-15,2134.18
2006-05-16,2117.78
2006-05-17,2101.46
2006-05-18,2073.04
2006-05-19,2055.38
2006-05-22,1998.86
2006-05-23,2075.5
2006-05-24,2036.8
2006-05-25,2038.03
2006-05-26,2106.19
2006-05-29,2119.95
2006-05-30,2083.79
2006-05-31,2093.11
2006-06-01,2072.02
2006-06-02,2124.6
2006-06-05,2123.67
2006-06-06,2037.25
2006-06-07,2004.98
2006-06-08,1875.04
2006-06-09,1968.02
2006-06-12,1949.21
2006-06-13,1871.81
2006-06-14,1909.87
2006-06-15,2006.13
2006-06-19,2025.96
2006-06-20,2065.84
2006-06-21,2105.99
2006-06-22,2108.02
2006-06-23,2087.97
2006-06-26,2069.24
2006-06-27,2060.96
2006-06-28,2059.12
2006-06-29,2115.4
2006-06-30,2163.69
2006-07-03,2183.27
2006-07-04,2179.97
2006-07-05,2135.88
2006-07-06,2167.29
2006-07-07,2178.97
2006-07-10,2178.41
2006-07-11,2170.39
2006-07-12,2203.42
2006-07-13,2139.36
2006-07-14,2110
2006-07-17,2068.5
2006-07-18,2065.84
2006-07-19,2122.28
2006-07-20,2094.24
2006-07-21,2059.42
2006-07-24,2078.35
2006-07-25,2083.88
2006-07-26,2098.26
2006-07-27,2126.18
2006-07-28,2116.48
2006-07-31,2132.12
2006-08-01,2104.7
2006-08-02,2121.14
2006-08-03,2113.48
2006-08-04,2144.03
2006-08-07,2111.54
2006-08-08,2122.78
2006-08-10,2096.91
2006-08-11,2113.3
2006-08-14,2122.16
2006-08-15,2140.52
2006-08-16,2153.83
2006-08-17,2184.96
2006-08-18,2174.14
2006-08-21,2224.87
2006-08-22,2251.1
2006-08-23,2217
2006-08-24,2217.78
2006-08-25,2228.32
2006-08-28,2247.3
2006-08-29,2219.13
2006-08-30,2258.16
2006-08-31,2248.17
2006-09-01,2274.67
2006-09-04,2305.14
2006-09-05,2300.82
2006-09-06,2294.39
2006-09-07,2244.06
2006-09-08,2227
2006-09-11,2161.46
2006-09-12,2182.74
2006-09-13,2188.54
2006-09-14,2204.25
2006-09-15,2194.96
2006-09-18,2202.33
2006-09-19,2212.5
2006-09-20,2223.82
2006-09-21,2250.45
2006-09-22,2263.14
2006-09-26,2278.94
2006-09-27,2287.89
2006-09-28,2312.73
2006-09-29,2300.73
2006-10-02,2319.37
2006-10-03,2290.71
2006-10-04,2300.28
2006-10-05,2311.38
2006-10-06,2315.13
2006-10-09,2344.53
2006-10-10,2347.23
2006-10-11,2334.86
2006-10-12,2342.28
2006-10-13,2351.42
2006-10-16,2385.58
2006-10-17,2387.02
2006-10-18,2392.6
2006-10-19,2397.31
2006-10-20,2405.84
2006-10-23,2419.5
2006-10-24,2425.99
2006-10-25,2421.53
2006-10-26,2392.99
2006-10-27,2377.48
2006-10-30,2391.68
2006-10-31,2405.93
2006-11-01,2432.97
2006-11-02,2425.46
2006-11-03,2431.95
2006-11-06,2469.1
2006-11-07,2476.49
2006-11-08,2469.28
2006-11-09,2441.65
2006-11-10,2455.52
2006-11-13,2429.57
2006-11-14,2440.65
2006-11-15,2439.1
2006-11-16,2416.1
2006-11-17,2390.59
2006-11-20,2433.75
2006-11-21,2453.19
2006-11-22,2464.23
2006-11-23,2460.01
2006-11-24,2473.69
2006-11-27,2455.82
2006-11-28,2430.52
2006-11-29,2443.65
2006-11-30,2470.29
2006-12-01,2482.76
2006-12-04,2483.51
2006-12-05,2495.71
2006-12-06,2470.43
2006-12-07,2461.16
2006-12-08,2451.26
2006-12-11,2446.46
2006-12-12,2431.15
2006-12-13,2447.25
2006-12-14,2473.55
2006-12-15,2492.45
2006-12-18,2491.29
2006-12-19,2489.33
2006-12-20,2523.26
2006-12-21,2562.5
2006-12-22,2542.51
2006-12-27,2573.58
2006-12-28,2579.1
2006-12-29,2573
2007-01-02,2597.94
2007-01-03,2540.55
2007-01-04,2499.24
2007-01-05,2505.45
2007-01-08,2522.99
2007-01-09,2542.75
2007-01-10,2535.72
2007-01-11,2550.38
2007-01-12,2574.3
2007-01-15,2604.15
2007-01-16,2600.09
2007-01-17,2582
2007-01-18,2607.95
2007-01-19,2575.85
2007-01-22,2598.61
2007-01-23,2594.88
2007-01-24,2630.09
2007-01-25,2643.33
2007-01-26,2623.16
2007-01-29,2619.5
2007-01-30,2633.91
2007-01-31,2630.44
2007-02-01,2665.04
2007-02-02,2654.37
2007-02-05,2646.72
2007-02-06,2680.69
2007-02-07,2678.84
2007-02-08,2645.86
2007-02-09,2653.09
2007-02-12,2669.43
2007-02-13,2690.4
2007-02-14,2720.18
2007-02-15,2741.85
2007-02-16,2740.82
2007-02-19,2752.78
2007-02-20,2741.57
2007-02-21,2720.01
2007-02-22,2760.48
2007-02-23,2770.27
2007-02-26,2787.52
2007-02-27,2699.15
2007-02-28,2669.93
2007-03-01,2622.38
2007-03-02,2645.62
2007-03-05,2580.15
2007-03-06,2612.11
2007-03-07,2617.52
2007-03-08,2652.33
2007-03-09,2684.11
2007-03-12,2704.29
2007-03-13,2687.75
2007-03-14,2625.06
2007-03-15,2667.92
2007-03-16,2688.79
2007-03-19,2722.34
2007-03-20,2743.09
2007-03-22,2773.68
2007-03-23,2800.6
2007-03-26,2784.69
2007-03-27,2793.36
2007-03-28,2792.34
2007-03-29,2825.73
2007-03-30,2840.11
2007-04-02,2855.9
2007-04-03,2871.45
2007-04-04,2867.04
2007-04-05,2871.3
2007-04-10,2905.47
2007-04-11,2880.77
2007-04-12,2899.91
2007-04-13,2932.24
2007-04-16,2959.37
2007-04-17,2972.64
2007-04-18,2935.29
2007-04-19,2930.09
2007-04-20,2959.45
2007-04-23,2973.45
2007-04-24,2936.83
2007-04-25,2944.4
2007-04-26,2929.06
2007-04-30,2938.91
2007-05-02,2955.35
2007-05-03,2950.14
2007-05-04,2988.89
2007-05-07,3007.49
2007-05-08,2941.07
2007-05-09,2961.19
2007-05-10,2970.01
2007-05-11,2994.3
2007-05-14,2934.17
2007-05-15,2930.46
2007-05-16,2929.16
2007-05-17,2912.19
2007-05-18,2958.89
2007-05-21,2991.65
2007-05-22,2990.29
2007-05-23,3038.14
2007-05-24,3009.46
2007-05-25,2980.23
2007-05-28,2991.29
2007-05-29,2994.3
2007-05-30,2970.63
2007-05-31,2990.31
2007-06-01,3023.21
2007-06-04,3013.02
2007-06-05,3015.99
2007-06-06,2981.82
2007-06-07,2983.43
2007-06-08,2943.2
2007-06-11,2983.04
2007-06-12,2957.31
2007-06-13,2989.04
2007-06-14,3029.28
2007-06-15,3063.32
2007-06-18,3064.11
2007-06-19,3056.23
2007-06-20,3084.15
2007-06-21,3063.18
2007-06-22,3040.67
2007-06-25,3022.23
2007-06-26,3004.67
2007-06-27,2956.45
2007-06-28,2968.75
2007-06-29,2961.9
2007-07-02,3001.52
2007-07-03,3006.95
2007-07-04,3016.29
2007-07-05,3021.73
2007-07-06,3055.4
2007-07-09,3109.78
2007-07-10,3082.2
2007-07-11,3102.37
2007-07-12,3117.85
2007-07-13,3135.69
2007-07-16,3126.06
2007-07-17,3098.64
2007-07-18,3079.43
2007-07-19,3100.21
2007-07-20,3107.62
2007-07-23,3128.77
2007-07-24,3097.94
2007-07-25,3047.11
2007-07-26,2992.73
2007-07-27,2901.5
2007-07-30,2947.81
2007-07-31,2990.27
2007-08-01,2912.62
2007-08-02,2916.72
2007-08-03,2887.79
2007-08-06,2816.85
2007-08-07,2859.52
2007-08-08,2953.42
2007-08-10,2834.84
2007-08-13,2907.33
2007-08-14,2867.21
2007-08-15,2838.03
2007-08-16,2722.86
2007-08-17,2722.13
2007-08-20,2797.05
2007-08-21,2786.42
2007-08-22,2860.14
2007-08-23,2883.97
2007-08-24,2878.7
2007-08-27,2922.17
2007-08-28,2886.35
2007-08-29,2899.1
2007-08-30,2931.56
2007-08-31,3010.38
2007-09-03,3034.94
2007-09-04,3052.22
2007-09-05,3014.9
2007-09-06,3031.03
2007-09-07,2974.46
2007-09-10,2973.1
2007-09-11,3038.11
2007-09-12,3024.63
2007-09-13,3062.13
2007-09-14,3045.46
2007-09-17,3010.38
2007-09-18,3034.64
2007-09-19,3144.59
2007-09-20,3147.09
2007-09-21,3134.36
2007-09-25,3141.39
2007-09-26,3145.23
2007-09-27,3159.15
2007-09-28,3160.72
2007-10-01,3183.07
2007-10-02,3210.84
2007-10-03,3242.43
2007-10-04,3259.34
2007-10-05,3263.27
2007-10-08,3251.63
2007-10-09,3266.98
2007-10-10,3294.9
2007-10-11,3330
2007-10-12,3297.77
2007-10-15,3293.71
2007-10-16,3279.87
2007-10-17,3283.55
2007-10-18,3278.11
2007-10-19,3251.62
2007-10-22,3186.59
2007-10-23,3218.6
2007-10-24,3175.45
2007-10-25,3215.22
2007-10-26,3256.17
2007-10-29,3299.18
2007-10-30,3302.7
2007-10-31,3312.24
2007-11-01,3257.41
2007-11-02,3229.63
2007-11-05,3209.04
2007-11-06,3253.27
2007-11-07,3253.6
2007-11-08,3283.99
2007-11-09,3269.72
2007-11-12,3254.4
2007-11-13,3220.62
2007-11-14,3244.62
2007-11-15,3187.85
2007-11-16,3158.58
2007-11-19,3090.64
2007-11-20,3124.45
2007-11-21,3082.59
2007-11-22,3080.59
2007-11-23,3130.84
2007-11-26,3115.67
2007-11-27,3098.49
2007-11-28,3111.58
2007-11-29,3166.14
2007-11-30,3206.56
2007-12-03,3206.99
2007-12-04,3169.29
2007-12-05,3187.35
2007-12-06,3189
2007-12-07,3216.19
2007-12-10,3224.98
2007-12-11,3225.43
2007-12-12,3208.33
2007-12-13,3111.11
2007-12-14,3039.09
2007-12-18,3019.86
2007-12-19,2976.1
2007-12-20,3012.94
2007-12-21,3105.15
2007-12-24,3123.5
2007-12-27,3152.73
2007-12-28,3138.53
2007-12-31,3066.87
2008-01-01,3066.87
2008-01-02,3102.05
2008-01-03,3084.54
2008-01-04,3069.17
2008-01-07,3034.59
2008-01-08,3066.06
2008-01-09,3009.2
2008-01-10,2956.56
2008-01-11,2914.74
2008-01-14,2961.93
2008-01-15,2928.53
2008-01-16,2851.76
2008-01-17,2865.37
2008-01-18,2824.33
2008-01-21,2694.2
2008-01-22,2691.39
2008-01-23,2663.62
2008-01-24,2804.35
2008-01-25,2808.5
2008-01-28,2722.73
2008-01-29,2802.19
2008-01-30,2868.47
2008-01-31,2894.85
2008-02-01,3046.89
2008-02-04,3032.87
2008-02-05,2942.21
2008-02-06,2954.65
2008-02-07,2940.63
2008-02-08,2961.45
2008-02-11,2928.51
2008-02-12,3029.47
2008-02-13,3020.63
2008-02-14,3077.58
2008-02-15,3021.01
2008-02-18,3075.38
2008-02-19,3134.12
2008-02-20,3125.37
2008-02-21,3198.72
2008-02-22,3163.44
2008-02-25,3164.02
2008-02-26,3215.37
2008-02-27,3189.99
2008-02-28,3201.47
2008-02-29,3255.33
2008-03-03,3251.22
2008-03-04,3278.12
2008-03-05,3239.36
2008-03-06,3298.72
2008-03-07,3260.35
2008-03-10,3208.4
2008-03-11,3218.84
2008-03-12,3271.86
2008-03-13,3228.86
2008-03-14,3266.5
2008-03-17,3189.77
2008-03-18,3202.13
2008-03-19,3145.11
2008-03-20,3031.12
2008-03-25,3109.38
2008-03-26,3167.05
2008-03-27,3209.92
2008-03-28,3195.74
2008-03-31,3156.36
2008-04-01,3160.64
2008-04-02,3193.21
2008-04-03,3198.24
2008-04-04,3242.65
2008-04-07,3310.92
2008-04-08,3294.98
2008-04-09,3352.6
2008-04-10,3337.11
2008-04-11,3327.1
2008-04-14,3289.92
2008-04-15,3344.21
2008-04-16,3405.91
2008-04-17,3389
2008-04-18,3377.77
2008-04-21,3398.96
2008-04-22,3392.45
2008-04-23,3395.39
2008-04-24,3336.9
2008-04-25,3325.79
2008-04-29,3271.65
2008-04-30,3288.71
2008-05-05,3352.08
2008-05-06,3419.46
2008-05-07,3415.77
2008-05-08,3443.49
2008-05-09,3441.63
2008-05-12,3442.87
2008-05-13,3427.18
2008-05-14,3468.74
2008-05-15,3496.63
2008-05-16,3502.36
2008-05-19,3555.28
2008-05-20,3530.3
2008-05-21,3524.85
2008-05-22,3559.68
2008-05-23,3485.72
2008-05-26,3505.57
2008-05-27,3477.98
2008-05-28,3450.58
2008-05-29,3416.86
2008-05-30,3411.19
2008-06-02,3399.45
2008-06-03,3395.22
2008-06-04,3372.95
2008-06-05,3400.9
2008-06-06,3396.1
2008-06-09,3374.77
2008-06-10,3327.64
2008-06-11,3283.96
2008-06-12,3326.12
2008-06-13,3330.15
2008-06-17,3371.26
2008-06-18,3320.96
2008-06-19,3354.58
2008-06-20,3277.96
2008-06-23,3267.18
2008-06-24,3240.32
2008-06-25,3212.62
2008-06-26,3215.15
2008-06-27,3256.68
2008-06-30,3262.45
2008-07-01,3218.5
2008-07-02,3143.4
2008-07-03,3045.63
2008-07-04,3022.04
2008-07-07,3025.59
2008-07-08,2965.2
2008-07-09,3007.92
2008-07-10,2973.35
2008-07-11,2978.52
2008-07-14,2976.92
2008-07-15,2908.03
2008-07-16,2886.32
2008-07-17,3006.45
2008-07-18,2965.05
2008-07-21,2976.09
2008-07-22,2929.24
2008-07-23,2940.88
2008-07-24,2946.94
2008-07-25,2900.28
2008-07-28,2935.12
2008-07-29,2918.37
2008-07-30,2983.2
2008-07-31,2978.06
2008-08-01,2847.52
2008-08-04,2780.02
2008-08-05,2837.54
2008-08-06,2894.95
2008-08-07,2864.78
2008-08-08,2875.03
2008-08-11,2897.79
2008-08-12,2893.65
2008-08-13,2905.82
2008-08-14,2990.11
2008-08-15,2928.5
2008-08-18,2888.37
2008-08-19,2830.66
2008-08-20,2887.1
2008-08-21,2916.26
2008-08-22,2926.65
2008-08-25,2879.68
2008-08-26,2914.17
2008-08-27,2957.65
2008-08-28,3022.48
2008-08-29,2987.36
2008-09-01,2902.33
2008-09-02,2890.52
2008-09-03,2867.21
2008-09-04,2830.25
2008-09-05,2746.67
2008-09-08,2837.24
2008-09-09,2738.01
2008-09-10,2732.94
2008-09-11,2762.75
2008-09-12,2828.25
2008-09-15,2785.56
2008-09-16,2713.49
2008-09-17,2642.26
2008-09-18,2617.23
2008-09-19,2761.17
2008-09-22,2814.57
2008-09-23,2709.13
2008-09-25,2710.55
2008-09-26,2663.1
2008-09-29,2510.48
2008-09-30,2591.85
2008-10-01,2537.12
2008-10-02,2453.18
2008-10-03,2465.96
2008-10-06,2290.47
2008-10-07,2349.12
2008-10-08,2283
2008-10-09,2315.49
2008-10-10,2243.9
2008-10-13,2338.15
2008-10-14,2410.67
2008-10-15,2242.25
2008-10-16,2190.38
2008-10-17,2195.13
2008-10-20,2259.61
2008-10-21,2320.02
2008-10-22,2213.29
2008-10-23,2138.01
2008-10-24,2013.71
2008-10-27,2003.3
2008-10-28,2023.54
2008-10-29,2159.41
2008-10-30,2275.79
2008-10-31,2289.99
2008-11-03,2307.5
2008-11-04,2363.65
2008-11-05,2287.38
2008-11-06,2197.23
2008-11-07,2186.88
2008-11-10,2298.56
2008-11-11,2194.34
2008-11-12,2147.64
2008-11-13,2084.77
2008-11-14,2119.6
2008-11-17,2061.97
2008-11-18,2047.12
2008-11-19,2048.15
2008-11-20,1945.26
2008-11-21,1972.78
2008-11-24,2075.76
2008-11-25,2215.59
2008-11-26,2238.73
2008-11-27,2329.07
2008-11-28,2319.07
2008-12-01,2214.12
2008-12-02,2155.99
2008-12-03,2090.3
2008-12-04,2165.5
2008-12-05,2108.51
2008-12-08,2258.62
2008-12-09,2292.51
2008-12-10,2399.48
2008-12-11,2379.65
2008-12-12,2337.21
2008-12-15,2386.52
2008-12-17,2452.56
2008-12-18,2411.56
2008-12-19,2329.82
2008-12-22,2308.27
2008-12-23,2325.13
2008-12-24,2298.39
2008-12-29,2324.56
2008-12-30,2336.7
2008-12-31,2354.29
2009-01-01,2354.29
2009-01-02,2382.28
2009-01-05,2442.28
2009-01-06,2509.66
2009-01-07,2487.67
2009-01-08,2435.38
2009-01-09,2433.12
2009-01-12,2430.89
2009-01-13,2363.1
2009-01-14,2284.04
2009-01-15,2240.09
2009-01-16,2304.46
2009-01-19,2260.08
2009-01-20,2224.11
2009-01-21,2197.14
2009-01-22,2178.22
2009-01-23,2145.89
2009-01-26,2208.89
2009-01-27,2262.21
2009-01-28,2304.49
2009-01-29,2255.53
2009-01-30,2254.24
2009-02-02,2183.5
2009-02-03,2193.38
2009-02-04,2261.81
2009-02-05,2239.69
2009-02-06,2349.14
2009-02-09,2376.68
2009-02-10,2349.84
2009-02-11,2307.57
2009-02-12,2264.98
2009-02-13,2263.28
2009-02-16,2234.22
2009-02-17,2197.21
2009-02-18,2187.22
2009-02-19,2199.05
2009-02-20,2126.85
2009-02-23,2122.05
2009-02-24,2069.97
2009-02-25,2070.43
2009-02-26,2090.33
2009-02-27,2031.67
2009-03-02,2024.11
2009-03-03,1994.84
2009-03-04,2033.75
2009-03-05,2027.67
2009-03-06,2052.1
2009-03-09,2002.35
2009-03-10,2050.34
2009-03-11,2109.09
2009-03-12,2114.45
2009-03-13,2179.91
2009-03-16,2177.77
2009-03-17,2143.67
2009-03-18,2136.25
2009-03-19,2259.32
2009-03-20,2295.9
2009-03-23,2365.43
2009-03-24,2330.65
2009-03-25,2347.15
2009-03-26,2331.26
2009-03-27,2281.31
2009-03-30,2207.38
2009-03-31,2255.54
2009-04-01,2297.42
2009-04-02,2370.68
2009-04-03,2349.76
2009-04-06,2296.75
2009-04-07,2271.82
2009-04-08,2265.71
2009-04-09,2324.56
2009-04-14,2376.14
2009-04-15,2363.81
2009-04-16,2321.34
2009-04-17,2309.76
2009-04-20,2229.63
2009-04-21,2196.99
2009-04-23,2255.15
2009-04-24,2294.28
2009-04-28,2250.56
2009-04-29,2272.82
2009-04-30,2291.16
2009-05-04,2372.92
2009-05-05,2367.2
2009-05-06,2417.3
2009-05-07,2390.27
2009-05-08,2423.64
2009-05-11,2426.23
2009-05-12,2433.84
2009-05-13,2362.71
2009-05-14,2374.55
2009-05-15,2408.82
2009-05-18,2435.84
2009-05-19,2486.15
2009-05-20,2516.76
2009-05-21,2443.66
2009-05-22,2489.16
2009-05-25,2487.54
2009-05-26,2491.26
2009-05-27,2500.24
2009-05-28,2477.33
2009-05-29,2527.87
2009-06-01,2614.82
2009-06-02,2627.39
2009-06-03,2560.92
2009-06-04,2538.64
2009-06-05,2572.38
2009-06-08,2548.56
2009-06-09,2559.71
2009-06-10,2586.06
2009-06-11,2560.58
2009-06-12,2545.6
2009-06-15,2512.7
2009-06-17,2438.25
2009-06-18,2461.33
2009-06-19,2487.78
2009-06-22,2438.07
2009-06-23,2427.08
2009-06-24,2488.08
2009-06-25,2461.94
2009-06-26,2478.85
2009-06-29,2478.96
2009-06-30,2450.64
2009-07-01,2524.08
2009-07-02,2465.76
2009-07-03,2471.2
2009-07-06,2408.55
2009-07-07,2432.43
2009-07-08,2447.26
2009-07-09,2463.24
2009-07-10,2480.53
2009-07-13,2498.16
2009-07-14,2552.27
2009-07-15,2620.4
2009-07-16,2612.7
2009-07-17,2617.5
2009-07-20,2630.24
2009-07-21,2652.76
2009-07-22,2624.94
2009-07-23,2658.94
2009-07-24,2662.32
2009-07-27,2661.8
2009-07-28,2643.65
2009-07-29,2623.73
2009-07-30,2676.9
2009-07-31,2698.16
2009-08-03,2759.13
2009-08-04,2762.43
2009-08-05,2770.57
2009-08-06,2785.8
2009-08-07,2788.64
2009-08-11,2745.34
2009-08-12,2734.97
2009-08-13,2781.85
2009-08-14,2760.25
2009-08-17,2682.03
2009-08-18,2702.28
2009-08-19,2702.69
2009-08-20,2740.81
2009-08-21,2771.67
2009-08-24,2817.04
2009-08-25,2807.17
2009-08-26,2799.12
2009-08-27,2785.83
2009-08-28,2813.31
2009-08-31,2784.5
2009-09-01,2771.4
2009-09-02,2740.58
2009-09-03,2750.28
2009-09-04,2761.01
2009-09-07,2796.42
2009-09-08,2819.36
2009-09-09,2803.69
2009-09-10,2829.39
2009-09-11,2857.5
2009-09-14,2818.09
2009-09-15,2824.06
2009-09-16,2864.51
2009-09-17,2902.81
2009-09-18,2889.52
2009-09-21,2838.95
2009-09-22,2851.88
2009-09-23,2841.44
2009-09-25,2794.6
2009-09-28,2800.74
2009-09-29,2785.18
2009-09-30,2791.42
2009-10-01,2797.7
2009-10-02,2747.6
2009-10-05,2763.54
2009-10-06,2803.67
2009-10-07,2834.97
2009-10-08,2860.68
2009-10-09,2844.05
2009-10-12,2877.25
2009-10-13,2881.76
2009-10-14,2925.1
2009-10-15,2939.27
2009-10-16,2918.5
2009-10-19,2966.61
2009-10-20,2968.74
2009-10-21,2982.28
2009-10-22,3001.06
2009-10-23,3008.94
2009-10-26,3021.06
2009-10-27,2977.13
2009-10-28,2925.24
2009-10-29,2980.57
2009-10-30,2959.37
2009-11-02,2931.57
2009-11-03,2891.47
2009-11-04,2910.43
2009-11-05,2907.44
2009-11-06,2911.44
2009-11-09,2957.66
2009-11-10,2961.14
2009-11-11,2993.31
2009-11-12,2996.17
2009-11-13,2996.98
2009-11-16,3043.53
2009-11-17,3059.49
2009-11-18,3055.47
2009-11-19,3038.47
2009-11-20,3023.88
2009-11-23,3079.44
2009-11-24,3074.28
2009-11-25,3086.82
2009-11-26,3034.76
2009-11-27,3010.41
2009-11-30,3022.43
2009-12-01,3065.45
2009-12-02,3082.56
2009-12-03,3069.56
2009-12-04,3078.13
2009-12-07,3051.38
2009-12-08,3034.11
2009-12-09,3004.79
2009-12-10,3024.04
2009-12-11,3048.09
2009-12-14,3062.92
2009-12-15,3046.92
2009-12-17,3050.47
2009-12-18,3074.75
2009-12-21,3091.55
2009-12-22,3105.78
2009-12-23,3104.2
2009-12-24,3101.09
2009-12-28,3135.8
2009-12-29,3109.52
2009-12-30,3089.29
2009-12-31,3110.79
2010-01-04,3136.86
2010-01-05,3148.51
2010-01-06,3157.68
2010-01-07,3150.64
2010-01-08,3178.61
2010-01-11,3189.3
2010-01-12,3156.77
2010-01-13,3157.82
2010-01-14,3166.24
2010-01-15,3142.32
2010-01-18,3161.93
2010-01-19,3160.46
2010-01-20,3139.65
2010-01-21,3093.3
2010-01-22,3045.3
2010-01-25,3047.26
2010-01-26,2999.1
2010-01-27,3015.99
2010-01-28,3015.22
2010-01-29,3001.79
2010-02-01,2980.58
2010-02-02,3017.13
2010-02-03,3029.98
2010-02-04,2961.55
2010-02-05,2902.44
2010-02-08,2930.45
2010-02-09,2976.94
2010-02-10,2966.14
2010-02-11,2965.18
2010-02-12,2955.25
2010-02-15,3005.02
2010-02-16,3031.85
2010-02-17,3060.3
2010-02-18,3070.2
2010-02-19,3046.41
2010-02-22,3071.48
2010-02-23,3045.73
2010-02-24,3031.95
2010-02-25,3009.3
2010-02-26,3012.99
2010-03-01,3048.46
2010-03-02,3087.48
2010-03-03,3122.64
2010-03-04,3132.85
2010-03-05,3147.57
2010-03-08,3174.54
2010-03-09,3149.86
2010-03-10,3171.26
2010-03-11,3151.36
2010-03-12,3190.99
2010-03-15,3166.77
2010-03-16,3191.59
2010-03-17,3223.04
2010-03-18,3254.13
2010-03-19,3225.43
2010-03-23,3214.91
2010-03-24,3209.33
2010-03-25,3226.72
2010-03-26,3231.55
2010-03-29,3245.39
2010-03-30,3248.71
2010-03-31,3250.11
2010-04-01,3286.06
2010-04-06,3325.43
2010-04-07,3313.82
2010-04-08,3287.23
2010-04-09,3324.27
2010-04-12,3307.92
2010-04-13,3277.55
2010-04-14,3340.72
2010-04-15,3348.13
2010-04-16,3290.29
2010-04-19,3258.97
2010-04-20,3290.9
2010-04-21,3282.54
2010-04-22,3269.33
2010-04-23,3281.7
2010-04-26,3324.59
2010-04-28,3235.58
2010-04-29,3257.3
2010-04-30,3248.17
2010-05-03,3247.65
2010-05-04,3168.81
2010-05-05,3132.61
2010-05-06,3120.83
2010-05-07,3007.65
2010-05-10,3138.74
2010-05-11,3121.98
2010-05-12,3197.35
2010-05-13,3181.88
2010-05-14,3102.51
2010-05-17,3099.56
2010-05-18,3129.88
2010-05-19,3084.61
2010-05-20,2989.55
2010-05-21,2980.54
2010-05-24,3040.15
2010-05-25,2972.26
2010-05-26,3070.77
2010-05-27,3116.43
2010-05-28,3088.39
2010-05-31,3082.13
2010-06-01,3100.72
2010-06-02,3093.8
2010-06-03,3081.04
2010-06-04,3015.46
2010-06-07,2974.54
2010-06-08,2954.82
2010-06-09,3026.5
2010-06-10,3081.35
2010-06-11,3050.05
2010-06-14,3117.86
2010-06-15,3144.74
2010-06-17,3157.95
2010-06-18,3153.71
2010-06-21,3184.87
2010-06-22,3172.16
2010-06-23,3138.12
2010-06-24,3114.91
2010-06-25,3097.23
2010-06-28,3101.65
2010-06-29,3034.48
2010-06-30,2984.48
2010-07-01,2956.15
2010-07-02,2990.82
2010-07-05,2976.37
2010-07-06,3037.9
2010-07-07,3052.79
2010-07-08,3076.24
2010-07-09,3100.24
2010-07-12,3091.59
2010-07-13,3126.11
2010-07-14,3120.17
2010-07-15,3123.69
2010-07-16,3129.96
2010-07-19,3107.4
2010-07-20,3109.66
2010-07-21,3164.68
2010-07-22,3214.77
2010-07-23,3231.84
2010-07-26,3240.95
2010-07-27,3236.68
2010-07-28,3225.97
2010-07-29,3246.76
2010-07-30,3224.6
2010-08-02,3288.69
2010-08-03,3259.54
2010-08-04,3249.67
2010-08-05,3248.24
2010-08-06,3220.31
2010-08-10,3178.81
2010-08-11,3126.9
2010-08-12,3127.51
2010-08-13,3134.24
2010-08-16,3144.34
2010-08-17,3155.47
2010-08-18,3110.59
2010-08-19,3094.82
2010-08-20,3076.69
2010-08-23,3120.85
2010-08-24,3087.55
2010-08-25,3019.2
2010-08-26,3065.12
2010-08-27,3049.82
2010-08-30,3096.51
2010-08-31,3109.27
2010-09-01,3192.03
2010-09-02,3176.25
2010-09-03,3187.88
2010-09-06,3201.32
2010-09-07,3165.24
2010-09-08,3193.37
2010-09-09,3201.81
2010-09-10,3213.5
2010-09-13,3267.45
2010-09-14,3268.69
2010-09-15,3268.68
2010-09-16,3264.42
2010-09-17,3261.13
2010-09-20,3295.26
2010-09-21,3296.85
2010-09-22,3296.62
2010-09-23,3295.7
2010-09-27,3324.14
2010-09-28,3325.64
2010-09-29,3336.81
2010-09-30,3381.14
2010-10-01,3359.41
2010-10-04,3363.01
2010-10-05,3394.48
2010-10-06,3409.28
2010-10-07,3389.32
2010-10-08,3403.54
2010-10-11,3422.35
2010-10-12,3426.03
2010-10-13,3482.21
2010-10-14,3480.36
2010-10-15,3459.04
2010-10-18,3471.93
2010-10-19,3451.91
2010-10-20,3460.82
2010-10-21,3502.12
2010-10-22,3465.16
2010-10-25,3481.82
2010-10-26,3467
2010-10-27,3446.52
2010-10-28,3473.07
2010-10-29,3501.18
2010-11-01,3525
2010-11-02,3521.74
2010-11-03,3545.71
2010-11-04,3604.38
2010-11-05,3619.17
2010-11-08,3611.44
2010-11-09,3642.87
2010-11-10,3626.26
2010-11-11,3631.12
2010-11-12,3646.39
2010-11-15,3661
2010-11-16,3615.33
2010-11-17,3606.75
2010-11-18,3633.08
2010-11-19,3612.93
2010-11-22,3613.99
2010-11-23,3555.44
2010-11-24,3580.46
2010-11-25,3601.84
2010-11-26,3588.39
2010-11-29,3537.17
2010-11-30,3485.37
2010-12-01,3545.36
2010-12-02,3586.57
2010-12-03,3613.25
2010-12-06,3646.84
2010-12-07,3659.33
2010-12-08,3659.96
2010-12-09,3642.43
2010-12-10,3628.47
2010-12-13,3637.27
2010-12-14,3648.96
2010-12-15,3653.22
2010-12-17,3644.87
2010-12-20,3656.81
2010-12-21,3694.98
2010-12-22,3694.43
2010-12-23,3702.3
2010-12-24,3691.9
2010-12-28,3689.05
2010-12-29,3701.85
2010-12-30,3711.84
2010-12-31,3701.33
2011-01-03,3723.41
2011-01-04,3737.16
2011-01-05,3689.12
2011-01-06,3701.26
2011-01-07,3679.81
2011-01-10,3655.31
2011-01-11,3708.77
2011-01-12,3745.88
2011-01-13,3762.97
2011-01-14,3766.31
2011-01-17,3727.43
2011-01-18,3755.52
2011-01-19,3732.92
2011-01-20,3672.18
2011-01-21,3707.11
2011-01-24,3675.87
2011-01-25,3651.37
2011-01-26,3686.96
2011-01-27,3706.95
2011-01-28,3638.27
2011-01-31,3621.62
2011-02-01,3672.3
2011-02-02,3747.21
2011-02-03,3782.65
2011-02-04,3795.07
2011-02-07,3783.27
2011-02-08,3781.96
2011-02-09,3769.12
2011-02-10,3738.2
2011-02-11,3801.05
2011-02-14,3817.16
2011-02-15,3813.27
2011-02-16,3780.72
2011-02-17,3774.35
2011-02-18,3750.26
2011-02-21,3784.54
2011-02-22,3742.73
2011-02-23,3683.65
2011-02-24,3657.63
2011-02-25,3687.52
2011-02-28,3723.2
2011-03-01,3697.66
2011-03-02,3688.71
2011-03-03,3732.2
2011-03-04,3730.7
2011-03-07,3735.67
2011-03-08,3681.22
2011-03-09,3680.4
2011-03-10,3573.83
2011-03-11,3605.63
2011-03-14,3575.61
2011-03-15,3496.34
2011-03-16,3544.79
2011-03-17,3557.08
2011-03-18,3553.73
2011-03-22,3575.88
2011-03-23,3616.11
2011-03-24,3666.17
2011-03-25,3660.17
2011-03-28,3646.55
2011-03-29,3686.17
2011-03-30,3750.85
2011-03-31,3742.65
2011-04-01,3763.72
2011-04-04,3775.54
2011-04-05,3798.02
2011-04-06,3827.89
2011-04-07,3798.3
2011-04-08,3818.44
2011-04-11,3821.84
2011-04-12,3754.92
2011-04-13,3768.19
2011-04-14,3775.71
2011-04-15,3753.56
2011-04-18,3655.83
2011-04-19,3708.06
2011-04-20,3790.4
2011-04-21,3805.85
2011-04-26,3806.93
2011-04-28,3805.98
2011-04-29,3826.56
2011-05-03,3767.08
2011-05-04,3712.4
2011-05-05,3680.41
2011-05-06,3714.99
2011-05-09,3683.73
2011-05-10,3739.18
2011-05-11,3735.19
2011-05-12,3692.13
2011-05-13,3724.71
2011-05-16,3747.56
2011-05-17,3711.19
2011-05-19,3719.93
2011-05-20,3705.39
2011-05-23,3653.93
2011-05-24,3698.99
2011-05-25,3706.28
2011-05-26,3728.02
2011-05-27,3775.15
2011-05-30,3776.49
2011-05-31,3796.99
2011-06-01,3768.58
2011-06-02,3716.78
2011-06-03,3681.55
2011-06-06,3682.72
2011-06-07,3710.74
2011-06-08,3676.11
2011-06-09,3689.27
2011-06-10,3635.37
2011-06-13,3636.8
2011-06-14,3642.95
2011-06-15,3616.26
2011-06-17,3577.62
2011-06-20,3573.5
2011-06-21,3613.67
2011-06-22,3592.78
2011-06-23,3538.37
2011-06-24,3579.64
2011-06-27,3606.96
2011-06-28,3653.03
2011-06-29,3703.77
2011-06-30,3719.91
2011-07-01,3727.02
2011-07-04,3745.95
2011-07-05,3766.55
2011-07-06,3752.13
2011-07-07,3771.44
2011-07-08,3737.14
2011-07-11,3718.96
2011-07-12,3728.48
2011-07-13,3773.31
2011-07-14,3760.87
2011-07-15,3770.74
2011-07-18,3722.54
2011-07-19,3744.39
2011-07-20,3744.09
2011-07-21,3752.23
2011-07-22,3739.44
2011-07-25,3746.04
2011-07-26,3723.01
2011-07-27,3690.92
2011-07-28,3673.67
2011-07-29,3645.83
2011-08-01,3656
2011-08-02,3610.91
2011-08-03,3569.81
2011-08-04,3462.34
2011-08-05,3422.01
2011-08-08,3320.77
2011-08-10,3352.04
2011-08-11,3449.31
2011-08-12,3488.64
2011-08-15,3532.19
2011-08-16,3512.03
2011-08-17,3534.45
2011-08-18,3430.24
2011-08-19,3440.76
2011-08-22,3448.44
2011-08-23,3428.14
2011-08-24,3468.53
2011-08-25,3438.64
2011-08-26,3447.5
2011-08-29,3550.55
2011-08-30,3559.04
2011-08-31,3634.09
2011-09-01,3643.78
2011-09-02,3577.06
2011-09-05,3513.24
2011-09-06,3470.65
2011-09-07,3586.88
2011-09-08,3634.3
2011-09-09,3578.21
2011-09-12,3520.68
2011-09-13,3541.55
2011-09-14,3591.92
2011-09-15,3655.39
2011-09-16,3661.67
2011-09-19,3654.32
2011-09-20,3699.68
2011-09-21,3695.82
2011-09-22,3579.18
2011-09-23,3548.28
2011-09-26,3508.06
2011-09-27,3630.1
2011-09-28,3581.31
2011-09-29,3504.56
2011-09-30,3502.83
2011-10-03,3527.75
2011-10-04,3445.14
2011-10-05,3479.41
2011-10-06,3529.04
2011-10-07,3571.08
2011-10-10,3656.79
2011-10-11,3647.22
2011-10-12,3685.82
2011-10-13,3650.83
2011-10-14,3685.07
2011-10-17,3681.85
2011-10-18,3676.99
2011-10-19,3693.94
2011-10-20,3651.26
2011-10-21,3723.86
2011-10-24,3748.1
2011-10-25,3749.2
2011-10-26,3757.85
2011-10-27,3842.62
2011-10-28,3894.9
2011-10-31,3830.33
2011-11-01,3756.41
2011-11-02,3812.34
2011-11-03,3814.15
2011-11-04,3779.24
2011-11-07,3850.01
2011-11-08,3868.49
2011-11-09,3791.12
2011-11-10,3814.76
2011-11-11,3820.09
2011-11-14,3830.84
2011-11-15,3869.96
2011-11-16,3869.78
2011-11-17,3841.99
2011-11-18,3767.92
2011-11-21,3686.57
2011-11-22,3716.63
2011-11-23,3667.63
2011-11-24,3696.73
2011-11-25,3687.51
2011-11-28,3774.9
2011-11-29,3752.02
2011-11-30,3891.52
2011-12-01,3883.96
2011-12-02,3867.6
2011-12-05,3895.42
2011-12-06,3882.01
2011-12-07,3886.88
2011-12-08,3886.87
2011-12-09,3872.79
2011-12-12,3829.72
2011-12-13,3822.38
2011-12-14,3765.28
2011-12-15,3798.47
2011-12-19,3764.6
2011-12-20,3772.03
2011-12-21,3755.75
2011-12-22,3786.3
2011-12-23,3812.77
2011-12-28,3808.69
2011-12-29,3797.18
2011-12-30,3796.35
2012-01-03,3889.25
2012-01-04,3904.83
2012-01-05,3869.16
2012-01-06,3887.02
2012-01-09,3891.49
2012-01-10,3920.62
2012-01-11,3897.69
2012-01-12,3919.24
2012-01-13,3909.6
2012-01-16,3944.03
2012-01-17,3970.12
2012-01-18,3985.01
2012-01-19,3989.3
2012-01-20,4003.22
2012-01-23,4031.38
2012-01-24,4006.79
2012-01-25,3995.37
2012-01-26,4046.23
2012-01-27,4025.98
2012-01-30,3994.51
2012-01-31,4013.84
2012-02-01,4055.06
2012-02-02,4082.61
2012-02-03,4084.45
2012-02-06,4059.43
2012-02-07,4035.45
2012-02-08,4065.42
2012-02-09,4070.34
2012-02-10,4025.73
2012-02-13,4063.13
2012-02-14,4051.84
2012-02-15,4049.16
2012-02-16,4014.93
2012-02-17,4048.32
2012-02-20,4051.54
2012-02-21,4055.86
2012-02-22,4039.72
2012-02-23,4051.8
2012-02-24,4069.92
2012-02-27,4031.39
2012-02-28,4072.24
2012-02-29,4081.93
2012-03-01,4082.23
2012-03-02,4068.94
2012-03-05,4055.71
2012-03-06,3978.88
2012-03-07,4003.34
2012-03-08,4023.16
2012-03-09,4043.13
2012-03-12,4043.4
2012-03-13,4076.04
2012-03-14,4106.01
2012-03-15,4080.79
2012-03-16,4085.38
2012-03-19,4084.47
2012-03-20,4044.42
2012-03-22,4005.3
2012-03-23,4007.83
2012-03-26,4036.79
2012-03-27,4060.02
2012-03-28,4031.69
2012-03-29,4015.06
2012-03-30,4024.32
2012-04-02,4074.74
2012-04-03,4100.83
2012-04-04,4006.34
2012-04-05,4050.83
2012-04-10,4037.09
2012-04-11,4038.89
2012-04-12,4061.01
2012-04-13,4047.57
2012-04-16,4044.99
2012-04-17,4059.02
2012-04-18,4091.73
2012-04-19,4098.55
2012-04-20,4116.36
2012-04-23,4054.6
2012-04-24,4068.76
2012-04-25,4093.77
2012-04-26,4120.58
2012-04-30,4138.34
2012-05-02,4148.37
2012-05-03,4135.51
2012-05-04,4105.65
2012-05-07,4085.16
2012-05-08,4036.04
2012-05-09,4022.36
2012-05-10,4074.77
2012-05-11,4095.07
2012-05-14,4034.53
2012-05-15,4028.81
2012-05-16,4065.95
2012-05-17,4035.17
2012-05-18,3988.19
2012-05-21,3981.68
2012-05-22,4030.08
2012-05-23,3957.79
2012-05-24,3976.88
2012-05-25,3970.4
2012-05-28,3985.18
2012-05-29,4025.65
2012-05-30,3968.9
2012-05-31,3989.82
2012-06-01,3985.59
2012-06-04,3982.99
2012-06-05,3987.99
2012-06-06,4046.45
2012-06-07,4082.76
2012-06-08,4053.96
2012-06-11,4048.9
2012-06-12,4077.67
2012-06-13,4099.64
2012-06-14,4074.13
2012-06-15,4090.25
2012-06-18,4150.74
2012-06-19,4183.92
2012-06-20,4192.87
2012-06-21,4162.22
2012-06-22,4112.18
2012-06-25,4077.43
2012-06-26,4080.98
2012-06-27,4068.53
2012-06-28,4008.78
2012-06-29,4063.73
2012-07-02,4057.98
2012-07-03,4098.14
2012-07-04,4104.82
2012-07-05,4126.7
2012-07-06,4127.14
2012-07-09,4091.78
2012-07-10,4099.92
2012-07-11,4066.88
2012-07-12,4026.59
2012-07-13,4075.09
2012-07-16,4067.79
2012-07-17,4065.19
2012-07-18,4104.81
2012-07-19,4135.78
2012-07-20,4127.77
2012-07-23,4079.33
2012-07-24,4101.48
2012-07-25,4110.06
2012-07-26,4136.53
2012-07-27,4182.62
2012-07-30,4217.31
2012-07-31,4173.68
2012-08-01,4230.83
2012-08-02,4226.3
2012-08-03,4258
2012-08-06,4285.18
2012-08-07,4287.36
2012-08-08,4288.26
2012-08-10,4297.9
2012-08-13,4284.85
2012-08-14,4302.56
2012-08-15,4300.09
2012-08-16,4324.2
2012-08-17,4300.5
2012-08-20,4292.11
2012-08-21,4335.88
2012-08-22,4309.73
2012-08-23,4337.22
2012-08-24,4331.2
2012-08-27,4349.7
2012-08-28,4333.95
2012-08-29,4330.25
2012-08-30,4278.17
2012-08-31,4288.12
2012-09-03,4310.96
2012-09-04,4271.59
2012-09-05,4257.56
2012-09-06,4334
2012-09-07,4342.45
2012-09-10,4324.77
2012-09-11,4315.25
2012-09-12,4350.52
2012-09-13,4368.64
2012-09-14,4449.58
2012-09-17,4430.91
2012-09-18,4441.04
2012-09-19,4443.16
2012-09-20,4430.59
2012-09-21,4413.3
2012-09-25,4393.21
2012-09-26,4316.85
2012-09-27,4341.42
2012-09-28,4358.65
2012-10-01,4421.85
2012-10-02,4419.25
2012-10-03,4403.71
2012-10-04,4421.81
2012-10-05,4460.79
2012-10-08,4440.56
2012-10-09,4407.97
2012-10-10,4417.37
2012-10-11,4460.24
2012-10-12,4453.1
2012-10-15,4475.82
2012-10-16,4519.09
2012-10-17,4555.81
2012-10-18,4528.58
2012-10-19,4495.73
2012-10-22,4519.46
2012-10-23,4483.95
2012-10-24,4517.38
2012-10-25,4522.78
2012-10-26,4507.62
2012-10-29,4522.5
2012-10-30,4541.33
2012-10-31,4542.46
2012-11-01,4569.48
2012-11-02,4604.63
2012-11-05,4594.18
2012-11-06,4596.42
2012-11-07,4581.02
2012-11-08,4595.83
2012-11-09,4565.46
2012-11-12,4581
2012-11-13,4572.63
2012-11-14,4553.92
2012-11-15,4527.62
2012-11-16,4502.2
2012-11-19,4553.52
2012-11-20,4562.93
2012-11-21,4586.35
2012-11-22,4628.73
2012-11-23,4631.3
2012-11-26,4620.78
2012-11-27,4625.62
2012-11-28,4580.67
2012-11-29,4638.29
2012-11-30,4662.18
2012-12-03,4659.53
2012-12-04,4652.37
2012-12-05,4676.68
2012-12-06,4688.65
2012-12-07,4677.42
2012-12-10,4699.29
2012-12-11,4721.21
2012-12-12,4749.1
2012-12-13,4738.45
2012-12-14,4738.19
2012-12-18,4763.34
2012-12-19,4798.27
2012-12-20,4805.14
2012-12-21,4793.34
2012-12-24,4801.03
2012-12-27,4830.4
2012-12-28,4825.78
2012-12-31,4809.26
2013-01-02,4908.7
2013-01-03,4931.15
2013-01-04,4934.8
2013-01-07,4922.87
2013-01-08,4922.02
2013-01-09,4943.44
2013-01-10,4939.66
2013-01-11,4937.4
2013-01-14,4922.18
2013-01-15,4893.85
2013-01-16,4889.77
2013-01-17,4900.17
2013-01-18,4924.93
2013-01-21,4903.49
2013-01-22,4894.03
2013-01-23,4927.47
2013-01-24,4978.9
2013-01-25,4970.85
2013-01-28,4981.07
2013-01-29,4985.32
2013-01-30,4961.8
2013-01-31,4964.47
2013-02-01,4978.96
2013-02-04,4975.37
2013-02-05,4986.59
2013-02-06,4973.88
2013-02-07,4990.45
2013-02-08,5014.72
2013-02-11,5007.36
2013-02-12,4991.15
2013-02-13,5004.42
2013-02-14,4995.12
2013-02-15,4988.8
2013-02-18,4968.63
2013-02-19,4995.58
2013-02-20,4958.26
2013-02-21,4865.28
2013-02-22,4863.77
2013-02-25,4880.06
2013-02-26,4853.12
2013-02-27,4817.19
2013-02-28,4870.45
2013-03-01,4922.62
2013-03-04,4898.3
2013-03-05,4984.6
2013-03-06,4971.2
2013-03-07,5005.92
2013-03-08,5007.53
2013-03-11,5043.59
2013-03-12,5039.69
2013-03-13,5030.29
2013-03-14,5034.29
2013-03-15,5024.06
2013-03-18,4988.65
2013-03-19,4973.3
2013-03-20,4969.93
2013-03-22,4951.06
2013-03-25,4944.3
2013-03-26,4974.53
2013-03-27,4928.7
2013-03-28,4928.63
2013-04-02,4950.95
2013-04-03,4873.43
2013-04-04,4830.22
2013-04-05,4760.4
2013-04-08,4774.35
2013-04-09,4769.14
2013-04-10,4834.69
2013-04-11,4839.57
2013-04-12,4780.24
2013-04-15,4707.69
2013-04-16,4760.46
2013-04-17,4682.67
2013-04-18,4688.98
2013-04-19,4759.54
2013-04-22,4735.47
2013-04-23,4806.6
2013-04-24,4811.64
2013-04-25,4854.54
2013-04-26,4848.8
2013-04-29,4841.76
2013-04-30,4805.7
2013-05-02,4848.86
2013-05-03,4912.06
2013-05-06,4941.42
2013-05-07,4940.5
2013-05-08,5019.29
2013-05-09,5004.56
2013-05-10,4991.43
2013-05-13,5013.3
2013-05-14,5051.02
2013-05-15,5088.69
2013-05-16,5139.91
2013-05-17,5138.13
2013-05-20,5097.92
2013-05-21,5189.23
2013-05-22,5191.8
2013-05-23,5070.16
2013-05-24,5087.87
2013-05-27,5142.25
2013-05-28,5209.11
2013-05-29,5117.51
2013-05-30,5205.48
2013-05-31,5214.73
2013-06-03,5084.74
2013-06-04,5077.3
2013-06-05,5064.4
2013-06-06,5008.22
2013-06-07,5066.83
2013-06-10,5082.4
2013-06-11,4919.39
2013-06-12,4937.46
2013-06-13,4943.08
2013-06-14,5008.03
2013-06-18,5092.43
2013-06-19,5065.24
2013-06-20,4910.22
2013-06-21,4845.7
2013-06-24,4730.88
2013-06-25,4781.69
2013-06-26,4839.08
2013-06-27,4856.13
2013-06-28,4917.61
2013-07-01,4963.02
2013-07-02,4952.06
2013-07-03,4889.75
2013-07-04,4975.12
2013-07-05,4868.19
2013-07-08,4946.13
2013-07-09,4942.89
2013-07-10,4926.67
2013-07-11,5039.08
2013-07-12,5062.93
2013-07-15,5063.99
2013-07-16,5019.89
2013-07-17,5089.58
2013-07-18,5114.64
2013-07-19,5040.28
2013-07-22,5083.61
2013-07-23,5118.73
2013-07-24,5082.68
2013-07-25,5064.45
2013-07-26,5034.35
2013-07-29,5075.54
2013-07-30,5096.85
2013-07-31,5134.34
2013-08-01,5211
2013-08-02,5184.99
2013-08-05,5197.89
2013-08-06,5169.26
2013-08-07,5172.54
2013-08-08,5190.83
2013-08-12,5296.71
2013-08-13,5320.14
2013-08-14,5361.75
2013-08-15,5298.25
2013-08-16,5364.61
2013-08-19,5352.35
2013-08-20,5333.02
2013-08-21,5332.66
2013-08-22,5364.09
2013-08-23,5361.66
2013-08-26,5399.14
2013-08-27,5373.23
2013-08-28,5276.97
2013-08-29,5291.73
2013-08-30,5266.66
2013-09-02,5348.09
2013-09-03,5368.93
2013-09-04,5322.69
2013-09-05,5357.04
2013-09-06,5362.11
2013-09-09,5361.02
2013-09-10,5458.32
2013-09-11,5442.46
2013-09-12,5484.2
2013-09-13,5465.44
2013-09-16,5474.29
2013-09-17,5495.38
2013-09-18,5446.22
2013-09-19,5563.19
2013-09-20,5540.72
2013-09-23,5531.1
2013-09-25,5585.91
2013-09-26,5572.89
2013-09-27,5573.95
2013-09-30,5534
2013-10-01,5523.28
2013-10-02,5525.96
2013-10-03,5530.87
2013-10-04,5520.66
2013-10-07,5506.63
2013-10-08,5447.17
2013-10-09,5387.51
2013-10-10,5455.7
2013-10-11,5493.39
2013-10-14,5507.71
2013-10-15,5580.01
2013-10-16,5595.23
2013-10-17,5607.34
2013-10-18,5629.41
2013-10-21,5659.4
2013-10-22,5713.71
2013-10-23,5673.14
2013-10-24,5676.63
2013-10-25,5684.26
2013-10-28,5719.38
2013-10-29,5724.7
2013-10-30,5745.87
2013-10-31,5733.98
2013-11-01,5739.46
2013-11-04,5753.37
2013-11-05,5763.29
2013-11-06,5819.06
2013-11-07,5803.38
2013-11-08,5729.4
2013-11-11,5731.37
2013-11-12,5726.34
2013-11-13,5622.61
2013-11-14,5657.74
2013-11-15,5691.8
2013-11-18,5725.16
2013-11-19,5688.52
2013-11-20,5696.45
2013-11-21,5638.54
2013-11-22,5599.98
2013-11-25,5617.53
2013-11-26,5546.37
2013-11-27,5618.98
2013-11-28,5681.3
2013-11-29,5670.89
2013-12-02,5636.2
2013-12-03,5548.29
2013-12-04,5551.26
2013-12-05,5590.55
2013-12-06,5630.75
2013-12-09,5647.22
2013-12-10,5635.68
2013-12-11,5609.91
2013-12-12,5460.35
2013-12-13,5451.98
2013-12-17,5535.71
2013-12-18,5545.36
2013-12-19,5596.16
2013-12-20,5627.27
2013-12-23,5649.86
2013-12-24,5670.01
2013-12-27,5774.32
2013-12-30,5824.32
2013-12-31,5840.09
2014-01-02,5882.2
2014-01-03,5833.76
2014-01-06,5796.21
2014-01-07,5792.44
2014-01-08,5770.9
2014-01-09,5739.03
2014-01-10,5752.1
2014-01-13,5814.56
2014-01-14,5808.48
2014-01-15,5866.63
2014-01-16,5902.76
2014-01-17,5896.12
2014-01-20,5929.36
2014-01-21,5923.68
2014-01-22,5937.74
2014-01-23,5943.36
2014-01-24,5869.67
2014-01-27,5780.46
2014-01-28,5777.18
2014-01-29,5756.95
2014-01-30,5708.13
2014-01-31,5702.3
2014-02-03,5680.17
2014-02-04,5616.32
2014-02-05,5619.56
2014-02-06,5683.76
2014-02-07,5728.67
2014-02-10,5801.96
2014-02-11,5795.03
2014-02-12,5865.67
2014-02-13,5843.77
2014-02-14,5891.4
2014-02-17,5942.3
2014-02-18,5953.03
2014-02-19,5994.21
2014-02-20,5957.7
2014-02-21,5995.97
2014-02-24,5989.03
2014-02-25,5933.78
2014-02-26,5941.41
2014-02-27,5945.53
2014-02-28,5980.81
2014-03-03,5970.89
2014-03-04,6029.71
2014-03-05,6018.58
2014-03-06,6057.18
2014-03-07,6053.03
2014-03-10,6002.2
2014-03-11,6039.03
2014-03-12,5985.25
2014-03-13,5939.17
2014-03-14,5895.49
2014-03-17,5946.84
2014-03-18,5977.65
2014-03-19,5927.77
2014-03-20,5907.67
2014-03-24,5973.3
2014-03-25,6038.57
2014-03-26,6072.38
2014-03-27,6037.73
2014-03-28,6107.7
2014-03-31,6090.43
2014-04-01,6133.02
2014-04-02,6171.39
2014-04-03,6149.14
2014-04-04,6163.97
2014-04-07,6114.41
2014-04-08,6141.44
2014-04-09,6169.85
2014-04-10,6200.26
2014-04-11,6138.12
2014-04-14,6161.23
2014-04-15,6107.11
2014-04-16,6151.83
2014-04-17,6186.9
2014-04-22,6222.85
2014-04-23,6223.41
2014-04-24,6260.13
2014-04-25,6257.11
2014-04-29,6260.24
2014-04-30,6251.89
2014-05-02,6280.39
2014-05-05,6253.48
2014-05-06,6261.31
2014-05-08,6272.18
2014-05-09,6249.85
2014-05-12,6299.41
2014-05-13,6294.34
2014-05-14,6349.68
2014-05-15,6326.95
2014-05-16,6289.23
2014-05-19,6334.33
2014-05-20,6348.34
2014-05-21,6352.32
2014-05-22,6383.44
2014-05-23,6391.29
2014-05-26,6401.61
2014-05-27,6376.36
2014-05-28,6359.23
2014-05-29,6363.85
2014-05-30,6351.82
2014-06-02,6376.29
2014-06-03,6391.47
2014-06-04,6394.5
2014-06-05,6399.65
2014-06-06,6391.15
2014-06-09,6418.67
2014-06-10,6495.73
2014-06-11,6485.88
2014-06-12,6477.78
2014-06-13,6500.99
2014-06-17,6519.86
2014-06-18,6492.06
2014-06-19,6565
2014-06-20,6572.58
2014-06-23,6540.8
2014-06-24,6519.36
2014-06-25,6450.14
2014-06-26,6502.82
2014-06-27,6485.34
2014-06-30,6527.53
2014-07-01,6596.07
2014-07-02,6647.77
2014-07-03,6652.22
2014-07-04,6670.36
2014-07-07,6647.07
2014-07-08,6612.64
2014-07-09,6586.13
2014-07-10,6533.98
2014-07-11,6555.36
2014-07-14,6604.88
2014-07-15,6629.79
2014-07-16,6673.57
2014-07-17,6636.77
2014-07-18,6624.64
2014-07-21,6589.49
2014-07-22,6654.92
2014-07-23,6652.3
2014-07-24,6615.22
2014-07-25,6606.07
2014-07-28,6656.05
2014-07-29,6696.37
2014-07-30,6635.93
2014-07-31,6587.92
2014-08-04,6580.36
2014-08-05,6594.43
2014-08-06,6561.38
2014-08-07,6507.81
2014-08-08,6507.21
2014-08-11,6617.74
2014-08-12,6608.2
2014-08-13,6584.76
2014-08-14,6560.02
2014-08-15,6583.63
2014-08-18,6628.34
2014-08-19,6601.5
2014-08-20,6610.91
2014-08-21,6611.79
2014-08-22,6580.14
2014-08-25,6619.29
2014-08-26,6656.88
2014-08-27,6641.53
2014-08-28,6580.11
2014-08-29,6557.71
2014-09-01,6591.99
2014-09-02,6636.96
2014-09-03,6679.66
2014-09-04,6716.74
2014-09-05,6679.11
2014-09-08,6664.94
2014-09-09,6677.48
2014-09-10,6620.17
2014-09-11,6615.96
2014-09-12,6618.14
2014-09-15,6638.98
2014-09-16,6613.33
2014-09-17,6612.68
2014-09-18,6661
2014-09-19,6661.82
2014-09-22,6535.36
2014-09-23,6479.49
2014-09-25,6408.24
2014-09-26,6428.97
2014-09-29,6393.1
2014-09-30,6388.59
2014-10-01,6328.86
2014-10-02,6240.03
2014-10-03,6294.95
2014-10-06,6380.16
2014-10-07,6319.92
2014-10-08,6231.85
2014-10-09,6244.81
2014-10-10,6109.71
2014-10-13,6146.24
2014-10-14,6187.56
2014-10-15,6056.06
2014-10-16,6083.02
2014-10-17,6207.01
2014-10-20,6177.08
2014-10-21,6297.93
2014-10-22,6255.42
2014-10-23,6242.67
2014-10-24,6213.44
2014-10-27,6235.85
2014-10-28,6289.04
2014-10-29,6374.15
2014-10-30,6314.93
2014-10-31,6452.81
2014-11-03,6492.03
2014-11-04,6461.62
2014-11-05,6452.37
2014-11-06,6435.52
2014-11-07,6499.4
2014-11-10,6556.68
2014-11-11,6539.97
2014-11-12,6542.49
2014-11-13,6570.23
2014-11-14,6571.48
2014-11-17,6560.48
2014-11-18,6542.37
2014-11-19,6513.59
2014-11-20,6399.5
2014-11-21,6605.11
2014-11-24,6593.9
2014-11-25,6565.35
2014-11-26,6545.62
2014-11-27,6571.88
2014-11-28,6487.85
2014-12-01,6353.96
2014-12-02,6449.24
2014-12-03,6483.8
2014-12-04,6423.38
2014-12-05,6438.21
2014-12-08,6451.09
2014-12-09,6316.62
2014-12-10,6341.19
2014-12-11,6258.6
2014-12-12,6250.16
2014-12-15,6166.15
2014-12-17,6151.19
2014-12-18,6412.43
2014-12-19,6424.94
2014-12-22,6418.78
2014-12-23,6448.53
2014-12-24,6437.35
2014-12-29,6538.25
2014-12-30,6473.4
2014-12-31,6475.35
2015-01-02,6442.54
2015-01-05,6224.19
2015-01-06,6324.02
2015-01-07,6371.24
2015-01-08,6453.79
2015-01-09,6369.87
2015-01-12,6308.35
2015-01-13,6433.89
2015-01-14,6254.86
2015-01-15,6315.62
2015-01-16,6307.03
2015-01-19,6378.2
2015-01-20,6394.84
2015-01-21,6455.25
2015-01-22,6492.2
2015-01-23,6484.9
2015-01-26,6553.92
2015-01-27,6602.5
2015-01-28,6666.23
2015-01-29,6633.02
2015-01-30,6674.85
2015-02-02,6691.48
2015-02-03,6763.71
2015-02-04,6722.24
2015-02-05,6729.78
2015-02-06,6770.09
2015-02-09,6784.03
2015-02-10,6784.57
2015-02-11,6779.33
2015-02-12,6836.44
2015-02-13,6896.29
2015-02-16,6900.64
2015-02-17,6879.5
2015-02-18,6840.79
2015-02-19,6879.76
2015-02-20,6905.77
2015-02-23,6945.39
2015-02-24,6950.39
2015-02-25,6929.93
2015-02-26,6944.7
2015-02-27,6946.4
2015-03-02,6896.76
2015-03-03,6919.87
2015-03-04,6888.74
2015-03-05,6940.09
2015-03-06,6948.09
2015-03-09,6870.41
2015-03-10,6801.78
2015-03-11,6757.97
2015-03-12,6821.57
2015-03-13,6763.94
2015-03-16,6824.17
2015-03-17,6845.25
2015-03-18,6830.5
2015-03-19,6902.94
2015-03-20,6888.65
2015-03-23,6901.65
2015-03-24,6940.88
2015-03-25,6869.3
2015-03-26,6776.19
2015-03-27,6805.02
2015-03-30,6889.76
2015-03-31,6853.85
2015-04-01,6866.88
2015-04-02,6864.32
2015-04-07,6912.47
2015-04-08,6940.11
2015-04-09,6963.58
2015-04-10,7020.91
2015-04-13,7052.42
2015-04-14,7015.85
2015-04-15,7069.69
2015-04-16,7140.98
2015-04-17,7071.47
2015-04-20,7096.64
2015-04-21,7136.34
2015-04-22,7154.88
2015-04-23,7208.32
2015-04-24,7274.46
2015-04-28,7254.81
2015-04-29,7189.23
2015-04-30,7175.88
2015-05-04,7202.28
2015-05-05,7193.73
2015-05-06,7098
2015-05-07,7017.52
2015-05-08,7090.34
2015-05-11,7139.51
2015-05-12,7109.63
2015-05-13,7125.39
2015-05-14,7101.75
2015-05-15,7121.99
2015-05-18,7172.51
2015-05-19,7161.66
2015-05-20,7143.86
2015-05-21,7134.87
2015-05-22,7125.84
2015-05-25,7118.26
2015-05-26,6983.47
2015-05-27,6979.51
2015-05-28,6963.29
2015-05-29,6892.16
2015-06-01,6867.11
2015-06-02,6881.84
2015-06-03,6837.67
2015-06-04,6768.18
2015-06-05,6817.05
2015-06-08,6810.64
2015-06-09,6739
2015-06-10,6854.83
2015-06-11,6844.7
2015-06-12,6840.36
2015-06-15,6770.29
2015-06-17,6809.59
2015-06-18,6849.83
2015-06-19,6837.45
2015-06-22,6889.8
2015-06-23,6942.96
2015-06-24,6968.28
2015-06-25,6977.86
2015-06-26,6953.22
2015-06-29,6865.5
2015-06-30,6840.02
2015-07-01,6850.73
2015-07-02,6893.96
2015-07-03,6861.16
2015-07-06,6783.94
2015-07-07,6601.28
2015-07-08,6632.7
2015-07-09,6793.33
2015-07-10,6839.32
2015-07-13,6929.61
2015-07-14,6881.37
2015-07-15,6937.04
2015-07-16,6979.03
2015-07-17,6962.47
2015-07-20,6997.42
2015-07-21,6985.94
2015-07-22,6863.94
2015-07-23,6898.2
2015-07-24,6781.87
2015-07-27,6776.46
2015-07-28,6704.72
2015-07-29,6815.69
2015-07-30,6838.92
2015-07-31,6875.76
2015-08-03,6835.65
2015-08-04,6942.65
2015-08-05,6987.19
2015-08-06,6946.19
2015-08-07,6886.88
2015-08-11,6914.19
2015-08-12,6695.65
2015-08-13,6802.21
2015-08-14,6728.82
2015-08-17,6723.46
2015-08-18,6753.39
2015-08-19,6642.62
2015-08-20,6592.38
2015-08-21,6495.23
2015-08-24,6319.14
2015-08-25,6498.2
2015-08-26,6415.73
2015-08-27,6517.33
2015-08-28,6629
2015-08-31,6631.39
2015-09-01,6438.02
2015-09-02,6532.72
2015-09-03,6689.61
2015-09-04,6515.96
2015-09-07,6508.46
2015-09-08,6605.25
2015-09-09,6625.25
2015-09-10,6599.21
2015-09-11,6519.6
2015-09-14,6583.3
2015-09-15,6599.98
2015-09-16,6805.02
2015-09-17,6877.61
2015-09-18,6820.72
2015-09-21,6779.64
2015-09-22,6661.51
2015-09-23,6732.14
2015-09-25,6725.39
2015-09-28,6614.68
2015-09-29,6600.4
2015-09-30,6694.61
2015-10-01,6751.78
2015-10-02,6810.5
2015-10-05,6971.65
2015-10-06,6971.5
2015-10-07,7037.81
2015-10-08,7059.39
2015-10-09,7135.57
2015-10-12,7064.27
2015-10-13,7105.17
2015-10-14,7104.64
2015-10-15,7092.23
2015-10-16,7089.38
2015-10-19,7122.36
2015-10-20,7081.66
2015-10-21,7097.44
2015-10-22,7137.08
2015-10-23,7271.59
2015-10-26,7251.98
2015-10-27,7201.04
2015-10-28,7199.09
2015-10-29,7152.3
2015-10-30,7204.18
2015-11-02,7213.18
2015-11-03,7242.08
2015-11-04,7313.46
2015-11-05,7241.68
2015-11-06,7093.16
2015-11-09,7152.95
2015-11-10,7044.97
2015-11-11,7048.8
2015-11-12,6976.77
2015-11-13,6861.87
2015-11-16,6909.26
2015-11-17,6967.47
2015-11-18,6923.63
2015-11-19,6985.52
2015-11-20,7002.18
2015-11-23,7001.93
2015-11-24,6951.21
2015-11-25,6964.18
2015-11-26,7006.49
2015-11-27,6926.99
2015-11-30,6926.21
2015-12-01,6916.55
2015-12-02,6865.99
2015-12-03,6767.45
2015-12-04,6614.4
2015-12-07,6695.03
2015-12-08,6590.7
2015-12-09,6649.75
2015-12-10,6577.38
2015-12-11,6454.72
2015-12-14,6456.63
2015-12-15,6503.23
2015-12-17,6674.78
2015-12-18,6541.97
2015-12-21,6605.45
2015-12-22,6684.72
2015-12-23,6827
2015-12-24,6892.02
2015-12-28,6873.85
2015-12-29,6843.73
2015-12-30,6822.34
2015-12-31,6807.38
2016-01-04,6622.72
2016-01-05,6660.74
2016-01-06,6591.25
2016-01-07,6453
2016-01-08,6459.97
2016-01-11,6491.85
2016-01-12,6501.73
2016-01-13,6503.96
2016-01-14,6407.87
2016-01-15,6308.84
2016-01-18,6298.44
2016-01-19,6399.37
2016-01-20,6224.97
2016-01-21,6218.55
2016-01-22,6403.95
2016-01-25,6344.53
2016-01-26,6387.8
2016-01-27,6440.42
2016-01-28,6545.07
2016-01-29,6604.11
2016-02-01,6592.5
2016-02-02,6454.57
2016-02-03,6522.61
2016-02-04,6669.36
2016-02-05,6686.27
2016-02-08,6642.76
2016-02-09,6496.97
2016-02-10,6487.36
2016-02-11,6371.57
2016-02-12,6529.89
2016-02-15,6699.52
2016-02-16,6637.06
2016-02-17,6724.7
2016-02-18,6700.3
2016-02-19,6577.03
2016-02-22,6600.19
2016-02-23,6507.35
2016-02-24,6450.08
2016-02-25,6500.79
2016-02-26,6642.74
2016-02-29,6643.16
2016-03-01,6764.13
2016-03-02,6851.76
2016-03-03,6962
2016-03-04,7017.62
2016-03-07,7088.73
2016-03-08,7031.41
2016-03-09,6928.67
2016-03-10,6935.31
2016-03-11,6963.04
2016-03-14,7070.62
2016-03-15,7041.26
2016-03-16,7099.46
2016-03-17,7169.02
2016-03-18,7254.43
2016-03-22,7196.29
2016-03-23,7085.32
2016-03-24,7080.87
2016-03-29,7008.25
2016-03-30,7104.1
2016-03-31,7070.92
2016-04-01,6980.77
2016-04-04,7034.25
2016-04-05,6943.57
2016-04-06,6937.9
2016-04-07,6932.82
2016-04-08,6970.46
2016-04-11,6975.31
2016-04-12,7060.99
2016-04-13,7180.14
2016-04-14,7167.9
2016-04-15,7193.79
2016-04-18,7219.16
2016-04-19,7248.27
2016-04-20,7303.78
2016-04-21,7240.48
2016-04-22,7186.46
2016-04-25,7194.55
2016-04-26,7205.09
2016-04-28,7226.96
2016-04-29,7190.89
2016-05-03,7048.96
2016-05-04,7043.72
2016-05-05,7051.91
2016-05-06,6981.78
2016-05-09,6972.95
2016-05-10,7044.46
2016-05-11,7079.09
2016-05-12,6987.86
2016-05-13,7007.42
2016-05-16,7117.76
2016-05-17,7133.54
2016-05-18,7169.98
2016-05-19,7111.98
2016-05-20,7148.39
2016-05-23,7149.46
2016-05-24,7206.8
2016-05-25,7297.97
2016-05-26,7325.02
2016-05-27,7350.07
2016-05-30,7400.23
2016-05-31,7322.95
2016-06-01,7270.4
2016-06-02,7297.37
2016-06-03,7371.06
2016-06-06,7337.04
2016-06-07,7379.84
2016-06-08,7332.89
2016-06-09,7250.49
2016-06-10,7227.68
2016-06-13,7137.48
2016-06-14,6985.63
2016-06-15,7071.58
2016-06-17,7087.06
2016-06-20,7210.7
2016-06-21,7200.23
2016-06-22,7282.09
2016-06-23,7285.94
2016-06-24,7026.8
2016-06-27,6811.92
2016-06-28,6955.33
2016-06-29,7057.23
2016-06-30,7101.74
2016-07-01,7120.75
2016-07-04,7134.6
2016-07-05,7027.96
2016-07-06,6911.19
2016-07-07,6950.06
2016-07-08,6974.4
2016-07-11,7095.99
2016-07-12,7147.29
2016-07-13,7183.66
2016-07-14,7186.67
2016-07-15,7220.87
2016-07-18,7215.13
2016-07-19,7194.27
2016-07-20,7187.52
2016-07-21,7206.05
2016-07-22,7210.29
2016-07-25,7249.37
2016-07-26,7296.37
2016-07-27,7315.78
2016-07-28,7250.18
2016-07-29,7184.25
2016-08-01,7229.04
2016-08-02,7161.28
2016-08-04,7162.73
2016-08-05,7136.14
2016-08-08,7154.99
2016-08-10,7118.5
2016-08-11,7132.57
2016-08-12,7198.65
2016-08-15,7142.96
2016-08-16,7142.74
2016-08-17,7135.91
2016-08-18,7228.67
2016-08-19,7198.97
2016-08-22,7206.75
2016-08-23,7224.33
2016-08-24,7311.22
2016-08-25,7300.32
2016-08-26,7303.56
2016-08-29,7311.38
2016-08-30,7295.65
2016-08-31,7203.48
2016-09-01,7189.57
2016-09-02,7308.24
2016-09-05,7324.9
2016-09-06,7332.88
2016-09-07,7309.31
2016-09-08,7281.11
2016-09-09,7294.38
2016-09-12,7219.82
2016-09-13,7220.36
2016-09-14,7188.14
2016-09-15,7143.27
2016-09-16,7096.49
2016-09-19,7116.11
2016-09-20,7028.47
2016-09-21,6964.87
2016-09-22,7120.94
2016-09-23,7135.25
2016-09-26,7063.23
2016-09-27,6983.64
2016-09-28,7111.46
2016-09-29,7238.53
2016-09-30,7135.68
2016-10-03,7095.74
2016-10-04,7148.19
2016-10-05,7131.71
2016-10-06,7096.27
2016-10-07,7103.32
2016-10-10,7105.17
2016-10-11,7135.87
2016-10-12,7088.81
2016-10-13,6943.92
2016-10-14,7033.62
2016-10-17,6981.67
2016-10-18,7030.87
2016-10-19,7083.74
2016-10-20,7072.16
2016-10-21,7100.84
2016-10-24,7108.29
2016-10-25,7117.43
2016-10-26,7090.28
2016-10-27,7033.53
2016-10-28,6986.5
2016-10-31,6957.94
2016-11-01,7014.69
2016-11-02,6930.09
2016-11-03,6910.06
2016-11-04,6833.97
2016-11-07,6918.93
2016-11-08,6973.52
2016-11-09,7011.82
2016-11-10,7082.67
2016-11-11,6917.86
2016-11-14,6840.44
2016-11-15,6798.95
2016-11-16,6880.31
2016-11-17,6964.62
2016-11-18,6965.79
2016-11-21,6961.72
2016-11-22,7033.44
2016-11-23,6967.51
2016-11-24,6959.94
2016-11-25,6978.48
2016-11-28,6909.31
2016-11-29,6904.31
2016-11-30,6919.33
2016-12-01,6880.4
2016-12-02,6787.95
2016-12-05,6850.99
2016-12-06,6743.82
2016-12-07,6822.91
2016-12-08,6970.1
2016-12-09,7019.26
2016-12-12,6967.95
2016-12-13,7011.94
2016-12-14,6994.98
2016-12-15,6853.61
2016-12-19,6879.78
2016-12-20,6943.53
2016-12-21,6918.8
2016-12-22,6873.26
2016-12-23,6813.51
2016-12-28,6940.7
2016-12-29,6990.27
2016-12-30,6986.33
