"Index","GlobalEquity.Close"
1999-12-31,22967
2000-01-31,22213.78
2000-02-29,22354.078
2000-03-31,24659.09
2000-04-28,24497.323
2000-05-31,24557.497
2000-06-30,24686.808
2000-07-31,24630.915
2000-08-31,25497.363
2000-09-29,24979.761
2000-10-31,25696.713
2000-11-30,24761.464
2000-12-29,24615.061
2001-01-31,25754.673
2001-02-28,23263.417
2001-03-30,22760.208
2001-04-30,24463.45
2001-05-02,24791.878
2001-05-03,24694.446
2001-05-04,24715.764
2001-05-07,24616.057
2001-05-08,24493.95
2001-05-09,24200.903
2001-05-10,24278.072
2001-05-11,24205.023
2001-05-14,24047.907
2001-05-15,24245.046
2001-05-16,24617.587
2001-05-17,24639.37
2001-05-18,24561.915
2001-05-21,24710.288
2001-05-22,24727.051
2001-05-23,24557.979
2001-05-24,24600.265
2001-05-25,24238.397
2001-05-28,24240.121
2001-05-29,24168.075
2001-05-30,24010.461
2001-05-31,24105.483
2001-06-01,24217.731
2001-06-04,24354.384
2001-06-05,24548.088
2001-06-06,24448.402
2001-06-07,24551.984
2001-06-08,24359.046
2001-06-11,24196.599
2001-06-12,24071.978
2001-06-13,23952.932
2001-06-14,23566.369
2001-06-15,23296.033
2001-06-18,23304.833
2001-06-19,23380.893
2001-06-20,23540.072
2001-06-21,23595.948
2001-06-22,23467.596
2001-06-25,23398.099
2001-06-26,23234.56
2001-06-27,23172.629
2001-06-28,23389.724
2001-06-29,23449.78
2001-07-02,23577.974
2001-07-03,23470.412
2001-07-04,23628.326
2001-07-05,23501.175
2001-07-06,23175.327
2001-07-09,23279.35
2001-07-10,23339.066
2001-07-11,23174.622
2001-07-12,23661.26
2001-07-13,23642.894
2001-07-16,23510.597
2001-07-17,23481.874
2001-07-18,23449.682
2001-07-19,23750.288
2001-07-20,23587.37
2001-07-23,23126.118
2001-07-24,22868.773
2001-07-25,23086.845
2001-07-26,23074.227
2001-07-27,23368.017
2001-07-30,23427.022
2001-07-31,23744.659
2001-08-01,23856.555
2001-08-02,23942.935
2001-08-03,23874.997
2001-08-06,23851.726
2001-08-07,23836.535
2001-08-08,23532.95
2001-08-09,23338.053
2001-08-10,23309.756
2001-08-13,23492.685
2001-08-14,23593.235
2001-08-15,23446.458
2001-08-16,23388.38
2001-08-17,23184.456
2001-08-20,23314.774
2001-08-21,23573.406
2001-08-22,23648.418
2001-08-23,23434.579
2001-08-24,23839.246
2001-08-27,23872.131
2001-08-28,23443.622
2001-08-29,23206.258
2001-08-30,22869.221
2001-08-31,23087.465
2001-09-03,23011.321
2001-09-04,23077.364
2001-09-05,22983.384
2001-09-06,22591.435
2001-09-07,22155.774
2001-09-10,22241.247
2001-09-11,22105.8
2001-09-12,22055.607
2001-09-13,22149.666
2001-09-14,21938.545
2001-09-17,21419.694
2001-09-18,21384.754
2001-09-19,21136.143
2001-09-20,20615.651
2001-09-21,20247.31
2001-09-24,20945.56
2001-09-25,21245.226
2001-09-26,21491.509
2001-09-27,21957.922
2001-09-28,22513.542
2001-10-01,22558.389
2001-10-02,23008.878
2001-10-03,23793.532
2001-10-04,23789.257
2001-10-05,23739.247
2001-10-08,23750.196
2001-10-09,23518.338
2001-10-10,23761.127
2001-10-11,23923.68
2001-10-12,23882.382
2001-10-15,23380.086
2001-10-16,24130.939
2001-10-17,24090.415
2001-10-18,23672.613
2001-10-19,23653.664
2001-10-22,24591.776
2001-10-23,24593.272
2001-10-24,24431.382
2001-10-25,24499.929
2001-10-26,24662.83
2001-10-29,24064.723
2001-10-30,23881.752
2001-10-31,24014.462
2001-11-01,24668.05
2001-11-02,24698.008
2001-11-05,24922.84
2001-11-06,25096.754
2001-11-07,25315.559
2001-11-08,25495.376
2001-11-09,25636.3
2001-11-12,25575.781
2001-11-13,25934.095
2001-11-14,25959.472
2001-11-15,25707.765
2001-11-16,25799.894
2001-11-19,26356.348
2001-11-20,26326.484
2001-11-21,26657.718
2001-11-22,26829.568
2001-11-23,26917.216
2001-11-26,26945.463
2001-11-27,26952.68
2001-11-28,26276.16
2001-11-29,27657.58
2001-11-30,27657.346
2001-12-03,27718.584
2001-12-04,28572.314
2001-12-05,30123.737
2001-12-06,30217.233
2001-12-07,30356.002
2001-12-10,29736.918
2001-12-11,29880.668
2001-12-12,30039.211
2001-12-13,30643.388
2001-12-14,32500.493
2001-12-17,32300.022
2001-12-18,32830.653
2001-12-19,33631.43
2001-12-20,36050.723
2001-12-21,32827.767
2001-12-24,32185.748
2001-12-25,32175.618
2001-12-26,32125.301
2001-12-27,32005.344
2001-12-28,32600.903
2001-12-31,32511.206
2002-01-01,32511.206
2002-01-02,34055.299
2002-01-03,33938.988
2002-01-04,33384.264
2002-01-07,32308.134
2002-01-08,31196.927
2002-01-09,30696.235
2002-01-10,31335.864
2002-01-11,30615.556
2002-01-14,30798.615
2002-01-15,31368.663
2002-01-16,30675.299
2002-01-17,30431.161
2002-01-18,30377.71
2002-01-21,30429.998
2002-01-22,30680.441
2002-01-23,29758.448
2002-01-24,29844.126
2002-01-25,30110.703
2002-01-28,30526.426
2002-01-29,29641.624
2002-01-30,29682.075
2002-01-31,30030.24
2002-02-01,30482.57
2002-02-04,29883.1
2002-02-05,29527.543
2002-02-06,29083.728
2002-02-07,29029.591
2002-02-08,29429.911
2002-02-11,30123.628
2002-02-12,29681.709
2002-02-13,30172.19
2002-02-14,30225.326
2002-02-15,29776.134
2002-02-18,29937.431
2002-02-19,29370.154
2002-02-20,29042.492
2002-02-21,29139.281
2002-02-22,29172.286
2002-02-25,29760.02
2002-02-26,29651.4
2002-02-27,29776.29
2002-02-28,29618.791
2002-03-01,29960.031
2002-03-04,29793.437
2002-03-05,29704.185
2002-03-06,30219.647
2002-03-07,31843.766
2002-03-08,32232.859
2002-03-11,31729.83
2002-03-12,31519.049
2002-03-13,31705.037
2002-03-14,31927.623
2002-03-15,32885.686
2002-03-18,32908.104
2002-03-19,32512.766
2002-03-20,31833.756
2002-03-21,31468.028
2002-03-22,31319.256
2002-03-25,31132.303
2002-03-26,31058.073
2002-03-27,30957.174
2002-03-28,30953.862
2002-03-29,30922.917
2002-04-01,30951.747
2002-04-02,30389.266
2002-04-03,30024.917
2002-04-04,30295.935
2002-04-05,29931
2002-04-08,29852.648
2002-04-09,29886.262
2002-04-10,30262.13
2002-04-11,29669.876
2002-04-12,29686.76
2002-04-15,29614.252
2002-04-16,30397.309
2002-04-17,30215.307
2002-04-18,30139.562
2002-04-19,30115.741
2002-04-22,29433.974
2002-04-23,29227.23
2002-04-24,29071.287
2002-04-25,28948.954
2002-04-26,28174.281
2002-04-29,27649.645
2002-04-30,27949.295
2002-05-01,28045.796
2002-05-02,27887.069
2002-05-03,27466.126
2002-05-06,27130.856
2002-05-07,26298.267
2002-05-08,27241.107
2002-05-09,27182.373
2002-05-10,26672.058
2002-05-13,26620.222
2002-05-14,27074.224
2002-05-15,27409.268
2002-05-16,27301.911
2002-05-17,27183.939
2002-05-20,26955.013
2002-05-21,26938.913
2002-05-22,27054.35
2002-05-23,27195.281
2002-05-24,26719.099
2002-05-27,26538.589
2002-05-28,26328.255
2002-05-29,25932.053
2002-05-30,25549.612
2002-05-31,25881.89
2002-06-03,25567.576
2002-06-04,25032.177
2002-06-05,25734.544
2002-06-06,25067.195
2002-06-07,25160.435
2002-06-10,25463.058
2002-06-11,25376.836
2002-06-12,25573.114
2002-06-13,25668.188
2002-06-14,25810.846
2002-06-17,26706.235
2002-06-18,26008.942
2002-06-19,25543.217
2002-06-20,25591.512
2002-06-21,24960.868
2002-06-24,25169.755
2002-06-25,25131.163
2002-06-26,24836.43
2002-06-27,25334.989
2002-06-28,25711.424
2002-07-01,24569.548
2002-07-02,24217.737
2002-07-03,24292.026
2002-07-04,24431.109
2002-07-05,24921.853
2002-07-08,25025.819
2002-07-09,24334.956
2002-07-10,23564.989
2002-07-11,23621.368
2002-07-12,23226.73
2002-07-15,23097.116
2002-07-16,22997.751
2002-07-17,23342.568
2002-07-18,22732.645
2002-07-19,21899.31
2002-07-22,21170.209
2002-07-23,20846.368
2002-07-24,21977.114
2002-07-25,21762.305
2002-07-26,22074.775
2002-07-29,22623.733
2002-07-30,22904.443
2002-07-31,23115.976
2002-08-01,22578.232
2002-08-02,22244.12
2002-08-05,22198.967
2002-08-06,22799.805
2002-08-07,22725.403
2002-08-08,23403.884
2002-08-09,23721.558
2002-08-12,23522.615
2002-08-13,23547.893
2002-08-14,23878.325
2002-08-15,24360.874
2002-08-16,24400.79
2002-08-19,24915.302
2002-08-20,24955.371
2002-08-21,25511
2002-08-22,25827.465
2002-08-23,25329.542
2002-08-26,25292.537
2002-08-27,24652.574
2002-08-28,24110.08
2002-08-29,24175.639
2002-08-30,23936.524
2002-09-02,24038.634
2002-09-03,23536.743
2002-09-04,23518.937
2002-09-05,23044.432
2002-09-06,23252.586
2002-09-09,23312.263
2002-09-10,23771.864
2002-09-11,23797.006
2002-09-12,22982.593
2002-09-13,23024.145
2002-09-16,23378.999
2002-09-17,22765.684
2002-09-18,22560.703
2002-09-19,22022.312
2002-09-20,22075.604
2002-09-23,21929.754
2002-09-24,21471.515
2002-09-25,21651.465
2002-09-26,22183.036
2002-09-27,21756.168
2002-09-30,21367.104
2002-10-01,21600.105
2002-10-02,21458.917
2002-10-03,21153.985
2002-10-04,20788.291
2002-10-07,20578.981
2002-10-08,20685.972
2002-10-09,20240.231
2002-10-10,20605.114
2002-10-11,21468.708
2002-10-14,21526.36
2002-10-15,22522.548
2002-10-16,22057.499
2002-10-17,22274.892
2002-10-18,22477.106
2002-10-21,22398.513
2002-10-22,22087.481
2002-10-23,22012.064
2002-10-24,21815.945
2002-10-25,22008.013
2002-10-28,21904.422
2002-10-29,21548.944
2002-10-30,21888.001
2002-10-31,21722.119
2002-11-01,21946.431
2002-11-04,22107.543
2002-11-05,22296.176
2002-11-06,22219.773
2002-11-07,21686.311
2002-11-08,21491.078
2002-11-11,21224.604
2002-11-12,21339.3
2002-11-13,21347.422
2002-11-14,21439.874
2002-11-15,21420.633
2002-11-18,21264.481
2002-11-19,21195.598
2002-11-20,21557.266
2002-11-21,21937.576
2002-11-22,21565.869
2002-11-25,21112.491
2002-11-26,20597.494
2002-11-27,21171.222
2002-11-28,21320.915
2002-11-29,21241.264
2002-12-02,21169.309
2002-12-03,20911.868
2002-12-04,20548.904
2002-12-05,20261.053
2002-12-06,20532.368
2002-12-09,19949.272
2002-12-10,19843.778
2002-12-11,19604.97
2002-12-12,19625.972
2002-12-13,19122.247
2002-12-16,19452.718
2002-12-17,20167.893
2002-12-18,19398.721
2002-12-19,19485.196
2002-12-20,19525.942
2002-12-23,19423.819
2002-12-24,19465.519
2002-12-25,19459.471
2002-12-26,19411.053
2002-12-27,18904.611
2002-12-30,18827.341
2002-12-31,18720.995
2003-01-01,18705.062
2003-01-02,18996.672
2003-01-03,18923.71
2003-01-06,19391.042
2003-01-07,19587.012
2003-01-08,19230.711
2003-01-09,19398.732
2003-01-10,19363.686
2003-01-13,19630.647
2003-01-14,20223.243
2003-01-15,19763.315
2003-01-16,19954.349
2003-01-17,19763.985
2003-01-20,19656.939
2003-01-21,19829.096
2003-01-22,19422.188
2003-01-23,19073.095
2003-01-24,18720.598
2003-01-27,18355.09
2003-01-28,18513.696
2003-01-29,18142.717
2003-01-30,18126.687
2003-01-31,18011.835
2003-02-03,18195.691
2003-02-04,17505.689
2003-02-05,17715.713
2003-02-06,17453.61
2003-02-07,17387.233
2003-02-10,17680.79
2003-02-11,17345.739
2003-02-12,17150.964
2003-02-13,17027.131
2003-02-14,17309.169
2003-02-17,17534.496
2003-02-18,17819.097
2003-02-19,17451.693
2003-02-20,16931.593
2003-02-21,16980.559
2003-02-24,16828.241
2003-02-25,16691.927
2003-02-26,16682.775
2003-02-27,16508.615
2003-02-28,16819.889
2003-03-03,16640.512
2003-03-04,16441.744
2003-03-05,16384.157
2003-03-06,16279.065
2003-03-07,16244.136
2003-03-10,15731.7
2003-03-11,15708.035
2003-03-12,15787.905
2003-03-13,16552.652
2003-03-14,16822.906
2003-03-17,17365.894
2003-03-18,17274.148
2003-03-19,17377.283
2003-03-20,17340.644
2003-03-21,17846.784
2003-03-24,17245.693
2003-03-25,17125.987
2003-03-26,16908.011
2003-03-27,16923.373
2003-03-28,16867.262
2003-03-31,16379.488
2003-04-01,16536.782
2003-04-02,17067.897
2003-04-03,16867.892
2003-04-04,17038.725
2003-04-07,17450.628
2003-04-08,17385.769
2003-04-09,16967.084
2003-04-10,16695.189
2003-04-11,16653.194
2003-04-14,16922.021
2003-04-15,16842.194
2003-04-16,16698.573
2003-04-17,16752.071
2003-04-18,16724.447
2003-04-21,16812.398
2003-04-22,16872.938
2003-04-23,16654.67
2003-04-24,16271.83
2003-04-25,15953.168
2003-04-28,16047.579
2003-04-29,16039.375
2003-04-30,16531.805
2003-05-01,16385.653
2003-05-02,17072.811
2003-05-05,16575.247
2003-05-06,16809.526
2003-05-07,16837.778
2003-05-08,16506.409
2003-05-09,16804.553
2003-05-12,17139.152
2003-05-13,17176.193
2003-05-14,17778.711
2003-05-15,19028.562
2003-05-16,18145.638
2003-05-19,18290.056
2003-05-20,17838.735
2003-05-21,17867.006
2003-05-22,18152.712
2003-05-23,18383.941
2003-05-26,18426.331
2003-05-27,19138.117
2003-05-28,19460.647
2003-05-29,19202.879
2003-05-30,19312.977
2003-06-02,19252.264
2003-06-03,19385.821
2003-06-04,19906.332
2003-06-05,19471.161
2003-06-06,19840.875
2003-06-09,19351.995
2003-06-10,19585.662
2003-06-11,19787.971
2003-06-12,19449.149
2003-06-13,19461.964
2003-06-16,19544.903
2003-06-17,19801.555
2003-06-18,20008.209
2003-06-19,19715.596
2003-06-20,19675.164
2003-06-23,19451.878
2003-06-24,19065.076
2003-06-25,18816.084
2003-06-26,18568.182
2003-06-27,18235.958
2003-06-30,18204.157
2003-07-01,18176.847
2003-07-02,18351.705
2003-07-03,18582.721
2003-07-04,18481.292
2003-07-07,18835.291
2003-07-08,19213.01
2003-07-09,18964.215
2003-07-10,18581.004
2003-07-11,18829.05
2003-07-14,19010.97
2003-07-15,19097.889
2003-07-16,19275.353
2003-07-17,18829.197
2003-07-18,18904.304
2003-07-21,18676.07
2003-07-22,18636.523
2003-07-23,18522.649
2003-07-24,18638.421
2003-07-25,18589.922
2003-07-28,18422.489
2003-07-29,18320.198
2003-07-30,18254.099
2003-07-31,18266.954
2003-08-01,18366.958
2003-08-04,18404.411
2003-08-05,18140.697
2003-08-06,17861.03
2003-08-07,17833.064
2003-08-08,18194.517
2003-08-11,18186.863
2003-08-12,18439.965
2003-08-13,18419.259
2003-08-14,18364.511
2003-08-15,18376.115
2003-08-18,18384.813
2003-08-19,18580.382
2003-08-20,18656.725
2003-08-21,18999.222
2003-08-22,18762.036
2003-08-25,18796.865
2003-08-26,18347.64
2003-08-27,18448.602
2003-08-28,18558.581
2003-08-29,18627.938
2003-09-01,18760.46
2003-09-02,18747.586
2003-09-03,18768.333
2003-09-04,18940.231
2003-09-05,19288.352
2003-09-08,19681.384
2003-09-09,19406.202
2003-09-10,19006.052
2003-09-11,19039.257
2003-09-12,19043.856
2003-09-15,19118.626
2003-09-16,19646.491
2003-09-17,19343.772
2003-09-18,19431.505
2003-09-19,19411.734
2003-09-22,18927.281
2003-09-23,18766.801
2003-09-24,18421.867
2003-09-25,18238.798
2003-09-26,18404.071
2003-09-29,18384.235
2003-09-30,17718.661
2003-10-01,18042.922
2003-10-02,17969.721
2003-10-03,18475.319
2003-10-06,18377.325
2003-10-07,18292.234
2003-10-08,18308.34
2003-10-09,18623.929
2003-10-10,18713.313
2003-10-13,18917.474
2003-10-14,18809.607
2003-10-15,18941.021
2003-10-16,19050.116
2003-10-17,19425.391
2003-10-20,19444.37
2003-10-21,19339.795
2003-10-22,18691.491
2003-10-23,18575.043
2003-10-24,18322.85
2003-10-27,18344.166
2003-10-28,18727.324
2003-10-29,18694.271
2003-10-30,18681.865
2003-10-31,18651.156
2003-11-03,18819.682
2003-11-04,18781.168
2003-11-05,18747.324
2003-11-06,18948.248
2003-11-07,18840.765
2003-11-10,18767.74
2003-11-11,18656.703
2003-11-12,18716.879
2003-11-13,18335.651
2003-11-14,18296.732
2003-11-17,18137.024
2003-11-18,17797.053
2003-11-19,17832.908
2003-11-20,17560.668
2003-11-21,17548.639
2003-11-24,17843.804
2003-11-25,17840.845
2003-11-26,17567.079
2003-11-27,17627.695
2003-11-28,17529.307
2003-12-01,17746.488
2003-12-02,17549.124
2003-12-03,17376.103
2003-12-04,17469.777
2003-12-05,17555.287
2003-12-08,18056.514
2003-12-09,17811.144
2003-12-10,17975.802
2003-12-11,17779.792
2003-12-12,17833.692
2003-12-15,17740.21
2003-12-16,17871.714
2003-12-17,18356.579
2003-12-18,18849.689
2003-12-19,19631.543
2003-12-22,19729.954
2003-12-23,19766.128
2003-12-24,19194.658
2003-12-25,19170.283
2003-12-26,19110.699
2003-12-29,19484.097
2003-12-30,19221.127
2003-12-31,19541.576
2004-01-01,19338.675
2004-01-02,19106.562
2004-01-05,18824.201
2004-01-06,19174.919
2004-01-07,19479.989
2004-01-08,19668.414
2004-01-09,19919.393
2004-01-12,20727.389
2004-01-13,20448.368
2004-01-14,21097.981
2004-01-15,21777.946
2004-01-16,21757.985
2004-01-19,21768.7
2004-01-20,21295.748
2004-01-21,21521.084
2004-01-22,21439.513
2004-01-23,21603.416
2004-01-26,21654.557
2004-01-27,21353.256
2004-01-28,20619.609
2004-01-29,21017.809
2004-01-30,20940.012
2004-02-02,20992.434
2004-02-03,20677.332
2004-02-04,20328.268
2004-02-05,20685.281
2004-02-06,20928.89
2004-02-09,20787.145
2004-02-10,20719.886
2004-02-11,20720.929
2004-02-12,20155.841
2004-02-13,20046.434
2004-02-16,20176.566
2004-02-17,20013.429
2004-02-18,20137.206
2004-02-19,20263.509
2004-02-20,20330.277
2004-02-23,19992.838
2004-02-24,19754.697
2004-02-25,19992.325
2004-02-26,20012.742
2004-02-27,19969.465
2004-03-01,20141.375
2004-03-02,20431.643
2004-03-03,20828.548
2004-03-04,20726.725
2004-03-05,20249.671
2004-03-08,20035.05
2004-03-09,19814.841
2004-03-10,19768.346
2004-03-11,19500.992
2004-03-12,19820.483
2004-03-15,19465.791
2004-03-16,19788.551
2004-03-17,19906.935
2004-03-18,19775.545
2004-03-19,19602.309
2004-03-22,18907.315
2004-03-23,19010.372
2004-03-24,19075.636
2004-03-25,19301.625
2004-03-26,19269.372
2004-03-29,19048.027
2004-03-30,18906.158
2004-03-31,18921.718
2004-04-01,19186.178
2004-04-02,19512.537
2004-04-05,19571.266
2004-04-06,19241.646
2004-04-07,19199.345
2004-04-08,19238.725
2004-04-09,19035.475
2004-04-12,19181.68
2004-04-13,19744.42
2004-04-14,19824.092
2004-04-15,19701.398
2004-04-16,19396.519
2004-04-19,19588.012
2004-04-20,19400.012
2004-04-21,20083.999
2004-04-22,20622.537
2004-04-23,20319.276
2004-04-26,20198.387
2004-04-27,20055.841
2004-04-28,20637.987
2004-04-29,20391.771
2004-04-30,20481.538
2004-05-03,20640.834
2004-05-04,20579.016
2004-05-05,20368.544
2004-05-06,20425.88
2004-05-07,20478.512
2004-05-10,20024.816
2004-05-11,19801.228
2004-05-12,19743.105
2004-05-13,19841.744
2004-05-14,19389.446
2004-05-17,19183.043
2004-05-18,19337.019
2004-05-19,19400.515
2004-05-20,19399.315
2004-05-21,19470.126
2004-05-24,19339.778
2004-05-25,19282.638
2004-05-26,19425.215
2004-05-27,19475.587
2004-05-28,19382.403
2004-05-31,19343.184
2004-06-01,19070.252
2004-06-02,19359.183
2004-06-03,19126.738
2004-06-04,19177.104
2004-06-07,19609.427
2004-06-08,19926.682
2004-06-09,19894.83
2004-06-10,19495.468
2004-06-11,19506.29
2004-06-14,19622.652
2004-06-15,19362.767
2004-06-16,19539.905
2004-06-17,19547.028
2004-06-18,19213.083
2004-06-21,18977
2004-06-22,18937.605
2004-06-23,18869.171
2004-06-24,19159.532
2004-06-25,19011.568
2004-06-28,18701.865
2004-06-29,18893.453
2004-06-30,18877.48
2004-07-01,18727.274
2004-07-02,18413.439
2004-07-05,18540.229
2004-07-06,18498.266
2004-07-07,18190.744
2004-07-08,17964.473
2004-07-09,18277.806
2004-07-12,18104.162
2004-07-13,18279.571
2004-07-14,18093.535
2004-07-15,18054.655
2004-07-16,17614.167
2004-07-19,17512.869
2004-07-20,17661.094
2004-07-21,17910.637
2004-07-22,17780.621
2004-07-23,18064.68
2004-07-26,18026.905
2004-07-27,18346.637
2004-07-28,18229.885
2004-07-29,18353.351
2004-07-30,18437.07
2004-08-02,18620.729
2004-08-03,18331.852
2004-08-04,18287.859
2004-08-05,18095.935
2004-08-06,17561.77
2004-08-09,17460.869
2004-08-10,17785.42
2004-08-11,17845.38
2004-08-12,18430.231
2004-08-13,18512.472
2004-08-16,18972.675
2004-08-17,18709.648
2004-08-18,18932.653
2004-08-19,19337.94
2004-08-20,19222.281
2004-08-23,19544.925
2004-08-24,19710.898
2004-08-25,19586.049
2004-08-26,19462.048
2004-08-27,19936.436
2004-08-30,19712.99
2004-08-31,19596.938
2004-09-01,19574.408
2004-09-02,19527.447
2004-09-03,19653.517
2004-09-06,19739.692
2004-09-07,19842.942
2004-09-08,19817.522
2004-09-09,19915.177
2004-09-10,19735.103
2004-09-13,19745.047
2004-09-14,19633.202
2004-09-15,19672.437
2004-09-16,19672.214
2004-09-17,19714.176
2004-09-20,19479.141
2004-09-21,19518.196
2004-09-22,19478.354
2004-09-23,19159.052
2004-09-24,19124.337
2004-09-27,19004.421
2004-09-28,19100.845
2004-09-29,19284.441
2004-09-30,19407.325
2004-10-01,19715.076
2004-10-04,19758.048
2004-10-05,19974.606
2004-10-06,20041.9
2004-10-07,20149.28
2004-10-08,19977.915
2004-10-11,19985.045
2004-10-12,19962.766
2004-10-13,19892.769
2004-10-14,19540.164
2004-10-15,19413.918
2004-10-18,19212.281
2004-10-19,18997.952
2004-10-20,19032.024
2004-10-21,18856.118
2004-10-22,18525.228
2004-10-25,18666.385
2004-10-26,18977.479
2004-10-27,18921.472
2004-10-28,18723.611
2004-10-29,18843.883
2004-11-01,18843.36
2004-11-02,19056.929
2004-11-03,19029.566
2004-11-04,19244.271
2004-11-05,19419.625
2004-11-08,19707.251
2004-11-09,19537.745
2004-11-10,19704.12
2004-11-11,19823.991
2004-11-12,19711.597
2004-11-15,19611.778
2004-11-16,19432.069
2004-11-17,19349.162
2004-11-18,19563.712
2004-11-19,19320.576
2004-11-22,19331.146
2004-11-23,19255.285
2004-11-24,19234.914
2004-11-25,19231.105
2004-11-26,18991.479
2004-11-29,18800.302
2004-11-30,18831.89
2004-12-01,18935.862
2004-12-02,19033.358
2004-12-03,18960.188
2004-12-06,18788.99
2004-12-07,18836.716
2004-12-08,18989.972
2004-12-09,18914.326
2004-12-10,18844.91
2004-12-13,18808.705
2004-12-14,18875.255
2004-12-15,18964.973
2004-12-16,19095.334
2004-12-17,18926.894
2004-12-20,18854.687
2004-12-21,18801.04
2004-12-22,18830.279
2004-12-23,18820.065
2004-12-24,18895.243
2004-12-27,18782.613
2004-12-28,18917.119
2004-12-29,19136.719
2004-12-30,19045.351
2004-12-31,19051.81
2005-01-03,18931.41
2005-01-04,19366.6
2005-01-05,19460.124
2005-01-06,20092.484
2005-01-07,20029.602
2005-01-10,19727.029
2005-01-11,19592.776
2005-01-12,19725.969
2005-01-13,19800.521
2005-01-14,19831.805
2005-01-17,19826.656
2005-01-18,20024.382
2005-01-19,19856.247
2005-01-20,19780.279
2005-01-21,19360.031
2005-01-24,19315.479
2005-01-25,19391.734
2005-01-26,19430.628
2005-01-27,19437.072
2005-01-28,19387.653
2005-01-31,19588.609
2005-02-01,19950.172
2005-02-02,20030.407
2005-02-03,20259.496
2005-02-04,20582.331
2005-02-07,20668.426
2005-02-08,20736.109
2005-02-09,20640.025
2005-02-10,20434.539
2005-02-11,20412.569
2005-02-14,20364.994
2005-02-15,20168.706
2005-02-16,20226.486
2005-02-17,20004.08
2005-02-18,20007.962
2005-02-21,20030.749
2005-02-22,19383.611
2005-02-23,19433.657
2005-02-24,19557.825
2005-02-25,19757.301
2005-02-28,19708.747
2005-03-01,19923.536
2005-03-02,20110.518
2005-03-03,20272.912
2005-03-04,20119.485
2005-03-07,20162.164
2005-03-08,19916.439
2005-03-09,19732.534
2005-03-10,19992.012
2005-03-11,19820.579
2005-03-14,20366.779
2005-03-15,20783.506
2005-03-16,20539.417
2005-03-17,20528.09
2005-03-18,20397.617
2005-03-21,20491.032
2005-03-22,20314.074
2005-03-23,20608.417
2005-03-24,20667.039
2005-03-25,20597.795
2005-03-28,21017.925
2005-03-29,20908.425
2005-03-30,20889.394
2005-03-31,20783.162
2005-04-01,20697.35
2005-04-04,20625.03
2005-04-05,20592.745
2005-04-06,20428.049
2005-04-07,20568.432
2005-04-08,20548.332
2005-04-11,20587.877
2005-04-12,20630.53
2005-04-13,20424.813
2005-04-14,20640.06
2005-04-15,20421.714
2005-04-18,20232.412
2005-04-19,20240.419
2005-04-20,19767.253
2005-04-21,19902.31
2005-04-22,19797.142
2005-04-25,19912.542
2005-04-26,19919.605
2005-04-27,19795.727
2005-04-28,19820.629
2005-04-29,19804.912
2005-05-02,19940.278
2005-05-03,20040.722
2005-05-04,19828.143
2005-05-05,19760.793
2005-05-06,20017.529
2005-05-09,20330.415
2005-05-10,20305.704
2005-05-11,20333.303
2005-05-12,20488.706
2005-05-13,20557.25
2005-05-16,20758.479
2005-05-17,20993.505
2005-05-18,21130.326
2005-05-19,21212.92
2005-05-20,21593.518
2005-05-23,21772.166
2005-05-24,21904.319
2005-05-25,21566.373
2005-05-26,22022.913
2005-05-27,21940.313
2005-05-30,22254.344
2005-05-31,22469.652
2005-06-01,23170.981
2005-06-02,22813.807
2005-06-03,22961.973
2005-06-06,22517.187
2005-06-07,22339.184
2005-06-08,22616.911
2005-06-09,22561.579
2005-06-10,22573.693
2005-06-13,22889.206
2005-06-14,23015.42
2005-06-15,22804.228
2005-06-16,22676.07
2005-06-17,22549.882
2005-06-20,22682.099
2005-06-21,22819.444
2005-06-22,22861.772
2005-06-23,22777.463
2005-06-24,22466.984
2005-06-27,22245.468
2005-06-28,22369.015
2005-06-29,22492.716
2005-06-30,22372.408
2005-07-01,22904.308
2005-07-04,22843.319
2005-07-05,23129.972
2005-07-06,23086.453
2005-07-07,22923.083
2005-07-08,23253.716
2005-07-11,22869.887
2005-07-12,22381.577
2005-07-13,22826.653
2005-07-14,22715.217
2005-07-15,22780.054
2005-07-18,22704.656
2005-07-19,22971.942
2005-07-20,22918.018
2005-07-21,22636.328
2005-07-22,22910.842
2005-07-25,22864.276
2005-07-26,23019.388
2005-07-27,22969.294
2005-07-28,22943.259
2005-07-29,22820.693
2005-08-01,22666.056
2005-08-02,22912.778
2005-08-03,22676.424
2005-08-04,22517.545
2005-08-05,22464.229
2005-08-08,22439.507
2005-08-09,22613.892
2005-08-10,22508.751
2005-08-11,22458.723
2005-08-12,22439.397
2005-08-15,22746.809
2005-08-16,22517.753
2005-08-17,22654.46
2005-08-18,22696.543
2005-08-19,22821.047
2005-08-22,22710.4
2005-08-23,22676.65
2005-08-24,22523.68
2005-08-25,22534.731
2005-08-26,22394.992
2005-08-29,22446.255
2005-08-30,22640.792
2005-08-31,22304.691
2005-09-01,22259.07
2005-09-02,22119.488
2005-09-05,22200.61
2005-09-06,22563.502
2005-09-07,22626.302
2005-09-08,22545.84
2005-09-09,22651.129
2005-09-12,22870.179
2005-09-13,22721.769
2005-09-14,22618.246
2005-09-15,22785.663
2005-09-16,22821.324
2005-09-19,22830.89
2005-09-20,22725.186
2005-09-21,22518.579
2005-09-22,22407.298
2005-09-23,22466.18
2005-09-26,22618.87
2005-09-27,22849.357
2005-09-28,22801.37
2005-09-29,22832.244
2005-09-30,22795.374
2005-10-03,23016.152
2005-10-04,22972.419
2005-10-05,23003.716
2005-10-06,22855.123
2005-10-07,22937.435
2005-10-10,22736.165
2005-10-11,22777.05
2005-10-12,22765.513
2005-10-13,22841.616
2005-10-14,22755.538
2005-10-17,22613.129
2005-10-18,22664.183
2005-10-19,22661.303
2005-10-20,22641.828
2005-10-21,22716.4
2005-10-24,22981.199
2005-10-25,22946.41
2005-10-26,23193.888
2005-10-27,23136.998
2005-10-28,23270.897
2005-10-31,23491.839
2005-11-01,23423.509
2005-11-02,23516.601
2005-11-03,23592.409
2005-11-04,23784.187
2005-11-07,23915.322
2005-11-08,23863.304
2005-11-09,23882.742
2005-11-10,23960.947
2005-11-11,24167.073
2005-11-14,24113.998
2005-11-15,24106.542
2005-11-16,23948.288
2005-11-17,24161.398
2005-11-18,24108.596
2005-11-21,24098.189
2005-11-22,24081.812
2005-11-23,23890.44
2005-11-24,23835.219
2005-11-25,23806.622
2005-11-28,23646.889
2005-11-29,23621.782
2005-11-30,23424.927
2005-12-01,23630.118
2005-12-02,23354.989
2005-12-05,23284.21
2005-12-06,23127.723
2005-12-07,23217.273
2005-12-08,23246.937
2005-12-09,23521.402
2005-12-12,23447.003
2005-12-13,23396.071
2005-12-14,23702.774
2005-12-15,23905.425
2005-12-16,23918.071
2005-12-19,23607.488
2005-12-20,23594.006
2005-12-21,23716.368
2005-12-22,23811.688
2005-12-23,23733.678
2005-12-26,23871.338
2005-12-27,23662.951
2005-12-28,23735.335
2005-12-29,23590.829
2005-12-30,23460.125
2006-01-02,23523.228
2006-01-03,23505.276
2006-01-04,23475.935
2006-01-05,23449.974
2006-01-06,23459.11
2006-01-09,23275.723
2006-01-10,23441.149
2006-01-11,23364.453
2006-01-12,23351.615
2006-01-13,23066.704
2006-01-16,23035.067
2006-01-17,22996.818
2006-01-18,22883.035
2006-01-19,22830.373
2006-01-20,22659.602
2006-01-23,22647.959
2006-01-24,22893.964
2006-01-25,22906.659
2006-01-26,23406.212
2006-01-27,23678.307
2006-01-30,23709.88
2006-01-31,23481.112
2006-02-01,23649.54
2006-02-02,23376.041
2006-02-03,23321.641
2006-02-06,23370.094
2006-02-07,23452.037
2006-02-08,23598.686
2006-02-09,23410.696
2006-02-10,23367.152
2006-02-13,23406.759
2006-02-14,23376.535
2006-02-15,23291.812
2006-02-16,23347.122
2006-02-17,23120.638
2006-02-20,23138.687
2006-02-21,23239.039
2006-02-22,23489.976
2006-02-23,23590.838
2006-02-24,23650.196
2006-02-27,24071.265
2006-02-28,23813.013
2006-03-01,23996.425
2006-03-02,23768.121
2006-03-03,23948.209
2006-03-06,24121.662
2006-03-07,24075.536
2006-03-08,24180.476
2006-03-09,24096.458
2006-03-10,24114.134
2006-03-13,24265.573
2006-03-14,24363.393
2006-03-15,24313.933
2006-03-16,24397.232
2006-03-17,24590.615
2006-03-20,25039.23
2006-03-21,24899.3
2006-03-22,24981.968
2006-03-23,24765.65
2006-03-24,24729.86
2006-03-27,24781.931
2006-03-28,24646.2
2006-03-29,24870.512
2006-03-30,24570.28
2006-03-31,24296.819
2006-04-03,24271.565
2006-04-04,24095.023
2006-04-05,24203.883
2006-04-06,24383.494
2006-04-07,24393.942
2006-04-10,24500.151
2006-04-11,24271.42
2006-04-12,24236.668
2006-04-13,24193.803
2006-04-14,24195.946
2006-04-17,24098.77
2006-04-18,24152.301
2006-04-19,24123.734
2006-04-20,24478.751
2006-04-21,24336.106
2006-04-24,24491.199
2006-04-25,24560.401
2006-04-26,25006.982
2006-04-27,25109.485
2006-04-28,24521.299
2006-05-01,24456.372
2006-05-02,24848.713
2006-05-03,24709.021
2006-05-04,24919.175
2006-05-05,25176.927
2006-05-08,25223.662
2006-05-09,25262.857
2006-05-10,25296.526
2006-05-11,25064.794
2006-05-12,25460.997
2006-05-15,26002.18
2006-05-16,25764.675
2006-05-17,25428.953
2006-05-18,25560.512
2006-05-19,25658.655
2006-05-22,25648.846
2006-05-23,25443.684
2006-05-24,25965.814
2006-05-25,25780.886
2006-05-26,25925.532
2006-05-29,25869.076
2006-05-30,25863.862
2006-05-31,26411.124
2006-06-01,26490.035
2006-06-02,26599.155
2006-06-05,26224.013
2006-06-06,26366.665
2006-06-07,25966.077
2006-06-08,25811.62
2006-06-09,25715.976
2006-06-12,25623.749
2006-06-13,25375.361
2006-06-14,25525.455
2006-06-15,26393.373
2006-06-16,26260.607
2006-06-19,26412.725
2006-06-20,26854.518
2006-06-21,27279.321
2006-06-22,27907.987
2006-06-23,28365.191
2006-06-26,28188.055
2006-06-27,27752.816
2006-06-28,27508.667
2006-06-29,28261.683
2006-06-30,28207.771
2006-07-03,27959.784
2006-07-04,27947.54
2006-07-05,28346.684
2006-07-06,28220.808
2006-07-07,27954.221
2006-07-10,28053.025
2006-07-11,27981.728
2006-07-12,27842.842
2006-07-13,27584.914
2006-07-14,27428.901
2006-07-17,27296.45
2006-07-18,27054.881
2006-07-19,27064.821
2006-07-20,26802.136
2006-07-21,26895.185
2006-07-24,27148.72
2006-07-25,27299.989
2006-07-26,27149.346
2006-07-27,26748.456
2006-07-28,27271.246
2006-07-31,27440.832
2006-08-01,27440.942
2006-08-02,27394.896
2006-08-03,27168.951
2006-08-04,27200.811
2006-08-07,26870.962
2006-08-08,27029.53
2006-08-09,26698.018
2006-08-10,26892.156
2006-08-11,26775.234
2006-08-14,27113.77
2006-08-15,27508.587
2006-08-16,27272.83
2006-08-17,27527.271
2006-08-18,28327.347
2006-08-21,28489.219
2006-08-22,28838.269
2006-08-23,28807.451
2006-08-24,28920.247
2006-08-25,28751.525
2006-08-28,29029.706
2006-08-29,28942.627
2006-08-30,28884.821
2006-08-31,29324.438
2006-09-01,29460.196
2006-09-04,29434.71
2006-09-05,29502.274
2006-09-06,29688.791
2006-09-07,29547.214
2006-09-08,29682.136
2006-09-11,29676.376
2006-09-12,29678.692
2006-09-13,29666.813
2006-09-14,30087.2
2006-09-15,30023.069
2006-09-18,29616.188
2006-09-19,29896.804
2006-09-20,30079.727
2006-09-21,30900.798
2006-09-22,30930.596
2006-09-25,31312.72
2006-09-26,31320.798
2006-09-27,31412.365
2006-09-28,31669.369
2006-09-29,31956.603
2006-10-02,31852.4
2006-10-03,32460.31
2006-10-04,32771.415
2006-10-05,32553.558
2006-10-06,32440.489
2006-10-09,32550.418
2006-10-10,32323.616
2006-10-11,31861.726
2006-10-12,31488.453
2006-10-13,31331.458
2006-10-16,31684.835
2006-10-17,31909.849
2006-10-18,31942.607
2006-10-19,31725.826
2006-10-20,31873.322
2006-10-23,32573.802
2006-10-24,32726.048
2006-10-25,32369.496
2006-10-26,32180.574
2006-10-27,31764.32
2006-10-30,32000.081
2006-10-31,31535.857
2006-11-01,31505.168
2006-11-02,31607.069
2006-11-03,31309.477
2006-11-06,31621.577
2006-11-07,31495.94
2006-11-08,31484.272
2006-11-09,31025.262
2006-11-10,31032.809
2006-11-13,31190.137
2006-11-14,31372.496
2006-11-15,31409.385
2006-11-16,31296.868
2006-11-17,31506.711
2006-11-20,31205.15
2006-11-21,31173.475
2006-11-22,31161.139
2006-11-23,31396.171
2006-11-24,31180.25
2006-11-27,30709.159
2006-11-28,30884.39
2006-11-29,31139.285
2006-11-30,31295.182
2006-12-01,31281.736
2006-12-04,31499.856
2006-12-05,31364.89
2006-12-06,31319.78
2006-12-07,31033.23
2006-12-08,31206.125
2006-12-11,31056.861
2006-12-12,31014.43
2006-12-13,31007.558
2006-12-14,31114.407
2006-12-15,31278.138
2006-12-18,31319.66
2006-12-19,31261.74
2006-12-20,30895.721
2006-12-21,31253.636
2006-12-22,31187.082
2006-12-25,31192.799
2006-12-26,31350.536
2006-12-27,31717.88
2006-12-28,31376.688
2006-12-29,31210.043
2007-01-01,31291.329
2007-01-02,31041.756
2007-01-03,31127.238
2007-01-04,31689.474
2007-01-05,31919.135
2007-01-08,32087.199
2007-01-09,32473.757
2007-01-10,32314.339
2007-01-11,32275.701
2007-01-12,32376.043
2007-01-15,32448.653
2007-01-16,32455.413
2007-01-17,32140.757
2007-01-18,32001.638
2007-01-19,32151.885
2007-01-22,32037.777
2007-01-23,32106.928
2007-01-24,32457.047
2007-01-25,32616.618
2007-01-26,32631.414
2007-01-29,32818.039
2007-01-30,32900.643
2007-01-31,32658.646
2007-02-01,32788.74
2007-02-02,32862.274
2007-02-05,32846.184
2007-02-06,32910.91
2007-02-07,32897.28
2007-02-08,32698.799
2007-02-09,32677.036
2007-02-12,33003.129
2007-02-13,33137.877
2007-02-14,33273.348
2007-02-15,33470.267
2007-02-16,33228.85
2007-02-19,32994.994
2007-02-20,33094.526
2007-02-21,32896.664
2007-02-22,32759.486
2007-02-23,32801.662
2007-02-26,32942.333
2007-02-27,32725.116
2007-02-28,32619.117
2007-03-01,32635.478
2007-03-02,32800.857
2007-03-05,32616.491
2007-03-06,32858.83
2007-03-07,32995.828
2007-03-08,33072.652
2007-03-09,32864.798
2007-03-12,33009.277
2007-03-13,33177.36
2007-03-14,32837.928
2007-03-15,32951.691
2007-03-16,33250.432
2007-03-19,33365.699
2007-03-20,33443.618
2007-03-21,33583.431
2007-03-22,33126.38
2007-03-23,33322.386
2007-03-26,33297.419
2007-03-27,33292.168
2007-03-28,33554.73
2007-03-29,33414.578
2007-03-30,33439.966
2007-04-02,33357.499
2007-04-03,33266.005
2007-04-04,33381.85
2007-04-05,33317.561
2007-04-06,33305.378
2007-04-09,33217.854
2007-04-10,33473.916
2007-04-11,33360.534
2007-04-12,33644.815
2007-04-13,33871.623
2007-04-16,33829.497
2007-04-17,33691.83
2007-04-18,33706.529
2007-04-19,33504.502
2007-04-20,33746.316
2007-04-23,33884.939
2007-04-24,33689.352
2007-04-25,33609.445
2007-04-26,33647.729
2007-04-27,33924.052
2007-04-30,33589.252
2007-05-01,33645.018
2007-05-02,33825.9
2007-05-03,33664.19
2007-05-04,33674.999
2007-05-07,33548.485
2007-05-08,33502.095
2007-05-09,33563.333
2007-05-10,33875.576
2007-05-11,33820.187
2007-05-14,33563.347
2007-05-15,33446.576
2007-05-16,33906.049
2007-05-17,34166.816
2007-05-18,34256.115
2007-05-21,34292.065
2007-05-22,34526.879
2007-05-23,34657.927
2007-05-24,34754.437
2007-05-25,34598.084
2007-05-28,34624.242
2007-05-29,34952.466
2007-05-30,35138.224
2007-05-31,35100.089
2007-06-01,35138.762
2007-06-04,35372.421
2007-06-05,35501.377
2007-06-06,35333.312
2007-06-07,34901.737
2007-06-08,35272.406
2007-06-11,35039.192
2007-06-12,34784.084
2007-06-13,35109.644
2007-06-14,35175.972
2007-06-15,35231.696
2007-06-18,34993.428
2007-06-19,34926.714
2007-06-20,34952.591
2007-06-21,35090.254
2007-06-22,34877.559
2007-06-25,34774.984
2007-06-26,34750.901
2007-06-27,34780.827
2007-06-28,34470.976
2007-06-29,34516.974
2007-07-02,34369.483
2007-07-03,34639.514
2007-07-04,34572.494
2007-07-05,34770.201
2007-07-06,34839.151
2007-07-09,34764.77
2007-07-10,34658.821
2007-07-11,34922.944
2007-07-12,35021.606
2007-07-13,35258.754
2007-07-16,35169.728
2007-07-17,35155.451
2007-07-18,34983.8
2007-07-19,34725.813
2007-07-20,34569.768
2007-07-23,34220.209
2007-07-24,33837.927
2007-07-25,34023.945
2007-07-26,33932.347
2007-07-27,33726.284
2007-07-30,34060.109
2007-07-31,33851.413
2007-08-01,33957.334
2007-08-02,33889.442
2007-08-03,33418.334
2007-08-06,33593.979
2007-08-07,33831.855
2007-08-08,34157.291
2007-08-09,33959.023
2007-08-10,33685.826
2007-08-13,33845.379
2007-08-14,33924.132
2007-08-15,33739.984
2007-08-16,34192.675
2007-08-17,33933.111
2007-08-20,34217.517
2007-08-21,34188.289
2007-08-22,34070.109
2007-08-23,34333.694
2007-08-24,34216.554
2007-08-27,34218.179
2007-08-28,33774.248
2007-08-29,34002.337
2007-08-30,33616.017
2007-08-31,34232.97
2007-09-03,34504.244
2007-09-04,34718.462
2007-09-05,34550.633
2007-09-06,34511.689
2007-09-07,34188.028
2007-09-10,34024.448
2007-09-11,34217.881
2007-09-12,34090.661
2007-09-13,34254.01
2007-09-14,34398.004
2007-09-17,34267.939
2007-09-18,34732.745
2007-09-19,34884.162
2007-09-20,34739.844
2007-09-21,34601.775
2007-09-24,34437.289
2007-09-25,34451.565
2007-09-26,34395.455
2007-09-27,34437.019
2007-09-28,34457.243
2007-10-01,34731.814
2007-10-02,35069.222
2007-10-03,34917.568
2007-10-04,34919.573
2007-10-05,34796.744
2007-10-08,34821.685
2007-10-09,35073.347
2007-10-10,35181.091
2007-10-11,34394.293
2007-10-12,34697.917
2007-10-15,34981.754
2007-10-16,34695.131
2007-10-17,34687.725
2007-10-18,34567.606
2007-10-19,33925.791
2007-10-22,34031.719
2007-10-23,33652.151
2007-10-24,33318.557
2007-10-25,32983.484
2007-10-26,33117.823
2007-10-29,33594.828
2007-10-30,33434.382
2007-10-31,33753.676
2007-11-01,33426.547
2007-11-02,33195.183
2007-11-05,32999.127
2007-11-06,33110.314
2007-11-07,32433.123
2007-11-08,32512.889
2007-11-09,32619.406
2007-11-12,32894.651
2007-11-13,33080.483
2007-11-14,32463.677
2007-11-15,32706.499
2007-11-16,32475.927
2007-11-19,32340.427
2007-11-20,32413.195
2007-11-21,32309.358
2007-11-22,32304.229
2007-11-23,32857.403
2007-11-26,33141.032
2007-11-27,33669.372
2007-11-28,33692.809
2007-11-29,33677.789
2007-11-30,33725.906
2007-12-03,33590.863
2007-12-04,33344.764
2007-12-05,33514.798
2007-12-06,33700.659
2007-12-07,33724.531
2007-12-10,33707.236
2007-12-11,33424.715
2007-12-12,33601.535
2007-12-13,33319.877
2007-12-14,33480.857
2007-12-17,33044.717
2007-12-18,33168.836
2007-12-19,33162.759
2007-12-20,33763.992
2007-12-21,34175.737
2007-12-24,34156.731
2007-12-25,34200.997
2007-12-26,34369.936
2007-12-27,33564.09
2007-12-28,33535.314
2007-12-31,33577.038
2008-01-01,33496.295
2008-01-02,33239.324
2008-01-03,33237.578
2008-01-04,32673.139
2008-01-07,32732.992
2008-01-08,32338.603
2008-01-09,32461.989
2008-01-10,32210.851
2008-01-11,31592.774
2008-01-14,31831.436
2008-01-15,31450.908
2008-01-16,31497.395
2008-01-17,31367.797
2008-01-18,31338.925
2008-01-21,31030.34
2008-01-22,30452.173
2008-01-23,30878.792
2008-01-24,31200.657
2008-01-25,31679.303
2008-01-28,32048.899
2008-01-29,32397.151
2008-01-30,32696.581
2008-01-31,33801.064
2008-02-01,34018.593
2008-02-04,34037.032
2008-02-05,33941.503
2008-02-06,33694.496
2008-02-07,33566.169
2008-02-08,34044.995
2008-02-11,33812.523
2008-02-12,34179.605
2008-02-13,34452.291
2008-02-14,34324.22
2008-02-15,34087.261
2008-02-18,33934.591
2008-02-19,34461.797
2008-02-20,35138.986
2008-02-21,34779.389
2008-02-22,34689.638
2008-02-25,34967.937
2008-02-26,34646.867
2008-02-27,34499.074
2008-02-28,34674.869
2008-02-29,34880.405
2008-03-03,34593.097
2008-03-04,35092.9
2008-03-05,34703.201
2008-03-06,35152.14
2008-03-07,34843.254
2008-03-10,34554.297
2008-03-11,34488.922
2008-03-12,34827.759
2008-03-13,34919.367
2008-03-14,34602.429
2008-03-17,34796.277
2008-03-18,35310.995
2008-03-19,35007.579
2008-03-20,35600.692
2008-03-21,35534.812
2008-03-24,35604.108
2008-03-25,35988.028
2008-03-26,36158.112
2008-03-27,35684.032
2008-03-28,36139.553
2008-03-31,36226.134
2008-04-01,36533.396
2008-04-02,35911.717
2008-04-03,35680.937
2008-04-04,36171.07
2008-04-07,35993.685
2008-04-08,35873.607
2008-04-09,35979.645
2008-04-10,35843.326
2008-04-11,35422.232
2008-04-14,35434.394
2008-04-15,35915.856
2008-04-16,36585.793
2008-04-17,36082.542
2008-04-18,36238.518
2008-04-21,36443.133
2008-04-22,35736.678
2008-04-23,35870.973
2008-04-24,35865.16
2008-04-25,35812.305
2008-04-28,35557.755
2008-04-29,35644.796
2008-04-30,35505.972
2008-05-01,36015.381
2008-05-02,36037.734
2008-05-05,36045.92
2008-05-06,36024.679
2008-05-07,35593.335
2008-05-08,36083.357
2008-05-09,36401.258
2008-05-12,36226.254
2008-05-13,36052.664
2008-05-14,36499.349
2008-05-15,36476.264
2008-05-16,36242.423
2008-05-19,36476.647
2008-05-20,36900.944
2008-05-21,36589.778
2008-05-22,36765.878
2008-05-23,36281.375
2008-05-26,36372.488
2008-05-27,36688.583
2008-05-28,36395.661
2008-05-29,35968.382
2008-05-30,36255.731
2008-06-02,36699.302
2008-06-03,36371.705
2008-06-04,36600.452
2008-06-05,37326.309
2008-06-06,36767.88
2008-06-09,36694.569
2008-06-10,36540.802
2008-06-11,36425.443
2008-06-12,36765.244
2008-06-13,37079.461
2008-06-16,37215.648
2008-06-17,36841.164
2008-06-18,36596.911
2008-06-19,36172.887
2008-06-20,35812.363
2008-06-23,36004.967
2008-06-24,35597.66
2008-06-25,35354.767
2008-06-26,34834.831
2008-06-27,34609.553
2008-06-30,34345.027
2008-07-01,34512.959
2008-07-02,33770.638
2008-07-03,33359.113
2008-07-04,33163.508
2008-07-07,33148.283
2008-07-08,33213.498
2008-07-09,32807.955
2008-07-10,32889.066
2008-07-11,32457.709
2008-07-14,32162.31
2008-07-15,31761.225
2008-07-16,31966.19
2008-07-17,32145.063
2008-07-18,32599.508
2008-07-21,32520.229
2008-07-22,32422.95
2008-07-23,32803.425
2008-07-24,32813.364
2008-07-25,32302.543
2008-07-28,31718.348
2008-07-29,31326.483
2008-07-30,31866.145
2008-07-31,31476.587
2008-08-01,30766.588
2008-08-04,30424.351
2008-08-05,31522.343
2008-08-06,31918.938
2008-08-07,31764.661
2008-08-08,32855.642
2008-08-11,33374.366
2008-08-12,33409.849
2008-08-13,33182.178
2008-08-14,33259.062
2008-08-15,33211.89
2008-08-18,32315.588
2008-08-19,32112.905
2008-08-20,32250.489
2008-08-21,31968.964
2008-08-22,32215.467
2008-08-25,32244.611
2008-08-26,32449.73
2008-08-27,32510.807
2008-08-28,32684.739
2008-08-29,32557.609
2008-09-01,32606.325
2008-09-02,32477.348
2008-09-03,32687.013
2008-09-04,32038.458
2008-09-05,31896.662
2008-09-08,32404.921
2008-09-09,31553.598
2008-09-10,32440.737
2008-09-11,32820.343
2008-09-12,32495.982
2008-09-15,31361.324
2008-09-16,31652.744
2008-09-17,30916.094
2008-09-18,31831.53
2008-09-19,32141.414
2008-09-22,31795.68
2008-09-23,32088.581
2008-09-24,31914.724
2008-09-25,32314.884
2008-09-26,31981.853
2008-09-29,30196.406
2008-09-30,31052.255
2008-10-01,30851.548
2008-10-02,30488.999
2008-10-03,30312.584
2008-10-06,30038.966
2008-10-07,29156.708
2008-10-08,29298.918
2008-10-09,27537.896
2008-10-10,26853.379
2008-10-13,29014.402
2008-10-14,29091.295
2008-10-15,28683.838
2008-10-16,31016.589
2008-10-17,29930.159
2008-10-20,31898.778
2008-10-21,32671.347
2008-10-22,32651.348
2008-10-23,32205.055
2008-10-24,30511.994
2008-10-27,28483.21
2008-10-28,29780.773
2008-10-29,28787.997
2008-10-30,30199.466
2008-10-31,29470.879
2008-11-03,30211.238
2008-11-04,30678.215
2008-11-05,30154.004
2008-11-06,29459.433
2008-11-07,30193.855
2008-11-10,29663.764
2008-11-11,29620.544
2008-11-12,28431.484
2008-11-13,30093.595
2008-11-14,27857.362
2008-11-17,27540.627
2008-11-18,27860.147
2008-11-19,27190.446
2008-11-20,25777.811
2008-11-21,26393.307
2008-11-24,27253.087
2008-11-25,27047.168
2008-11-26,27431.236
2008-11-27,27764.242
2008-11-28,28518.122
2008-12-01,27556.014
2008-12-02,27850.724
2008-12-03,27742.006
2008-12-04,27478.585
2008-12-05,28182.485
2008-12-08,28674.836
2008-12-09,28365.303
2008-12-10,28873.96
2008-12-11,28152.502
2008-12-12,28480.359
2008-12-15,28601.667
2008-12-16,29758.355
2008-12-17,28878.975
2008-12-18,27731.909
2008-12-19,27807.632
2008-12-22,27523.982
2008-12-23,27154.78
2008-12-24,27432.766
2008-12-25,27440.429
2008-12-26,27552.958
2008-12-29,27006.996
2008-12-30,27209.466
2008-12-31,27483.917
2009-01-01,27603.628
2009-01-02,27882.651
2009-01-05,27969.589
2009-01-06,28015.183
2009-01-07,28289.461
2009-01-08,28781.13
2009-01-09,28640.776
2009-01-12,28967.985
2009-01-13,28278.889
2009-01-14,27834.173
2009-01-15,27589.556
2009-01-16,27688.297
2009-01-19,27647.872
2009-01-20,26653.808
2009-01-21,27049.099
2009-01-22,26572.136
2009-01-23,26802.721
2009-01-26,27060.151
2009-01-27,27077.14
2009-01-28,27609.894
2009-01-29,27368.339
2009-01-30,27187.035
2009-02-02,26716.872
2009-02-03,27191.879
2009-02-04,26853.315
2009-02-05,26617.981
2009-02-06,26720.909
2009-02-09,26753.3
2009-02-10,26327.946
2009-02-11,26643.074
2009-02-12,26880.378
2009-02-13,26526.844
2009-02-16,26543.281
2009-02-17,26058.293
2009-02-18,25636.383
2009-02-19,25248.467
2009-02-20,24917.211
2009-02-23,24292.327
2009-02-24,24329.239
2009-02-25,24255.289
2009-02-26,24038.498
2009-02-27,24152.992
2009-03-02,23927.704
2009-03-03,23613.439
2009-03-04,23888.272
2009-03-05,23698.473
2009-03-06,23305.059
2009-03-09,23265.235
2009-03-10,23907.97
2009-03-11,23603.997
2009-03-12,23740.357
2009-03-13,24040.635
2009-03-16,24102.218
2009-03-17,24619.215
2009-03-18,24911.572
2009-03-19,24732.564
2009-03-20,24237.454
2009-03-23,25156.592
2009-03-24,24950.195
2009-03-25,25033.363
2009-03-26,25191.328
2009-03-27,25413.593
2009-03-30,24638.289
2009-03-31,24515.328
2009-04-01,24534.026
2009-04-02,24699.941
2009-04-03,24832.447
2009-04-06,24728.263
2009-04-07,24331.845
2009-04-08,24375.863
2009-04-09,25093.054
2009-04-10,25007.149
2009-04-13,25035.673
2009-04-14,25053.001
2009-04-15,25239.737
2009-04-16,25106.323
2009-04-17,25312.434
2009-04-20,24706.861
2009-04-21,24513.329
2009-04-22,24459.556
2009-04-23,24878.163
2009-04-24,24737.066
2009-04-27,24648.58
2009-04-28,24231.992
2009-04-29,24171.527
2009-04-30,24319.903
2009-05-01,24279.113
2009-05-04,24790.226
2009-05-05,24997.343
2009-05-06,25171.13
2009-05-07,25158.722
2009-05-08,25474.83
2009-05-11,25572.694
2009-05-12,25743.62
2009-05-13,25242.823
2009-05-14,25391.092
2009-05-15,25947.817
2009-05-18,25848.923
2009-05-19,25803.316
2009-05-20,25696.811
2009-05-21,25283.375
2009-05-22,25125.394
2009-05-25,24978.492
2009-05-26,25609.951
2009-05-27,24844.024
2009-05-28,24957.719
2009-05-29,24997.76
2009-06-01,25578.453
2009-06-02,25874.933
2009-06-03,25754.149
2009-06-04,25614.526
2009-06-05,25508.695
2009-06-08,25739.806
2009-06-09,25726.254
2009-06-10,25805.97
2009-06-11,25602.163
2009-06-12,25820.488
2009-06-15,25343.189
2009-06-16,24940.905
2009-06-17,24918.539
2009-06-18,25146.982
2009-06-19,25254.718
2009-06-22,24884.053
2009-06-23,24770.451
2009-06-24,24747.521
2009-06-25,24846.765
2009-06-26,24567.418
2009-06-29,24540.856
2009-06-30,24148.77
2009-07-01,24378.079
2009-07-02,24055.988
2009-07-03,24313.436
2009-07-06,24325.349
2009-07-07,24219.457
2009-07-08,24550.156
2009-07-09,24320.05
2009-07-10,24651.057
2009-07-13,25007.914
2009-07-14,25364.918
2009-07-15,25579.175
2009-07-16,25767.883
2009-07-17,25565.117
2009-07-20,25307.218
2009-07-21,25477.267
2009-07-22,25046.057
2009-07-23,25364.834
2009-07-24,25715.223
2009-07-27,25940.279
2009-07-28,26265.362
2009-07-29,26099.332
2009-07-30,26241.139
2009-07-31,26329.283
2009-08-03,26741.695
2009-08-04,27077.427
2009-08-05,27255.573
2009-08-06,27703.301
2009-08-07,27529.67
2009-08-10,27888.801
2009-08-11,27668.622
2009-08-12,27682.429
2009-08-13,27864.827
2009-08-14,27875.309
2009-08-17,27356.021
2009-08-18,27239.19
2009-08-19,27274.64
2009-08-20,27264.632
2009-08-21,27300.264
2009-08-24,27542.015
2009-08-25,27668.657
2009-08-26,27718.625
2009-08-27,27675.429
2009-08-28,27562.425
2009-08-31,27430.695
2009-09-01,27306.057
2009-09-02,26874.096
2009-09-03,26500.218
2009-09-04,26538.662
2009-09-07,26717.635
2009-09-08,26825.745
2009-09-09,26943.882
2009-09-10,27357.205
2009-09-11,27060.916
2009-09-14,27077.85
2009-09-15,26827.926
2009-09-16,27079.175
2009-09-17,27516.699
2009-09-18,27523.435
2009-09-21,27538.712
2009-09-22,27437.121
2009-09-23,27462.91
2009-09-24,27298.065
2009-09-25,26900.53
2009-09-28,27132.33
2009-09-29,27109.767
2009-09-30,27527.262
2009-10-01,27544.951
2009-10-02,27140.106
2009-10-05,27032.26
2009-10-06,26933.668
2009-10-07,27233.68
2009-10-08,27107.663
2009-10-09,27419.918
2009-10-12,27349.454
2009-10-13,27325.447
2009-10-14,27475.996
2009-10-15,27619.218
2009-10-16,27679.285
2009-10-19,27853.781
2009-10-20,28050.323
2009-10-21,27859.271
2009-10-22,28136.038
2009-10-23,27963.261
2009-10-26,28021.371
2009-10-27,28297.412
2009-10-28,28241.696
2009-10-29,28304.009
2009-10-30,28284.783
2009-11-02,28511.908
2009-11-03,28202.223
2009-11-04,27766.563
2009-11-05,27976.911
2009-11-06,27761.435
2009-11-09,27941.999
2009-11-10,27882.594
2009-11-11,28001.585
2009-11-12,27959.612
2009-11-13,27976.333
2009-11-16,28311.072
2009-11-17,28505.814
2009-11-18,28561.655
2009-11-19,28283.962
2009-11-20,28448.701
2009-11-23,28440.215
2009-11-24,28222.311
2009-11-25,28010.22
2009-11-26,28233.6
2009-11-27,27676.956
2009-11-30,27832.895
2009-12-01,27924.836
2009-12-02,28069.935
2009-12-03,28058.086
2009-12-04,28322.096
2009-12-07,28222.303
2009-12-08,28371.355
2009-12-09,28487.919
2009-12-10,28504.378
2009-12-11,28423.029
2009-12-14,28116.971
2009-12-15,28227.714
2009-12-16,28225.464
2009-12-17,28262.401
2009-12-18,28314.097
2009-12-21,29231.728
2009-12-22,29189.861
2009-12-23,29000.543
2009-12-24,28885.602
2009-12-25,28826.621
2009-12-28,28779.866
2009-12-29,28451.588
2009-12-30,28278.061
2009-12-31,28183.179
2010-01-01,28217.548
2010-01-04,28332.859
2010-01-05,28517.482
2010-01-06,28501.532
2010-01-07,28994.043
2010-01-08,28698.433
2010-01-11,29083.303
2010-01-12,29182.432
2010-01-13,29092.283
2010-01-14,29234.449
2010-01-15,28983.511
2010-01-18,28975.574
2010-01-19,29118.466
2010-01-20,29164.826
2010-01-21,28895.002
2010-01-22,28571.717
2010-01-25,28555.397
2010-01-26,28265.949
2010-01-27,28424.161
2010-01-28,28146.614
2010-01-29,27705.548
2010-02-01,27732.007
2010-02-02,28059.195
2010-02-03,27974.878
2010-02-04,27836.437
2010-02-05,27908.799
2010-02-08,27622.448
2010-02-09,27739.118
2010-02-10,27921.591
2010-02-11,27725.373
2010-02-12,27910.804
2010-02-15,28043.014
2010-02-16,28262.091
2010-02-17,28258.985
2010-02-18,28402.947
2010-02-19,28461.647
2010-02-22,28853.918
2010-02-23,28772.835
2010-02-24,28809.579
2010-02-25,28879.433
2010-02-26,28494.976
2010-03-01,28439.459
2010-03-02,28617.144
2010-03-03,28509.33
2010-03-04,28342.79
2010-03-05,28494.609
2010-03-08,28475.49
2010-03-09,28455.359
2010-03-10,28728.793
2010-03-11,28847.207
2010-03-12,28826.865
2010-03-15,28785.343
2010-03-16,28864.112
2010-03-17,28747.571
2010-03-18,28643.546
2010-03-19,28652.962
2010-03-22,28709.56
2010-03-23,28878.058
2010-03-24,28845.991
2010-03-25,29222.508
2010-03-26,29212.314
2010-03-29,29287.775
2010-03-30,29150.946
2010-03-31,28673.48
2010-04-01,28889.861
2010-04-02,28897.774
2010-04-05,28963.14
2010-04-06,29097.252
2010-04-07,29037.877
2010-04-08,28962.328
2010-04-09,29151.379
2010-04-12,29394.623
2010-04-13,29454.086
2010-04-14,29768.973
2010-04-15,29884.414
2010-04-16,29778.815
2010-04-19,29980.499
2010-04-20,29864.191
2010-04-21,29865.43
2010-04-22,30078.252
2010-04-23,30017.936
2010-04-26,29649.678
2010-04-27,29488.761
2010-04-28,29448.603
2010-04-29,29269.393
2010-04-30,29182.492
2010-05-03,29366.516
2010-05-04,29173.764
2010-05-05,29089.713
2010-05-06,28749.162
2010-05-07,27782.787
2010-05-10,28572.47
2010-05-11,28313.947
2010-05-12,28618.781
2010-05-13,28386.295
2010-05-14,28006.652
2010-05-17,28049.939
2010-05-18,27953.462
2010-05-19,28429.549
2010-05-20,28197.737
2010-05-21,28151.812
2010-05-24,27551.495
2010-05-25,27558.572
2010-05-26,26904.009
2010-05-27,27196.969
2010-05-28,27212.66
2010-05-31,27386.979
2010-06-01,27184.603
2010-06-02,27441.098
2010-06-03,27847.754
2010-06-04,27276.675
2010-06-07,26910.126
2010-06-08,26835.262
2010-06-09,26974.819
2010-06-10,27491.339
2010-06-11,27614.026
2010-06-14,27719.15
2010-06-15,27907.752
2010-06-16,27922.837
2010-06-17,28001.359
2010-06-18,27794.285
2010-06-21,27831.304
2010-06-22,27623.61
2010-06-23,27432.269
2010-06-24,27184.825
2010-06-25,27276.376
2010-06-28,27152.426
2010-06-29,26647.795
2010-06-30,26437.119
2010-07-01,26593.723
2010-07-02,26566.947
2010-07-05,26565.986
2010-07-06,26679.883
2010-07-07,27116.905
2010-07-08,27329.038
2010-07-09,27469.012
2010-07-12,27589.685
2010-07-13,27708.65
2010-07-14,27829.065
2010-07-15,28020.783
2010-07-16,27477.06
2010-07-19,27661.202
2010-07-20,27514.75
2010-07-21,27173.368
2010-07-22,27417.808
2010-07-23,27639.438
2010-07-26,27582.551
2010-07-27,27502.322
2010-07-28,27508.3
2010-07-29,27521.524
2010-07-30,27259.674
2010-08-02,27830.981
2010-08-03,27887.54
2010-08-04,27777.699
2010-08-05,27765.934
2010-08-06,27735.887
2010-08-09,27669.796
2010-08-10,27525.362
2010-08-11,26929.355
2010-08-12,26802.648
2010-08-13,26800.896
2010-08-16,26672.069
2010-08-17,27011.61
2010-08-18,27022.273
2010-08-19,26846.504
2010-08-20,26662.255
2010-08-23,26706.343
2010-08-24,26407.05
2010-08-25,26311.51
2010-08-26,26222.438
2010-08-27,26486.075
2010-08-30,26476.325
2010-08-31,26557.727
2010-09-01,26976.166
2010-09-02,26954.614
2010-09-03,27051.326
2010-09-06,27316.842
2010-09-07,27173.174
2010-09-08,27213.745
2010-09-09,27265.693
2010-09-10,27268.578
2010-09-13,27462.11
2010-09-14,27262.091
2010-09-15,27391.41
2010-09-16,27605.811
2010-09-17,27448.171
2010-09-20,27830.018
2010-09-21,27790.925
2010-09-22,27401.124
2010-09-23,27276.033
2010-09-24,27620.985
2010-09-27,27521.779
2010-09-28,27548.473
2010-09-29,27539.356
2010-09-30,27465.353
2010-10-01,27417.663
2010-10-04,27515.171
2010-10-05,27615.442
2010-10-06,27582.893
2010-10-07,27801.15
2010-10-08,27672.453
2010-10-11,27697.338
2010-10-12,27769.38
2010-10-13,27775.621
2010-10-14,27833.449
2010-10-15,27876.544
2010-10-18,28161.013
2010-10-19,28076.539
2010-10-20,28204.059
2010-10-21,28409.043
2010-10-22,28432.151
2010-10-25,28412.033
2010-10-26,28368.959
2010-10-27,28646.333
2010-10-28,28522.79
2010-10-29,28469.129
2010-11-01,28507.973
2010-11-02,28373.961
2010-11-03,28488.269
2010-11-04,28740.501
2010-11-05,28678.418
2010-11-08,28818.527
2010-11-09,28797.533
2010-11-10,28881.268
2010-11-11,28976.581
2010-11-12,28793.987
2010-11-15,28703.928
2010-11-16,28661.316
2010-11-17,28497.148
2010-11-18,28853.735
2010-11-19,29005.721
2010-11-22,28958.244
2010-11-23,28791.992
2010-11-24,28890.823
2010-11-25,28872.521
2010-11-26,28914.515
2010-11-29,28773.25
2010-11-30,28331.698
2010-12-01,28535.678
2010-12-02,28529.184
2010-12-03,28635.125
2010-12-06,28737.24
2010-12-07,28835.683
2010-12-08,28916.126
2010-12-09,28812.727
2010-12-10,28879.451
2010-12-13,29011.472
2010-12-14,28966.766
2010-12-15,28795.601
2010-12-16,28847.241
2010-12-17,28925.594
2010-12-20,28891.285
2010-12-21,29023.558
2010-12-22,28999.701
2010-12-23,28778.463
2010-12-24,28749.277
2010-12-27,28760.365
2010-12-28,28466.762
2010-12-29,28552.916
2010-12-30,28517.214
2010-12-31,28258.097
2011-01-03,28523.597
2011-01-04,28950.479
2011-01-05,28882.183
2011-01-06,29183.378
2011-01-07,29285.744
2011-01-10,29211.762
2011-01-11,29538.651
2011-01-12,29745.029
2011-01-13,29826.091
2011-01-14,30478.458
2011-01-17,30232.745
2011-01-18,30510.578
2011-01-19,30678.77
2011-01-20,30705.163
2011-01-21,30934.646
2011-01-24,30828.543
2011-01-25,31108.954
2011-01-26,31365.175
2011-01-27,31206.645
2011-01-28,31293.132
2011-01-31,31500.359
2011-02-01,31794.339
2011-02-02,32046.574
2011-02-03,32466.237
2011-02-04,32413.698
2011-02-07,32636.232
2011-02-08,32439.12
2011-02-09,32552.428
2011-02-10,32614.703
2011-02-11,32848.213
2011-02-14,32997.789
2011-02-15,33006.423
2011-02-16,32912.767
2011-02-17,32876.744
2011-02-18,32645.666
2011-02-21,32658.58
2011-02-22,32178.865
2011-02-23,31838.458
2011-02-24,31509.066
2011-02-25,31571.143
2011-02-28,31620.354
2011-03-01,31423.732
2011-03-02,30942.414
2011-03-03,31412.557
2011-03-04,31285.298
2011-03-07,30999.012
2011-03-08,31043.32
2011-03-09,30972.856
2011-03-10,30522.718
2011-03-11,30440.671
2011-03-14,29948.095
2011-03-15,29908.755
2011-03-16,30015.408
2011-03-17,30593.811
2011-03-18,30339.419
2011-03-21,30613.472
2011-03-22,30432.93
2011-03-23,30545.526
2011-03-24,30596.016
2011-03-25,30651.608
2011-03-28,30545.566
2011-03-29,30656.724
2011-03-30,30642.343
2011-03-31,30467.885
2011-04-01,30283.111
2011-04-04,30458.732
2011-04-05,30463.055
2011-04-06,30419.751
2011-04-07,30294.287
2011-04-08,30352.828
2011-04-11,30320.362
2011-04-12,30310.324
2011-04-13,30694.46
2011-04-14,30900.663
2011-04-15,30777.418
2011-04-18,30527.539
2011-04-19,30524.494
2011-04-20,31008.603
2011-04-21,30828.023
2011-04-22,30843.047
2011-04-25,30879.82
2011-04-26,30848.435
2011-04-27,30819.899
2011-04-28,31012.109
2011-04-29,30888.111
2011-05-02,30972.528
2011-05-03,30996.132
2011-05-04,30930.332
2011-05-05,30907.415
2011-05-06,30778.643
2011-05-09,30968.087
2011-05-10,31335.951
2011-05-11,31706.145
2011-05-12,31629.738
2011-05-13,32093.435
2011-05-16,31652.199
2011-05-17,31488.651
2011-05-18,31507.441
2011-05-19,31405.41
2011-05-20,31333.098
2011-05-23,31289.373
2011-05-24,31231.261
2011-05-25,31498.012
2011-05-26,31451.491
2011-05-27,31474.674
2011-05-30,31577.14
2011-05-31,31367.956
2011-06-01,30898.852
2011-06-02,30442.798
2011-06-03,30035.113
2011-06-06,30116.144
2011-06-07,29939.393
2011-06-08,29735.515
2011-06-09,29951.177
2011-06-10,29805.85
2011-06-13,29809.921
2011-06-14,30030.127
2011-06-15,29886.45
2011-06-16,29639.19
2011-06-17,29526.384
2011-06-20,29559.534
2011-06-21,29796.245
2011-06-22,29883.929
2011-06-23,29919.498
2011-06-24,29942.652
2011-06-27,29979.512
2011-06-28,30187.175
2011-06-29,30531.685
2011-06-30,30631.872
2011-07-01,30758.104
2011-07-04,30838.109
2011-07-05,30840.26
2011-07-06,30781.708
2011-07-07,30753.426
2011-07-08,30709.601
2011-07-11,30597.878
2011-07-12,30613.719
2011-07-13,30679.235
2011-07-14,30614.326
2011-07-15,30871.975
2011-07-18,30876.428
2011-07-19,31139.28
2011-07-20,31058.391
2011-07-21,31026.862
2011-07-22,31111.514
2011-07-25,30899.694
2011-07-26,30523.697
2011-07-27,29975.094
2011-07-28,30009.151
2011-07-29,29811.328
2011-08-01,29769.997
2011-08-02,29274.015
2011-08-03,29028.981
2011-08-04,28521.219
2011-08-05,28051.338
2011-08-08,27493.782
2011-08-09,29408.339
2011-08-10,28043.123
2011-08-11,28783.186
2011-08-12,28879.385
2011-08-15,29366.707
2011-08-16,29145.591
2011-08-17,29061.21
2011-08-18,28274.626
2011-08-19,27735.282
2011-08-22,27893.989
2011-08-23,28367.615
2011-08-24,28911.314
2011-08-25,28495.218
2011-08-26,28324.609
2011-08-29,28691.996
2011-08-30,28963.766
2011-08-31,28879.713
2011-09-01,28751.883
2011-09-02,28384.254
2011-09-05,28122.572
2011-09-06,28062.87
2011-09-07,28642.53
2011-09-08,28660.532
2011-09-09,28218.588
2011-09-12,28629.167
2011-09-13,28343.507
2011-09-14,29023.171
2011-09-15,29509.783
2011-09-16,29929.744
2011-09-19,30537.735
2011-09-20,30646.551
2011-09-21,30783.634
2011-09-22,30755.097
2011-09-23,30927.7
2011-09-26,30748.86
2011-09-27,30654.625
2011-09-28,30032.55
2011-09-29,30798.223
2011-09-30,30411.475
2011-10-03,30308.433
2011-10-04,30308.541
2011-10-05,30134.037
2011-10-06,30726.359
2011-10-07,30774.015
2011-10-10,31079.896
2011-10-11,31455.227
2011-10-12,31416.041
2011-10-13,31653.412
2011-10-14,31948.03
2011-10-17,31988.865
2011-10-18,32285.405
2011-10-19,32296.576
2011-10-20,32855.256
2011-10-21,32929.965
2011-10-24,32714.535
2011-10-25,32422.148
2011-10-26,32944.648
2011-10-27,33094.89
2011-10-28,33275.236
2011-10-31,32896.054
2011-11-01,32455.737
2011-11-02,32628.951
2011-11-03,32504.966
2011-11-04,32589.743
2011-11-07,32952.548
2011-11-08,32825.082
2011-11-09,32401.528
2011-11-10,32287.697
2011-11-11,32719.709
2011-11-14,32918.205
2011-11-15,33457.65
2011-11-16,33034.401
2011-11-17,32882.814
2011-11-18,32702.891
2011-11-21,32381.895
2011-11-22,32468.911
2011-11-23,32347.736
2011-11-24,32080.671
2011-11-25,32245.789
2011-11-28,32685.822
2011-11-29,32749.897
2011-11-30,33142.454
2011-12-01,32979.187
2011-12-02,32921.896
2011-12-05,33037.143
2011-12-06,32976.291
2011-12-07,33055.989
2011-12-08,33421.593
2011-12-09,33163.713
2011-12-12,33251.186
2011-12-13,33094.11
2011-12-14,33076.212
2011-12-15,33069.454
2011-12-16,33088.344
2011-12-19,32805.997
2011-12-20,32905.121
2011-12-21,33125.615
2011-12-22,33018.512
2011-12-23,33132.724
2011-12-26,33248.444
2011-12-27,33188.382
2011-12-28,32970.313
2011-12-29,33209.321
2011-12-30,32904.692
2012-01-02,33007.684
2012-01-03,33376.538
2012-01-04,33728.666
2012-01-05,33714.107
2012-01-06,33522.307
2012-01-09,33635.999
2012-01-10,33750.05
2012-01-11,33695.205
2012-01-12,33494.275
2012-01-13,33726.261
2012-01-16,33615.276
2012-01-17,33625.94
2012-01-18,33683.214
2012-01-19,33607.27
2012-01-20,33845.707
2012-01-23,33995.333
2012-01-24,33860.018
2012-01-25,34192.615
2012-01-26,33601.706
2012-01-27,33405.82
2012-01-30,33565.893
2012-01-31,33439.43
2012-02-01,33292.186
2012-02-02,33209.514
2012-02-03,33208.541
2012-02-06,33206.294
2012-02-07,33346.845
2012-02-08,33517.047
2012-02-09,33700.417
2012-02-10,33944.404
2012-02-13,33984.332
2012-02-14,34061.262
2012-02-15,34041.704
2012-02-16,34413.384
2012-02-17,34477.058
2012-02-20,34331.664
2012-02-21,34542.17
2012-02-22,34453.163
2012-02-23,34355.183
2012-02-24,34118.881
2012-02-27,33832.21
2012-02-28,33945.974
2012-02-29,33479.169
2012-03-01,33651.264
2012-03-02,33763.397
2012-03-05,33768.81
2012-03-06,33536.579
2012-03-07,33503.17
2012-03-08,33587.557
2012-03-09,33695.766
2012-03-12,33728.024
2012-03-13,34165.761
2012-03-14,34954.066
2012-03-15,34676.469
2012-03-16,34657.2
2012-03-19,34548.008
2012-03-20,34708.414
2012-03-21,34811.912
2012-03-22,34852.022
2012-03-23,34821.802
2012-03-26,34799.582
2012-03-27,34793.202
2012-03-28,35004.571
2012-03-29,35080.86
2012-03-30,34804.316
2012-04-02,35082.29
2012-04-03,35204.854
2012-04-04,35073.28
2012-04-05,35110.716
2012-04-06,35290.855
2012-04-09,35001.365
2012-04-10,35020.097
2012-04-11,35097.414
2012-04-12,35220.162
2012-04-13,34976.765
2012-04-16,34996.969
2012-04-17,34852.969
2012-04-18,34877.978
2012-04-19,34897.024
2012-04-20,34756.761
2012-04-23,34567.771
2012-04-24,34543.081
2012-04-25,34699.537
2012-04-26,35021.709
2012-04-27,35047.9
2012-04-30,35066.103
2012-05-01,34872.7
2012-05-02,34817.884
2012-05-03,34532.684
2012-05-04,34455.449
2012-05-07,34320.823
2012-05-08,34489.407
2012-05-09,34617.879
2012-05-10,34762.521
2012-05-11,35062.115
2012-05-14,34889.834
2012-05-15,35072.092
2012-05-16,34831.134
2012-05-17,34622.706
2012-05-18,34304.912
2012-05-21,34425.829
2012-05-22,34688.182
2012-05-23,34999.316
2012-05-24,34869.627
2012-05-25,34813.465
2012-05-28,34733.08
2012-05-29,35068.43
2012-05-30,35117.622
2012-05-31,35026.844
2012-06-01,34708.578
2012-06-04,34265.601
2012-06-05,34262.305
2012-06-06,34439.233
2012-06-07,34717.525
2012-06-08,35044.977
2012-06-11,35019.32
2012-06-12,35203.083
2012-06-13,34841.372
2012-06-14,35211.35
2012-06-15,35355.066
2012-06-18,35345.485
2012-06-19,35236.064
2012-06-20,35320.937
2012-06-21,35263.396
2012-06-22,35513.295
2012-06-25,35373.648
2012-06-26,35241.606
2012-06-27,35408.362
2012-06-28,35478.266
2012-06-29,35462.631
2012-07-02,35530.203
2012-07-03,35475.987
2012-07-04,35669.185
2012-07-05,35397.125
2012-07-06,35597.216
2012-07-09,35429.792
2012-07-10,35002.858
2012-07-11,35246.243
2012-07-12,35323.552
2012-07-13,35539.891
2012-07-16,35340.106
2012-07-17,35350.935
2012-07-18,35443.015
2012-07-19,35755.214
2012-07-20,35788.376
2012-07-23,35910.61
2012-07-24,36034.238
2012-07-25,35627.177
2012-07-26,35607.106
2012-07-27,35937.146
2012-07-30,36121.961
2012-07-31,36255.27
2012-08-01,36178.007
2012-08-02,36292.832
2012-08-03,35956.709
2012-08-06,36243.782
2012-08-07,36432.272
2012-08-08,36315.102
2012-08-09,36386.73
2012-08-10,36312.281
2012-08-13,36571.048
2012-08-14,36667.857
2012-08-15,36904.2
2012-08-16,37210.182
2012-08-17,37715.28
2012-08-20,37667.504
2012-08-21,37460.787
2012-08-22,37623.416
2012-08-23,37490.804
2012-08-24,37918.141
2012-08-27,38080.163
2012-08-28,37882.722
2012-08-29,37971.52
2012-08-30,37964.948
2012-08-31,37788.75
2012-09-03,37867.774
2012-09-04,37734.328
2012-09-05,37625.462
2012-09-06,37853.86
2012-09-07,37750.994
2012-09-10,37472.402
2012-09-11,37663.37
2012-09-12,38667.106
2012-09-13,38978.235
2012-09-14,38990.117
2012-09-17,38962.842
2012-09-18,38634.278
2012-09-19,38989.257
2012-09-20,39166.888
2012-09-21,38814.551
2012-09-24,38744.474
2012-09-25,38264.17
2012-09-26,38000.694
2012-09-27,38312.177
2012-09-28,38360.744
2012-10-01,38937.283
2012-10-02,38977.121
2012-10-03,39236.946
2012-10-04,39981.593
2012-10-05,41133.484
2012-10-08,41444.245
2012-10-09,40634.473
2012-10-10,40114.169
2012-10-11,40088.618
2012-10-12,40320.404
2012-10-15,40838.275
2012-10-16,41040.894
2012-10-17,40627.153
2012-10-18,40817.675
2012-10-19,40312.714
2012-10-22,40295.648
2012-10-23,40255.307
2012-10-24,40241.695
2012-10-25,40118.225
2012-10-26,39707.186
2012-10-29,39790.197
2012-10-30,39753.514
2012-10-31,39799.608
2012-11-01,40119.949
2012-11-02,40458.644
2012-11-05,40266.233
2012-11-06,39961.531
2012-11-07,39416.966
2012-11-08,39313.119
2012-11-09,39299.334
2012-11-12,39420.929
2012-11-13,39469.463
2012-11-14,39623.198
2012-11-15,39661.434
2012-11-16,39343.621
2012-11-19,40061.678
2012-11-20,40179.98
2012-11-21,40734.919
2012-11-22,40838.478
2012-11-23,41040.037
2012-11-26,40929.863
2012-11-27,40597.7
2012-11-28,40700.147
2012-11-29,40918.534
2012-11-30,41418.046
2012-12-03,41235.763
2012-12-04,40966.248
2012-12-05,40822.987
2012-12-06,40606.544
2012-12-07,40538.344
2012-12-10,40617.714
2012-12-11,40745.131
2012-12-12,40731.217
2012-12-13,40788.744
2012-12-14,40511.562
2012-12-17,40472.609
2012-12-18,40423.928
2012-12-19,40527.291
2012-12-20,40747.18
2012-12-21,40788.664
2012-12-24,40754.689
2012-12-25,40816.028
2012-12-26,40592.492
2012-12-27,40346.31
2012-12-28,39877.438
2012-12-31,40258.52
2013-01-01,40163.695
2013-01-02,41375.334
2013-01-03,41356.033
2013-01-04,41661.398
2013-01-07,41586.932
2013-01-08,41538.286
2013-01-09,41665.571
2013-01-10,42310.003
2013-01-11,42745.735
2013-01-14,42683.382
2013-01-15,43308.509
2013-01-16,43089.45
2013-01-17,43324.888
2013-01-18,43797.351
2013-01-21,43760.048
2013-01-22,43853.651
2013-01-23,44654.817
2013-01-24,44904.123
2013-01-25,44739.055
2013-01-28,45401.424
2013-01-29,45270.735
2013-01-30,45270.799
2013-01-31,44613.55
2013-02-01,44485.435
2013-02-04,44322.534
2013-02-05,44178.072
2013-02-06,44623.675
2013-02-07,44442.024
2013-02-08,44591.269
2013-02-11,44513.066
2013-02-12,44657.579
2013-02-13,44600.135
2013-02-14,44221.115
2013-02-15,44207.216
2013-02-18,44585.461
2013-02-19,44722.836
2013-02-20,44589.703
2013-02-21,44072.648
2013-02-22,44222.035
2013-02-25,43694.867
2013-02-26,43641.36
2013-02-27,44155.765
2013-02-28,45059.21
2013-03-01,45268.09
2013-03-04,45645.727
2013-03-05,45745.719
2013-03-06,46293.386
2013-03-07,46446.678
2013-03-08,46409.092
2013-03-11,46636.992
2013-03-12,46887.834
2013-03-13,47141.967
2013-03-14,47109.355
2013-03-15,47335.105
2013-03-18,46837.491
2013-03-19,47152.246
2013-03-20,47564.692
2013-03-21,47401.614
2013-03-22,47564.063
2013-03-25,47259.736
2013-03-26,47306.68
2013-03-27,47283.764
2013-03-28,47260.082
2013-03-29,47340.166
2013-04-01,46833.233
2013-04-02,47235.551
2013-04-03,46936.883
2013-04-04,46552.29
2013-04-05,46110.012
2013-04-08,45925.189
2013-04-09,45672.585
2013-04-10,46120.653
2013-04-11,46521.67
2013-04-12,46585.987
2013-04-15,46886.513
2013-04-16,46970.651
2013-04-17,46713.534
2013-04-18,46442.161
2013-04-19,47062.955
2013-04-22,47205.631
2013-04-23,47658.379
2013-04-24,47654.43
2013-04-25,47319.924
2013-04-26,47566.51
2013-04-29,47323.981
2013-04-30,47568.152
2013-05-01,47443.434
2013-05-02,47271.105
2013-05-03,47363.383
2013-05-06,47757.8
2013-05-07,48197.279
2013-05-08,48549.503
2013-05-09,48195.889
2013-05-10,48868.86
2013-05-13,49205.67
2013-05-14,49875.538
2013-05-15,50379.434
2013-05-16,50444.96
2013-05-17,51138.385
2013-05-20,51514.242
2013-05-21,52011.595
2013-05-22,51944.984
2013-05-23,51235.747
2013-05-24,51485.146
2013-05-27,51468.69
2013-05-28,52606.804
2013-05-29,52662.76
2013-05-30,53813.759
2013-05-31,53402.747
2013-06-03,52092.015
2013-06-04,52126.793
2013-06-05,52348.992
2013-06-06,51820.991
2013-06-07,52941.312
2013-06-10,53816.729
2013-06-11,52991.687
2013-06-12,52571.681
2013-06-13,52050.867
2013-06-14,52604.423
2013-06-17,52742.042
2013-06-18,53321.383
2013-06-19,52898.124
2013-06-20,52320.76
2013-06-21,52077.044
2013-06-24,50948.403
2013-06-25,51253.393
2013-06-26,51974.435
2013-06-27,51564.502
2013-06-28,51310.59
2013-07-01,51557.14
2013-07-02,51699.11
2013-07-03,52536.899
2013-07-04,52389.948
2013-07-05,53166.797
2013-07-08,53536.594
2013-07-09,53143.757
2013-07-10,53297.891
2013-07-11,54278.503
2013-07-12,53962.946
2013-07-15,53541.587
2013-07-16,53410.308
2013-07-17,53213.912
2013-07-18,54181.578
2013-07-19,53802.113
2013-07-22,53766.719
2013-07-23,53176.744
2013-07-24,53518.073
2013-07-25,53764.875
2013-07-26,53530.405
2013-07-29,53206.991
2013-07-30,53406.692
2013-07-31,53918.615
2013-08-01,54831.857
2013-08-02,54476.75
2013-08-05,54409.344
2013-08-06,54722.192
2013-08-07,54323.194
2013-08-08,54108.611
2013-08-09,53913.578
2013-08-12,54188.781
2013-08-13,54951.604
2013-08-14,54768.602
2013-08-15,54468.475
2013-08-16,54855.018
2013-08-19,55367.844
2013-08-20,55044.433
2013-08-21,55110.673
2013-08-22,55551.975
2013-08-23,55724.951
2013-08-26,56154.199
2013-08-27,55873.952
2013-08-28,55272.193
2013-08-29,55375.626
2013-08-30,54660.111
2013-09-02,54888.14
2013-09-03,55546.087
2013-09-04,55324.159
2013-09-05,55544.897
2013-09-06,54415.416
2013-09-09,54708.058
2013-09-10,55384.191
2013-09-11,54963.572
2013-09-12,55209.255
2013-09-13,55198.956
2013-09-16,54926.036
2013-09-17,54912.451
2013-09-18,55447.222
2013-09-19,55207.069
2013-09-20,55874.528
2013-09-23,55458.36
2013-09-24,55430.657
2013-09-25,56053.934
2013-09-26,56421.564
2013-09-27,56776.049
2013-09-30,56199.581
2013-10-01,56941.316
2013-10-02,56508.287
2013-10-03,56161.303
2013-10-04,55996.79
2013-10-07,55593.491
2013-10-08,55208.368
2013-10-09,55196.745
2013-10-10,55561.75
2013-10-11,55925.225
2013-10-14,56326.841
2013-10-15,56086.59
2013-10-16,56322.908
2013-10-17,56393.344
2013-10-18,56582.129
2013-10-21,57128.303
2013-10-22,56791.283
2013-10-23,56754.888
2013-10-24,56908.356
2013-10-25,57163.784
2013-10-28,57469.929
2013-10-29,57901.255
2013-10-30,57702.538
2013-10-31,58328.489
2013-11-01,59093.131
2013-11-04,58925.144
2013-11-05,59274.622
2013-11-06,59834.534
2013-11-07,59352.872
2013-11-08,59892.693
2013-11-11,60322.674
2013-11-12,60305.385
2013-11-13,60073.759
2013-11-14,59840.948
2013-11-15,59939.344
2013-11-18,59712.974
2013-11-19,59837.63
2013-11-20,59268.388
2013-11-21,59654.264
2013-11-22,59476.792
2013-11-25,59495.45
2013-11-26,59745.934
2013-11-27,60410.114
2013-11-28,60395.945
2013-11-29,60326.431
2013-12-02,60510.342
2013-12-03,60793.702
2013-12-04,61020.318
2013-12-05,60778.373
2013-12-06,60596.307
2013-12-09,61119.267
2013-12-10,60746.423
2013-12-11,60426.358
2013-12-12,60282.926
2013-12-13,59690.247
2013-12-16,59789.249
2013-12-17,59961.381
2013-12-18,60793.523
2013-12-19,61119.135
2013-12-20,61194.341
2013-12-23,61533.245
2013-12-24,61736.464
2013-12-25,61670.146
2013-12-26,62046.404
2013-12-27,63479.728
2013-12-30,62908.23
2013-12-31,63630.493
2014-01-01,63143.991
2014-01-02,64034.985
2014-01-03,63840.427
2014-01-06,63592.06
2014-01-07,63811.544
2014-01-08,64696.633
2014-01-09,64731.871
2014-01-10,64315.383
2014-01-13,64829.744
2014-01-14,65013.452
2014-01-15,65663.696
2014-01-16,66008.124
2014-01-17,65427.51
2014-01-20,65549.344
2014-01-21,65633.141
2014-01-22,65831.308
2014-01-23,66354.448
2014-01-24,65408.876
2014-01-27,65263.439
2014-01-28,65013.781
2014-01-29,65636.514
2014-01-30,65633.509
2014-01-31,64803.162
2014-02-03,64303.185
2014-02-04,63383.114
2014-02-05,63941.121
2014-02-06,64021.105
2014-02-07,64962.945
2014-02-10,65665.233
2014-02-11,65493.305
2014-02-12,65893.003
2014-02-13,65925.283
2014-02-14,65401.919
2014-02-17,65335.242
2014-02-18,65819.493
2014-02-19,66522.443
2014-02-20,66555.88
2014-02-21,66240.532
2014-02-24,65769.988
2014-02-25,65331.359
2014-02-26,65899.821
2014-02-27,65407.929
2014-02-28,65601.778
2014-03-03,65813.168
2014-03-04,66130.182
2014-03-05,65498.453
2014-03-06,65373.991
2014-03-07,65865.17
2014-03-10,65944.277
2014-03-11,66332.747
2014-03-12,65958.207
2014-03-13,65195.987
2014-03-14,64200.29
2014-03-17,64887.299
2014-03-18,65462.538
2014-03-19,65308.934
2014-03-20,65873.213
2014-03-21,65864.226
2014-03-24,65165.542
2014-03-25,65095.068
2014-03-26,64652.863
2014-03-27,64179.788
2014-03-28,64454.143
2014-03-31,64509.962
2014-04-01,65187.587
2014-04-02,65578.414
2014-04-03,65711.237
2014-04-04,64744.366
2014-04-07,63997.079
2014-04-08,63645.145
2014-04-09,64261.535
2014-04-10,63249.541
2014-04-11,62965.405
2014-04-14,63340.493
2014-04-15,63957.316
2014-04-16,64471.28
2014-04-17,64299.373
2014-04-18,64291.002
2014-04-21,64452.921
2014-04-22,65094.232
2014-04-23,65304.753
2014-04-24,65568.881
2014-04-25,65266.923
2014-04-28,65221.509
2014-04-29,65214.1
2014-04-30,65259.086
2014-05-01,65095.681
2014-05-02,64914.633
2014-05-05,65412.74
2014-05-06,64830.646
2014-05-07,64829.959
2014-05-08,64091.984
2014-05-09,64265.021
2014-05-12,64633.623
2014-05-13,64463.762
2014-05-14,64295.101
2014-05-15,64527.971
2014-05-16,64179.434
2014-05-19,64286.08
2014-05-20,64641.748
2014-05-21,64741.337
2014-05-22,64448.093
2014-05-23,64581.602
2014-05-26,65057.467
2014-05-27,65879.733
2014-05-28,65879.247
2014-05-29,65778.993
2014-05-30,66891.785
2014-06-02,67598.914
2014-06-03,67983.527
2014-06-04,68160.738
2014-06-05,68134.133
2014-06-06,67704.449
2014-06-09,68214.138
2014-06-10,68619.569
2014-06-11,68599.602
2014-06-12,68097.062
2014-06-13,68095.071
2014-06-16,68502.792
2014-06-17,69201.034
2014-06-18,68905.732
2014-06-19,69223.703
2014-06-20,69015.978
2014-06-23,68220
2014-06-24,68118.788
2014-06-25,68165.441
2014-06-26,68330.859
2014-06-27,68297.983
2014-06-30,68468.968
2014-07-01,69184.325
2014-07-02,69916.394
2014-07-03,70034.614
2014-07-04,70071.177
2014-07-07,69825.838
2014-07-08,68840.303
2014-07-09,69056.706
2014-07-10,68620.922
2014-07-11,68798.939
2014-07-14,68999.294
2014-07-15,68892.997
2014-07-16,69095.904
2014-07-17,68587.778
2014-07-18,68701.593
2014-07-21,68229.67
2014-07-22,68473.384
2014-07-23,68084.151
2014-07-24,68364.337
2014-07-25,67974.472
2014-07-28,68395.58
2014-07-29,68322.21
2014-07-30,68914.122
2014-07-31,67869.593
2014-08-01,67607.041
2014-08-04,67616.772
2014-08-05,67518.347
2014-08-06,67158.493
2014-08-07,67088.743
2014-08-08,66847.545
2014-08-11,66953.656
2014-08-12,66962.393
2014-08-13,66939.596
2014-08-14,67024.5
2014-08-15,67326.295
2014-08-18,67884.97
2014-08-19,68445.79
2014-08-20,68811.483
2014-08-21,69078.774
2014-08-22,68763.888
2014-08-25,69310.787
2014-08-26,69254.57
2014-08-27,68872.127
2014-08-28,68802.836
2014-08-29,69045.482
2014-09-01,69231.8
2014-09-02,69601.333
2014-09-03,69352.866
2014-09-04,69520.127
2014-09-05,69464.685
2014-09-08,69853.223
2014-09-09,70255.072
2014-09-10,70450.018
2014-09-11,70722.607
2014-09-12,70538.479
2014-09-15,70462.303
2014-09-16,70066.914
2014-09-17,70552.925
2014-09-18,71490.193
2014-09-19,71583.566
2014-09-22,71579.491
2014-09-23,70965.738
2014-09-24,71330.431
2014-09-25,70801.581
2014-09-26,71279.46
2014-09-29,71291.354
2014-09-30,71287.098
2014-10-01,70308.999
2014-10-02,69394.809
2014-10-03,70636.444
2014-10-06,70163.845
2014-10-07,69018.293
2014-10-08,69503.889
2014-10-09,68013.903
2014-10-10,66918.239
2014-10-13,66199.524
2014-10-14,66184.942
2014-10-15,65829.328
2014-10-16,65610.68
2014-10-17,66514.153
2014-10-20,66620.423
2014-10-21,67678.488
2014-10-22,67357.197
2014-10-23,67691.376
2014-10-24,67831.31
2014-10-27,67825.674
2014-10-28,68046.133
2014-10-29,68048.103
2014-10-30,68257.496
2014-10-31,70081.227
2014-11-03,69996.115
2014-11-04,69762.866
2014-11-05,70767.595
2014-11-06,71596.511
2014-11-07,71608.238
2014-11-10,71901.457
2014-11-11,71760.76
2014-11-12,71442.452
2014-11-13,71694.687
2014-11-14,71058.597
2014-11-17,71061.564
2014-11-18,71036.731
2014-11-19,71019.743
2014-11-20,70434.094
2014-11-21,70944.688
2014-11-24,71576.578
2014-11-25,71091.204
2014-11-26,71414.678
2014-11-27,71411.714
2014-11-28,71798.766
2014-12-01,70768.978
2014-12-02,72066.378
2014-12-03,72777.579
2014-12-04,72398.44
2014-12-05,73502.21
2014-12-08,74380.55
2014-12-09,73517.894
2014-12-10,73161.42
2014-12-11,73697.546
2014-12-12,72473.874
2014-12-15,72571.736
2014-12-16,72023.775
2014-12-17,72371.677
2014-12-18,73737.749
2014-12-19,74374.746
2014-12-22,74272.847
2014-12-23,74932.289
2014-12-24,75032.715
2014-12-25,74958.236
2014-12-26,74845.108
2014-12-29,75387.892
2014-12-30,74333.807
2014-12-31,73707.555
2015-01-01,73561.148
2015-01-02,74442.181
2015-01-05,73111.185
2015-01-06,72268.158
2015-01-07,72710.597
2015-01-08,73121.53
2015-01-09,72135.969
2015-01-12,72072.298
2015-01-13,72093.868
2015-01-14,71115.585
2015-01-15,71657.76
2015-01-16,72373.134
2015-01-19,73026.862
2015-01-20,73026.674
2015-01-21,73043.188
2015-01-22,72716.921
2015-01-23,72773.053
2015-01-26,73164.111
2015-01-27,73675.462
2015-01-28,72789.166
2015-01-29,73217.146
2015-01-30,73048.636
2015-02-02,72938.194
2015-02-03,72974.091
2015-02-04,73463.179
2015-02-05,72835.553
2015-02-06,74129.48
2015-02-09,74280.618
2015-02-10,75467.586
2015-02-11,76434.169
2015-02-12,76321.827
2015-02-13,76223.89
2015-02-16,76468.628
2015-02-17,76269.277
2015-02-18,77054.967
2015-02-19,76922.544
2015-02-20,76906.355
2015-02-23,77113.318
2015-02-24,76310.882
2015-02-25,76119.636
2015-02-26,76391.292
2015-02-27,77565.895
2015-03-02,78296.725
2015-03-03,77800.437
2015-03-04,77894.279
2015-03-05,78376.742
2015-03-06,78673.246
2015-03-09,78870.962
2015-03-10,79021.828
2015-03-11,78654.833
2015-03-12,79548.106
2015-03-13,80347.833
2015-03-16,80799.355
2015-03-17,80563.19
2015-03-18,81273.553
2015-03-19,80983.534
2015-03-20,79983.544
2015-03-23,79455.014
2015-03-24,78446.745
2015-03-25,78101.003
2015-03-26,78444.581
2015-03-27,78784.998
2015-03-30,80105.929
2015-03-31,79381.077
2015-04-01,78158.755
2015-04-02,78582.403
2015-04-03,77489.952
2015-04-06,77927.53
2015-04-07,78535.944
2015-04-08,78356.74
2015-04-09,79371.029
2015-04-10,80200.14
2015-04-13,80672.702
2015-04-14,80336.075
2015-04-15,81448.888
2015-04-16,80488.718
2015-04-17,80247.646
2015-04-20,80950.443
2015-04-21,81227.903
2015-04-22,82041.11
2015-04-23,81956.605
2015-04-24,82235.92
2015-04-27,81158.923
2015-04-28,80344.941
2015-04-29,79376.956
2015-04-30,79760.074
2015-05-01,81226.065
2015-05-04,81315.407
2015-05-05,80053.404
2015-05-06,80253.459
2015-05-07,80138.348
2015-05-08,80625.059
2015-05-11,81387.742
2015-05-12,81045.488
2015-05-13,80205.397
2015-05-14,80336.007
2015-05-15,80240.174
2015-05-18,80898.494
2015-05-19,81166.977
2015-05-20,80954.326
2015-05-21,80911.733
2015-05-22,80902.637
2015-05-25,81369.944
2015-05-26,81263.346
2015-05-27,81756.526
2015-05-28,82260.078
2015-05-29,81722.828
2015-06-01,82408.108
2015-06-02,82140.106
2015-06-03,83169.611
2015-06-04,82913.263
2015-06-05,83709.04
2015-06-08,83107.015
2015-06-09,82384.872
2015-06-10,82635.498
2015-06-11,83188.308
2015-06-12,82915.762
2015-06-15,82384.05
2015-06-16,82613.87
2015-06-17,82619.454
2015-06-18,82223.394
2015-06-19,81594.647
2015-06-22,82307.654
2015-06-23,82953.392
2015-06-24,81920.011
2015-06-25,81560.061
2015-06-26,81994.82
2015-06-29,80728.536
2015-06-30,79828.209
2015-07-01,81005.21
2015-07-02,81138.215
2015-07-03,81320.639
2015-07-06,81022.926
2015-07-07,81788.143
2015-07-08,80975.289
2015-07-09,81452.504
2015-07-10,82462.174
2015-07-13,82860.213
2015-07-14,82665.698
2015-07-15,83187.016
2015-07-16,83597.168
2015-07-17,83230.712
2015-07-20,83945.577
2015-07-21,83035.86
2015-07-22,83139.852
2015-07-23,83104.772
2015-07-24,83628.769
2015-07-27,82901.177
2015-07-28,83157.817
2015-07-29,83399.073
2015-07-30,84873.536
2015-07-31,84770.307
2015-08-03,84738.489
2015-08-04,84328.222
2015-08-05,85550.752
2015-08-06,84655.245
2015-08-07,83659.421
2015-08-10,84740.007
2015-08-11,84943.485
2015-08-12,84346.875
2015-08-13,84668.979
2015-08-14,84654.602
2015-08-17,85583.326
2015-08-18,85511.948
2015-08-19,84785.673
2015-08-20,82824.331
2015-08-21,81097.145
2015-08-24,79330.105
2015-08-25,78622.029
2015-08-26,80727.099
2015-08-27,82307.202
2015-08-28,83808.042
2015-08-31,82885.305
2015-09-01,81554.831
2015-09-02,82507.842
2015-09-03,83482.245
2015-09-04,84037.696
2015-09-07,84760.054
2015-09-08,84879.86
2015-09-09,84834.411
2015-09-10,84202.164
2015-09-11,83830.135
2015-09-14,83272.133
2015-09-15,83617.155
2015-09-16,83535.924
2015-09-17,83982.795
2015-09-18,82307.763
2015-09-21,83472.552
2015-09-22,83381.047
2015-09-23,84109.053
2015-09-24,83846.077
2015-09-25,84102.756
2015-09-28,83541.876
2015-09-29,82540.477
2015-09-30,83484.155
2015-10-01,84097.858
2015-10-02,84328.568
2015-10-05,84869.473
2015-10-06,84650.971
2015-10-07,84438.215
2015-10-08,84836.862
2015-10-09,85068.622
2015-10-12,84612.97
2015-10-13,85156.641
2015-10-14,83742.772
2015-10-15,83351.998
2015-10-16,83902.693
2015-10-19,84868.017
2015-10-20,84861.497
2015-10-21,86007.532
2015-10-22,86329.489
2015-10-23,88767.1
2015-10-26,88615.987
2015-10-27,88368.322
2015-10-28,88753.176
2015-10-29,90129.719
2015-10-30,89872.48
2015-11-02,90079.201
2015-11-03,90150.656
2015-11-04,91316.731
2015-11-05,90715.703
2015-11-06,92213.437
2015-11-09,92338.685
2015-11-10,91915.736
2015-11-11,91596.657
2015-11-12,91261.581
2015-11-13,90873.075
2015-11-16,91491.834
2015-11-17,91340.622
2015-11-18,91649.282
2015-11-19,91160.454
2015-11-20,90780.822
2015-11-23,91333.238
2015-11-24,90729.713
2015-11-25,91658.009
2015-11-26,92927.182
2015-11-27,93524.771
2015-11-30,93785.534
2015-12-01,94307.594
2015-12-02,93110.226
2015-12-03,91972.939
2015-12-04,92880.936
2015-12-07,93586.883
2015-12-08,92983.015
2015-12-09,92810.538
2015-12-10,97090.137
2015-12-11,98622.816
2015-12-14,94356.216
2015-12-15,94040.915
2015-12-16,95879.145
2015-12-17,95939.849
2015-12-18,94281.2
2015-12-21,94633.2
2015-12-22,95850.871
2015-12-23,97264.158
2015-12-24,97894.218
2015-12-25,97443.246
2015-12-28,97820.94
2015-12-29,98679.963
2015-12-30,99788.05
2015-12-31,98504.953
2016-01-01,98432.442
2016-01-04,97351.861
2016-01-05,97437.275
2016-01-06,97523.796
2016-01-07,96208.094
2016-01-08,96658.28
2016-01-11,100875.004
2016-01-12,100213.085
2016-01-13,97304.45
2016-01-14,97580.096
2016-01-15,97785.089
2016-01-18,97442.383
2016-01-19,97338.465
2016-01-20,96375.217
2016-01-21,94673.951
2016-01-22,96966.769
2016-01-25,96170.673
2016-01-26,96250.088
2016-01-27,96140.264
2016-01-28,94884.737
2016-01-29,95158.264
2016-02-01,95757.838
2016-02-02,95323.732
2016-02-03,95140.908
2016-02-04,94197.055
2016-02-05,93275.013
2016-02-08,92705.133
2016-02-09,91591.019
2016-02-10,90310.516
2016-02-11,89043.231
2016-02-12,90239.341
2016-02-15,90803.175
2016-02-16,91776.428
2016-02-17,91662.8
2016-02-18,91311.118
2016-02-19,90956.464
2016-02-22,90714.162
2016-02-23,89846.928
2016-02-24,92021.9
2016-02-25,93372.7
2016-02-26,96903.366
2016-02-29,93958.505
2016-03-01,94306.788
2016-03-02,95263.19
2016-03-03,95703.922
2016-03-04,94510.775
2016-03-07,94134.673
2016-03-08,94400.399
2016-03-09,93425.689
2016-03-10,94870.253
2016-03-11,95465.956
2016-03-14,97258.618
2016-03-15,99103.42
2016-03-16,99464.23
2016-03-17,95825.198
2016-03-18,96635.108
2016-03-21,96220.045
2016-03-22,96180.383
2016-03-23,96475.961
2016-03-24,96960.024
2016-03-25,96611.151
2016-03-28,97380.794
2016-03-29,96045.538
2016-03-30,95165.667
2016-03-31,93265.976
2016-04-01,92488.705
2016-04-04,93013.994
2016-04-05,94393.551
2016-04-06,95726.812
2016-04-07,95210.859
2016-04-08,94321.341
2016-04-11,92551.196
2016-04-12,93504.062
2016-04-13,93680.833
2016-04-14,93883.462
2016-04-15,93874.86
2016-04-18,93461.114
2016-04-19,93486.548
2016-04-20,92984.497
2016-04-21,93194.257
2016-04-22,93871.642
2016-04-25,94143.717
2016-04-26,93772.063
2016-04-27,94509.98
2016-04-28,92455.407
2016-04-29,91955.944
2016-05-02,92707.322
2016-05-03,93524.851
2016-05-04,94681.868
2016-05-05,94535.345
2016-05-06,94604.573
2016-05-09,96416.322
2016-05-10,97730.266
2016-05-11,96195.126
2016-05-12,96086.688
2016-05-13,97154.912
2016-05-16,99781.379
2016-05-17,98827.443
2016-05-18,100234.409
2016-05-19,100417.122
2016-05-20,99412.763
2016-05-23,99677.26
2016-05-24,100268.444
2016-05-25,101450.443
2016-05-26,101015.722
2016-05-27,101778.19
2016-05-30,102924.847
2016-05-31,101846.552
2016-06-01,101441.849
2016-06-02,100896.026
2016-06-03,98453.71
2016-06-06,97778.658
2016-06-07,98036.58
2016-06-08,97160.23
2016-06-09,97196.511
2016-06-10,97872.318
2016-06-13,97014.191
2016-06-14,96997.286
2016-06-15,96795.556
2016-06-16,96954.419
2016-06-17,96307.427
2016-06-20,96012.73
2016-06-21,95829.497
2016-06-22,94452.324
2016-06-23,95078.433
2016-06-24,94104.414
2016-06-27,94161.402
2016-06-28,94360.356
2016-06-29,94453.46
2016-06-30,94384.151
2016-07-01,94217.952
2016-07-04,94027.655
2016-07-05,94176.9
2016-07-06,94152.482
2016-07-07,94300.055
2016-07-08,93862.132
2016-07-11,94110.182
2016-07-12,94054.856
2016-07-13,95103.305
2016-07-14,94240.198
2016-07-15,94900.129
2016-07-18,94557.866
2016-07-19,94989.652
2016-07-20,95622.173
2016-07-21,94570.802
2016-07-22,95254.513
2016-07-25,95222.988
2016-07-26,95303.325
2016-07-27,95453.527
2016-07-28,94355.274
2016-07-29,93097.96
2016-08-01,92875.962
2016-08-02,92940.557
2016-08-03,92627.102
2016-08-04,90949.646
2016-08-05,91954.643
2016-08-08,91090.691
2016-08-09,90604.814
2016-08-10,89596.587
2016-08-11,90301.656
2016-08-12,91531.624
2016-08-15,90284.803
2016-08-16,89568.911
2016-08-17,91106.911
2016-08-18,90674.741
2016-08-19,91374.696
2016-08-22,91831.135
2016-08-23,93833.485
2016-08-24,95503.549
2016-08-25,95713.671
2016-08-26,95352.163
2016-08-29,96851.522
2016-08-30,97604.269
2016-08-31,98680.234
2016-09-01,98581.945
2016-09-02,97939.142
2016-09-05,97525.98
2016-09-06,95650.496
2016-09-07,95949.139
2016-09-08,96305.486
2016-09-09,96227.246
2016-09-12,96090.388
2016-09-13,95788.602
2016-09-14,94486.467
2016-09-15,94448.483
2016-09-16,94304.571
2016-09-19,93346.846
2016-09-20,92335.147
2016-09-21,92149.825
2016-09-22,92320.857
2016-09-23,92341.309
2016-09-26,91638.171
2016-09-27,90385.044
2016-09-28,92353.239
2016-09-29,93383.748
2016-09-30,92639.828
2016-10-03,91622.53
2016-10-04,92676.973
2016-10-05,92233.026
2016-10-06,93150.814
2016-10-07,93128.9
2016-10-10,92870.91
2016-10-11,95544.542
2016-10-12,94196.334
2016-10-13,93646.796
2016-10-14,94123.57
2016-10-17,93297.833
2016-10-18,92497.101
2016-10-19,92366.281
2016-10-20,92787.594
2016-10-21,93236.269
2016-10-24,92961.545
2016-10-25,91746.05
2016-10-26,92256.551
2016-10-27,91949.165
2016-10-28,91510.861
2016-10-31,89349.526
2016-11-01,90040.167
2016-11-02,88332.407
2016-11-03,88014.592
2016-11-04,88139.135
2016-11-07,88111.513
2016-11-08,87990.98
2016-11-09,89560.735
2016-11-10,93408.936
2016-11-11,95062.661
2016-11-14,95586.744
2016-11-15,94589.858
2016-11-16,95308.205
2016-11-17,96257.013
2016-11-18,95900.664
2016-11-21,95543.348
2016-11-22,94505.532
2016-11-23,95194.858
2016-11-24,95106.723
2016-11-25,95271.809
2016-11-28,92333.764
2016-11-29,93293.707
2016-11-30,94511.149
2016-12-01,94755.705
2016-12-02,92663.04
2016-12-05,92568.939
2016-12-06,92414.709
2016-12-07,93006.617
2016-12-08,93886.888
2016-12-09,95315.578
2016-12-12,94187.344
2016-12-13,94900.868
2016-12-14,94812.028
2016-12-15,96537.684
2016-12-16,96790.853
2016-12-19,97240.657
2016-12-20,96483.84
2016-12-21,96428.115
2016-12-22,97005.97
2016-12-23,96750.649
2016-12-26,96652.569
2016-12-27,96311.144
2016-12-28,95470.229
2016-12-29,93696.553
2016-12-30,94481.163
