"Index","RealEstate.Close"
2002-03-22,100
2002-03-25,100.31
2002-03-26,100.18
2002-03-27,100.08
2002-03-28,100.45
2002-04-02,99.13
2002-04-03,99.56
2002-04-04,99.23
2002-04-05,99.9
2002-04-08,100.27
2002-04-09,100.5
2002-04-10,100.66
2002-04-11,101.27
2002-04-12,102.58
2002-04-15,102.12
2002-04-16,102.83
2002-04-17,103.53
2002-04-18,104.32
2002-04-19,104.54
2002-04-22,106
2002-04-23,105.93
2002-04-24,105.61
2002-04-25,105.53
2002-04-26,105.28
2002-04-29,105.62
2002-04-30,105.7
2002-05-02,106.33
2002-05-03,107.06
2002-05-06,108.17
2002-05-07,108.61
2002-05-08,110.09
2002-05-09,110.58
2002-05-10,111.19
2002-05-13,111.54
2002-05-14,111.48
2002-05-15,111.07
2002-05-16,111.2
2002-05-17,110.73
2002-05-20,111.3
2002-05-21,112.57
2002-05-22,112.37
2002-05-23,112.18
2002-05-24,112.06
2002-05-27,111.66
2002-05-28,111.89
2002-05-29,112.25
2002-05-30,111.94
2002-05-31,110.49
2002-06-03,112.05
2002-06-04,112.53
2002-06-05,112.54
2002-06-06,110.67
2002-06-07,110.26
2002-06-10,110.03
2002-06-11,109.98
2002-06-12,109.65
2002-06-13,109.98
2002-06-14,110.08
2002-06-17,110.08
2002-06-18,109.7
2002-06-19,109.59
2002-06-20,109.85
2002-06-21,109.69
2002-06-24,109.39
2002-06-25,109.34
2002-06-26,109.16
2002-06-27,108.93
2002-06-28,108.65
2002-07-01,108.57
2002-07-02,108.77
2002-07-03,108.2
2002-07-04,108.88
2002-07-05,109.11
2002-07-08,109.01
2002-07-09,109.2
2002-07-10,109.44
2002-07-11,109.92
2002-07-12,109.79
2002-07-15,110.23
2002-07-16,110.38
2002-07-17,110.24
2002-07-18,110.52
2002-07-19,111.2
2002-07-22,111.25
2002-07-23,112.32
2002-07-24,111.61
2002-07-25,112.44
2002-07-26,112.18
2002-07-29,111.77
2002-07-30,111.94
2002-07-31,112.12
2002-08-01,112.73
2002-08-02,112.43
2002-08-05,111.26
2002-08-06,111.38
2002-08-07,111.17
2002-08-08,111.45
2002-08-12,110.97
2002-08-13,111.48
2002-08-14,111.56
2002-08-15,111.4
2002-08-16,111.36
2002-08-19,112.07
2002-08-20,111.52
2002-08-21,111.44
2002-08-22,111.83
2002-08-23,112.1
2002-08-26,112.39
2002-08-27,111.74
2002-08-28,112.78
2002-08-29,113.47
2002-08-30,113.31
2002-09-02,113.48
2002-09-03,113.03
2002-09-04,113.52
2002-09-05,113.28
2002-09-06,112.43
2002-09-09,112.24
2002-09-10,112.53
2002-09-11,112.43
2002-09-12,112.38
2002-09-13,113.37
2002-09-16,113.23
2002-09-17,113.2
2002-09-18,113.49
2002-09-19,113.7
2002-09-20,113.76
2002-09-23,113.34
2002-09-25,113.08
2002-09-26,112.97
2002-09-27,113.07
2002-09-30,112.73
2002-10-01,113.2
2002-10-02,112.94
2002-10-03,112.8
2002-10-04,113.02
2002-10-07,112.82
2002-10-08,112.85
2002-10-09,113.2
2002-10-10,112.99
2002-10-11,113.23
2002-10-14,113.45
2002-10-15,113.57
2002-10-16,113.48
2002-10-17,114.27
2002-10-18,114.17
2002-10-21,114.29
2002-10-22,114.6
2002-10-23,114.77
2002-10-24,114.96
2002-10-25,114.71
2002-10-28,115.1
2002-10-29,115.14
2002-10-30,115.47
2002-10-31,115.62
2002-11-01,116.08
2002-11-04,116.54
2002-11-05,117.07
2002-11-06,117.34
2002-11-07,117.7
2002-11-08,118.87
2002-11-11,118.87
2002-11-12,119.4
2002-11-13,120.15
2002-11-14,121.04
2002-11-15,122.07
2002-11-18,122.9
2002-11-19,122.58
2002-11-20,122.71
2002-11-21,122.45
2002-11-22,122.43
2002-11-25,122.59
2002-11-26,122.68
2002-11-27,122.65
2002-11-28,123.11
2002-11-29,123.41
2002-12-02,123.87
2002-12-03,123.42
2002-12-04,123.53
2002-12-05,123.72
2002-12-06,123.43
2002-12-09,124.26
2002-12-10,124.58
2002-12-11,125.13
2002-12-12,124.78
2002-12-13,125.35
2002-12-17,125.97
2002-12-18,125.95
2002-12-19,126.12
2002-12-20,126.03
2002-12-23,126.16
2002-12-24,126.79
2002-12-27,126.76
2002-12-30,126.76
2002-12-31,126.89
2003-01-02,127.47
2003-01-03,127.68
2003-01-06,127.42
2003-01-07,127.63
2003-01-08,128.03
2003-01-09,127.95
2003-01-10,128.02
2003-01-13,127.85
2003-01-14,128.57
2003-01-15,128.88
2003-01-16,128.69
2003-01-17,128.95
2003-01-20,129.56
2003-01-21,129.43
2003-01-22,129.46
2003-01-23,130.01
2003-01-24,129.96
2003-01-27,130.12
2003-01-28,130.11
2003-01-29,129.94
2003-01-30,130.18
2003-01-31,130.22
2003-02-03,130.11
2003-02-04,130.3
2003-02-05,130.01
2003-02-06,130.02
2003-02-07,131.25
2003-02-10,131.24
2003-02-11,131.15
2003-02-12,131.15
2003-02-13,131.27
2003-02-14,131.53
2003-02-17,132.04
2003-02-18,133.23
2003-02-19,131.41
2003-02-20,131.56
2003-02-21,131.97
2003-02-24,133.61
2003-02-25,134.43
2003-02-26,134.99
2003-02-27,137.21
2003-02-28,137.53
2003-03-03,138.32
2003-03-04,138.92
2003-03-05,139.98
2003-03-06,141.91
2003-03-07,140.7
2003-03-10,142.16
2003-03-11,141.98
2003-03-12,143.34
2003-03-13,143.79
2003-03-14,143.95
2003-03-17,143.36
2003-03-18,143.92
2003-03-19,144.64
2003-03-20,144.56
2003-03-24,145.06
2003-03-25,144.44
2003-03-26,144.45
2003-03-27,144.2
2003-03-28,144.49
2003-03-31,144.23
2003-04-01,144.42
2003-04-02,144.55
2003-04-03,144.36
2003-04-04,143.85
2003-04-07,143.9
2003-04-08,143.26
2003-04-09,143.31
2003-04-10,143.67
2003-04-11,143.7
2003-04-14,143.91
2003-04-15,143.7
2003-04-16,142.91
2003-04-17,143.67
2003-04-22,143.39
2003-04-23,143.35
2003-04-24,142.26
2003-04-25,141.68
2003-04-29,141.03
2003-04-30,141.44
2003-05-02,141.11
2003-05-05,141.82
2003-05-06,142.78
2003-05-07,143.59
2003-05-08,143.9
2003-05-09,143.84
2003-05-12,143.77
2003-05-13,143.62
2003-05-14,143.78
2003-05-15,143.63
2003-05-16,141.77
2003-05-19,140.52
2003-05-20,140.32
2003-05-21,140.65
2003-05-22,140.24
2003-05-23,140.77
2003-05-26,141.97
2003-05-27,143.36
2003-05-28,145.13
2003-05-29,145.09
2003-05-30,145.57
2003-06-02,143.64
2003-06-03,146.37
2003-06-04,147.59
2003-06-05,148.11
2003-06-06,147.79
2003-06-09,148.14
2003-06-10,148.29
2003-06-11,150.08
2003-06-12,150.98
2003-06-13,151.41
2003-06-17,151.87
2003-06-18,151.61
2003-06-19,152.07
2003-06-20,152.48
2003-06-23,153.76
2003-06-24,152.97
2003-06-25,152.7
2003-06-26,152.87
2003-06-27,154.06
2003-06-30,154.51
2003-07-01,154.74
2003-07-02,155.47
2003-07-03,156
2003-07-04,154.18
2003-07-07,154.14
2003-07-08,155.1
2003-07-09,154.65
2003-07-10,154.47
2003-07-11,154.57
2003-07-14,154.79
2003-07-15,154.61
2003-07-16,153.59
2003-07-17,153.34
2003-07-18,153.58
2003-07-21,153.98
2003-07-22,153.69
2003-07-23,154.47
2003-07-24,154.83
2003-07-25,154.66
2003-07-28,154.37
2003-07-29,154.35
2003-07-30,154.45
2003-07-31,154.06
2003-08-01,153.87
2003-08-04,154.26
2003-08-05,154.1
2003-08-06,154.41
2003-08-07,153.62
2003-08-08,153.96
2003-08-11,153.44
2003-08-12,154.27
2003-08-13,154.17
2003-08-14,154.83
2003-08-15,154.44
2003-08-18,154.27
2003-08-19,154.47
2003-08-20,154.16
2003-08-21,153.01
2003-08-22,152.56
2003-08-25,152.64
2003-08-26,152.43
2003-08-27,152.1
2003-08-28,152.33
2003-08-29,150.81
2003-09-01,151.83
2003-09-02,151.59
2003-09-03,150.22
2003-09-04,149.25
2003-09-05,148.52
2003-09-08,148.55
2003-09-09,148.44
2003-09-10,148.99
2003-09-11,150.79
2003-09-12,150.58
2003-09-15,150.63
2003-09-16,151.09
2003-09-17,151.8
2003-09-18,152.46
2003-09-19,152.21
2003-09-22,152.69
2003-09-23,151.96
2003-09-25,151.86
2003-09-26,151.68
2003-09-29,150.68
2003-09-30,151.61
2003-10-01,152.61
2003-10-02,153.19
2003-10-03,154.67
2003-10-06,154.87
2003-10-07,155.59
2003-10-08,155.89
2003-10-09,156.22
2003-10-10,157.14
2003-10-13,157.81
2003-10-14,158.57
2003-10-15,159.24
2003-10-16,158.34
2003-10-17,158.46
2003-10-20,159.8
2003-10-21,160.58
2003-10-22,161.22
2003-10-23,163.3
2003-10-24,165.94
2003-10-27,166.66
2003-10-28,167.17
2003-10-29,169.43
2003-10-30,170.94
2003-10-31,171.14
2003-11-03,171.78
2003-11-04,172.27
2003-11-05,171.41
2003-11-06,171.92
2003-11-07,172.31
2003-11-10,171.78
2003-11-11,171.38
2003-11-12,171.04
2003-11-13,171.39
2003-11-14,171.23
2003-11-17,170.56
2003-11-18,168.89
2003-11-19,168.3
2003-11-20,167.89
2003-11-21,166.88
2003-11-24,168.03
2003-11-25,168.66
2003-11-26,169.4
2003-11-27,169.57
2003-11-28,170.23
2003-12-01,170.67
2003-12-02,170.05
2003-12-03,170.4
2003-12-04,170.72
2003-12-05,171.47
2003-12-08,173.72
2003-12-09,175.16
2003-12-10,174.97
2003-12-11,174.69
2003-12-12,176.4
2003-12-15,178.46
2003-12-17,179.97
2003-12-18,180.91
2003-12-19,181.4
2003-12-22,180.58
2003-12-23,179.45
2003-12-24,178.97
2003-12-29,177.98
2003-12-30,178.48
2003-12-31,178.91
2004-01-02,180.83
2004-01-05,180.32
2004-01-06,180.59
2004-01-07,180.16
2004-01-08,180.3
2004-01-09,181.43
2004-01-12,181.38
2004-01-13,179.34
2004-01-14,177.88
2004-01-15,176.67
2004-01-16,173.46
2004-01-19,173.65
2004-01-20,173.11
2004-01-21,172.39
2004-01-22,172.35
2004-01-23,171.57
2004-01-26,171.38
2004-01-27,170.35
2004-01-28,170.24
2004-01-29,170.38
2004-01-30,170.83
2004-02-02,170.64
2004-02-03,170.36
2004-02-04,170.9
2004-02-05,171.1
2004-02-06,170.71
2004-02-09,170.59
2004-02-10,170.7
2004-02-11,171.32
2004-02-12,171.6
2004-02-13,171.74
2004-02-16,171.57
2004-02-17,172.1
2004-02-18,172.43
2004-02-19,172.96
2004-02-20,172.82
2004-02-23,172.71
2004-02-24,173.2
2004-02-25,173.65
2004-02-26,173.81
2004-02-27,173.92
2004-03-01,173.88
2004-03-02,174.67
2004-03-03,174.49
2004-03-04,174.54
2004-03-05,174.78
2004-03-08,174.66
2004-03-09,175.06
2004-03-10,174.69
2004-03-11,174.46
2004-03-12,175.49
2004-03-15,174.95
2004-03-16,174.73
2004-03-17,175.54
2004-03-18,175.83
2004-03-19,175.98
2004-03-23,176.3
2004-03-24,176.41
2004-03-25,176.86
2004-03-26,177.13
2004-03-29,177.28
2004-03-30,177.52
2004-03-31,176.99
2004-04-01,177.78
2004-04-02,177.93
2004-04-05,178.25
2004-04-06,178.74
2004-04-07,179.4
2004-04-08,179.5
2004-04-13,179.59
2004-04-15,181.46
2004-04-16,182.03
2004-04-19,182.59
2004-04-20,181.84
2004-04-21,181.88
2004-04-22,181.93
2004-04-23,181.66
2004-04-26,181.41
2004-04-28,182.85
2004-04-29,182.93
2004-04-30,182.48
2004-05-03,182.47
2004-05-04,182.81
2004-05-05,182.8
2004-05-06,182.45
2004-05-07,182.85
2004-05-10,182.04
2004-05-11,180.51
2004-05-12,179.96
2004-05-13,179.9
2004-05-14,179.17
2004-05-17,179.37
2004-05-18,179.31
2004-05-19,179.6
2004-05-20,180.26
2004-05-21,180.56
2004-05-24,180.74
2004-05-25,180.43
2004-05-26,179.87
2004-05-27,180.56
2004-05-28,181.01
2004-05-31,181.75
2004-06-01,181.5
2004-06-02,181.31
2004-06-03,181
2004-06-04,179.02
2004-06-07,178.91
2004-06-08,179.94
2004-06-09,179.51
2004-06-10,179.35
2004-06-11,180.43
2004-06-14,181.3
2004-06-15,181.45
2004-06-17,181.15
2004-06-18,180.94
2004-06-21,181.8
2004-06-22,181.8
2004-06-23,180.91
2004-06-24,182.13
2004-06-25,182.17
2004-06-28,183.24
2004-06-29,183.82
2004-06-30,183.72
2004-07-01,182.36
2004-07-02,181.7
2004-07-05,180.83
2004-07-06,180.72
2004-07-07,180.66
2004-07-08,181.01
2004-07-09,181.7
2004-07-12,182.62
2004-07-13,183.43
2004-07-14,183.69
2004-07-15,183.8
2004-07-16,184.29
2004-07-19,184.58
2004-07-20,186.14
2004-07-21,186.67
2004-07-22,187.79
2004-07-23,187.4
2004-07-26,187.64
2004-07-27,187.11
2004-07-28,187.06
2004-07-29,186.69
2004-07-30,188.55
2004-08-02,188.76
2004-08-03,189.2
2004-08-04,189.25
2004-08-05,189.88
2004-08-06,189.06
2004-08-10,188.38
2004-08-11,188.43
2004-08-12,189.26
2004-08-13,190.58
2004-08-16,191.29
2004-08-17,191.8
2004-08-18,191.93
2004-08-19,192.12
2004-08-20,192.49
2004-08-23,193.44
2004-08-24,193.6
2004-08-25,194.86
2004-08-26,196.13
2004-08-27,196.65
2004-08-30,196.91
2004-08-31,198.4
2004-09-01,201.87
2004-09-02,203.08
2004-09-03,204.21
2004-09-06,204.17
2004-09-07,204.57
2004-09-08,204.79
2004-09-09,204.82
2004-09-10,202.92
2004-09-13,201.8
2004-09-14,200.12
2004-09-15,198.92
2004-09-16,199.72
2004-09-17,199.29
2004-09-20,200.74
2004-09-21,202.45
2004-09-22,203.76
2004-09-23,203.75
2004-09-27,203.66
2004-09-28,203.76
2004-09-29,204.27
2004-09-30,205.17
2004-10-01,206.08
2004-10-04,207.08
2004-10-05,206.14
2004-10-06,207.44
2004-10-07,207.92
2004-10-08,207.79
2004-10-11,207.31
2004-10-12,207.55
2004-10-13,207.94
2004-10-14,207.33
2004-10-15,208.18
2004-10-18,208.56
2004-10-19,210.71
2004-10-20,212.14
2004-10-21,212.89
2004-10-22,212.37
2004-10-25,211.63
2004-10-26,210.46
2004-10-27,210.46
2004-10-28,210.41
2004-10-29,210.78
2004-11-01,211.22
2004-11-02,211.92
2004-11-03,214.3
2004-11-04,215.27
2004-11-05,214.48
2004-11-08,213.59
2004-11-09,214.79
2004-11-10,214.96
2004-11-11,215.06
2004-11-12,216.42
2004-11-15,217.99
2004-11-16,219.56
2004-11-17,221.06
2004-11-18,224.37
2004-11-19,227.57
2004-11-22,229.18
2004-11-23,230.24
2004-11-24,232.06
2004-11-25,232.02
2004-11-26,234.67
2004-11-29,237.39
2004-11-30,239.06
2004-12-01,236.72
2004-12-02,237.75
2004-12-03,236.84
2004-12-06,236.69
2004-12-07,237.27
2004-12-08,235.82
2004-12-09,237.97
2004-12-10,240.33
2004-12-13,242.82
2004-12-14,244.93
2004-12-15,243.99
2004-12-17,244.65
2004-12-20,245.46
2004-12-21,245.81
2004-12-22,246.5
2004-12-23,247.94
2004-12-24,247.95
2004-12-28,249.39
2004-12-29,250.35
2004-12-30,251.01
2004-12-31,252.73
2005-01-03,252.74
2005-01-04,253.68
2005-01-05,256.13
2005-01-06,253.59
2005-01-07,251.68
2005-01-10,250.4
2005-01-11,248.82
2005-01-12,249.67
2005-01-13,249.11
2005-01-14,249.21
2005-01-17,248.7
2005-01-18,248.55
2005-01-19,245.34
2005-01-20,243.27
2005-01-21,246.31
2005-01-24,247.64
2005-01-25,248.92
2005-01-26,248.82
2005-01-27,249.29
2005-01-28,250.48
2005-01-31,250.87
2005-02-01,251.27
2005-02-02,252.69
2005-02-03,252.83
2005-02-04,252.8
2005-02-07,253.09
2005-02-08,256.15
2005-02-09,258.04
2005-02-10,257.5
2005-02-11,260.44
2005-02-14,261.83
2005-02-15,261.45
2005-02-16,261.07
2005-02-17,260.87
2005-02-18,261.65
2005-02-21,262.5
2005-02-22,263.18
2005-02-23,265.78
2005-02-24,266.88
2005-02-25,267.12
2005-02-28,267.41
2005-03-01,269.45
2005-03-02,269.63
2005-03-03,270.28
2005-03-04,272.41
2005-03-07,273.57
2005-03-08,273.78
2005-03-09,275.15
2005-03-10,276.94
2005-03-11,279.24
2005-03-14,281.42
2005-03-15,281.13
2005-03-16,280.74
2005-03-17,279.3
2005-03-18,279.08
2005-03-22,279.19
2005-03-23,274.97
2005-03-24,269.63
2005-03-29,263.77
2005-03-30,262.54
2005-03-31,266.24
2005-04-01,265.66
2005-04-04,264.87
2005-04-05,265.65
2005-04-06,267.21
2005-04-07,269.43
2005-04-08,269.37
2005-04-11,271.56
2005-04-12,274.77
2005-04-13,273.98
2005-04-14,278.61
2005-04-15,280.99
2005-04-18,278.79
2005-04-19,278.05
2005-04-20,277.9
2005-04-21,277.52
2005-04-22,277.98
2005-04-25,278.34
2005-04-26,274.14
2005-04-28,272.57
2005-04-29,273.94
2005-05-03,272.71
2005-05-04,273.03
2005-05-05,273.21
2005-05-06,275.22
2005-05-09,278.12
2005-05-10,278.11
2005-05-11,278.72
2005-05-12,277.96
2005-05-13,279.15
2005-05-16,279.28
2005-05-17,279.23
2005-05-18,279.5
2005-05-19,279.79
2005-05-20,280.37
2005-05-23,280.01
2005-05-24,280.09
2005-05-25,281.26
2005-05-26,283.35
2005-05-27,284.55
2005-05-30,284.87
2005-05-31,288
2005-06-01,285.15
2005-06-02,283.32
2005-06-03,283.63
2005-06-06,284.43
2005-06-07,284.66
2005-06-08,287.25
2005-06-09,287.95
2005-06-10,288.84
2005-06-13,288.6
2005-06-14,288.07
2005-06-15,288.04
2005-06-17,285.65
2005-06-20,284.03
2005-06-21,285.44
2005-06-22,288.01
2005-06-23,290.52
2005-06-24,291.99
2005-06-27,292.79
2005-06-28,293.49
2005-06-29,294.81
2005-06-30,297.39
2005-07-01,298.85
2005-07-04,297.4
2005-07-05,299.48
2005-07-06,300.44
2005-07-07,300.07
2005-07-08,301.38
2005-07-11,300.54
2005-07-12,301.7
2005-07-13,304.16
2005-07-14,305.09
2005-07-15,304.81
2005-07-18,305.53
2005-07-19,305.07
2005-07-20,306.18
2005-07-21,303.66
2005-07-22,304.06
2005-07-25,305.53
2005-07-26,305.41
2005-07-27,305.33
2005-07-28,307.73
2005-07-29,309.4
2005-08-01,310.14
2005-08-02,310.74
2005-08-03,311.49
2005-08-04,313.06
2005-08-05,316.65
2005-08-08,317.52
2005-08-10,323.73
2005-08-11,321.2
2005-08-12,321.14
2005-08-15,321
2005-08-16,321.5
2005-08-17,321.95
2005-08-18,325.96
2005-08-19,326.87
2005-08-22,326.75
2005-08-23,327.14
2005-08-24,327.42
2005-08-25,327.96
2005-08-26,328.37
2005-08-29,327.62
2005-08-30,326.88
2005-08-31,328.98
2005-09-01,329.95
2005-09-02,330.38
2005-09-05,330.62
2005-09-06,330.6
2005-09-07,333.24
2005-09-08,333.44
2005-09-09,330.2
2005-09-12,330.08
2005-09-13,330.56
2005-09-14,334.14
2005-09-15,336.18
2005-09-16,336.65
2005-09-19,337.33
2005-09-20,338.95
2005-09-21,340.25
2005-09-22,338.4
2005-09-23,337.77
2005-09-26,338.36
2005-09-27,338.48
2005-09-28,338.75
2005-09-29,338.17
2005-09-30,340.52
2005-10-03,339.35
2005-10-04,339.5
2005-10-05,340.1
2005-10-06,339.38
2005-10-07,339.49
2005-10-10,341.26
2005-10-11,343.99
2005-10-12,343.44
2005-10-13,344.67
2005-10-14,344.88
2005-10-17,347.29
2005-10-18,346.54
2005-10-19,347.75
2005-10-20,349.96
2005-10-21,355.25
2005-10-24,352.42
2005-10-25,352.07
2005-10-26,352.62
2005-10-27,350.1
2005-10-28,348.98
2005-10-31,348.12
2005-11-01,345.25
2005-11-02,341.64
2005-11-03,338.24
2005-11-04,339.13
2005-11-07,342.79
2005-11-08,342
2005-11-09,343.23
2005-11-10,342.23
2005-11-11,342.64
2005-11-14,344.08
2005-11-15,341.07
2005-11-16,340.97
2005-11-17,339.88
2005-11-18,340.99
2005-11-21,339.04
2005-11-22,340.2
2005-11-23,340.8
2005-11-24,340.67
2005-11-25,338.59
2005-11-28,339.17
2005-11-29,340.83
2005-11-30,342.44
2005-12-01,344.11
2005-12-02,345.21
2005-12-05,346.97
2005-12-06,349.32
2005-12-07,354.59
2005-12-08,359.06
2005-12-09,362.67
2005-12-12,367.87
2005-12-13,371.28
2005-12-14,371.61
2005-12-15,371.78
2005-12-19,373.2
2005-12-20,373.41
2005-12-21,374.26
2005-12-22,373.53
2005-12-23,374.5
2005-12-27,375.21
2005-12-28,376.39
2005-12-29,377.11
2005-12-30,379.19
2006-01-03,378.18
2006-01-04,379.46
2006-01-05,379.75
2006-01-06,380.24
2006-01-09,379.88
2006-01-10,380.65
2006-01-11,380.94
2006-01-12,381.83
2006-01-13,382.05
2006-01-16,382.66
2006-01-17,383.3
2006-01-18,384.65
2006-01-19,386.39
2006-01-20,386.95
2006-01-23,391.96
2006-01-24,396.31
2006-01-25,402.34
2006-01-26,406.01
2006-01-27,405.86
2006-01-30,403.38
2006-01-31,403.73
2006-02-01,398.11
2006-02-02,397.25
2006-02-03,392.87
2006-02-06,395.12
2006-02-07,395.09
2006-02-08,398.14
2006-02-09,403.26
2006-02-10,412.74
2006-02-13,411.5
2006-02-14,409.73
2006-02-15,414.64
2006-02-16,415.47
2006-02-17,420.82
2006-02-20,423.15
2006-02-21,428.54
2006-02-22,430.4
2006-02-23,428.99
2006-02-24,429.05
2006-02-27,429.93
2006-02-28,430.8
2006-03-02,433.18
2006-03-03,435.54
2006-03-06,439.56
2006-03-07,437.24
2006-03-08,434.17
2006-03-09,436.8
2006-03-10,438.05
2006-03-13,437.67
2006-03-14,442.06
2006-03-15,441.02
2006-03-16,439.49
2006-03-17,440.11
2006-03-20,445.65
2006-03-22,444.08
2006-03-23,446.99
2006-03-24,448
2006-03-27,449.13
2006-03-28,451
2006-03-29,454.47
2006-03-30,457.79
2006-03-31,462.12
2006-04-03,460.72
2006-04-04,457.54
2006-04-05,455.82
2006-04-06,453.91
2006-04-07,454.05
2006-04-10,454.18
2006-04-11,453.35
2006-04-12,452.33
2006-04-13,452.35
2006-04-18,450.31
2006-04-19,452.03
2006-04-20,453.28
2006-04-21,452.93
2006-04-24,453.22
2006-04-25,452.96
2006-04-26,455.71
2006-04-28,458.45
2006-05-02,460.68
2006-05-03,460.64
2006-05-04,461.49
2006-05-05,462.48
2006-05-08,464.58
2006-05-09,465.68
2006-05-10,465.34
2006-05-11,464.87
2006-05-12,460.6
2006-05-15,444.12
2006-05-16,442.56
2006-05-17,448.09
2006-05-18,440.27
2006-05-19,439.67
2006-05-22,427.24
2006-05-23,428.64
2006-05-24,427.65
2006-05-25,427.24
2006-05-26,431.29
2006-05-29,434.25
2006-05-30,437.95
2006-05-31,434.9
2006-06-01,435.69
2006-06-02,440.39
2006-06-05,443.87
2006-06-06,440.45
2006-06-07,435.45
2006-06-08,422.19
2006-06-09,417.08
2006-06-12,416.64
2006-06-13,408.5
2006-06-14,408.38
2006-06-15,413.08
2006-06-19,413.55
2006-06-20,406.61
2006-06-21,404.36
2006-06-22,399.96
2006-06-23,381.12
2006-06-26,367.88
2006-06-27,359.56
2006-06-28,357.4
2006-06-29,365.23
2006-06-30,374.34
2006-07-03,381.84
2006-07-04,382.04
2006-07-05,384.27
2006-07-06,376.26
2006-07-07,376.53
2006-07-10,370.72
2006-07-11,367.83
2006-07-12,365.36
2006-07-13,362.4
2006-07-14,356.9
2006-07-17,350.02
2006-07-18,351.62
2006-07-19,355.38
2006-07-20,362.84
2006-07-21,364.84
2006-07-24,364.48
2006-07-25,365.01
2006-07-26,366.7
2006-07-27,370.43
2006-07-28,369.62
2006-07-31,368.34
2006-08-01,366.32
2006-08-02,363.55
2006-08-03,367.73
2006-08-04,375.13
2006-08-07,376.92
2006-08-08,378.56
2006-08-10,380.04
2006-08-11,382.11
2006-08-14,387.91
2006-08-15,391.12
2006-08-16,394.4
2006-08-17,401.34
2006-08-18,404.65
2006-08-21,412.38
2006-08-22,408.37
2006-08-23,412.73
2006-08-24,412.55
2006-08-25,411.39
2006-08-28,414.83
2006-08-29,421.14
2006-08-30,421.95
2006-08-31,415.11
2006-09-01,407.55
2006-09-04,404.1
2006-09-05,398.59
2006-09-06,396.86
2006-09-07,395.3
2006-09-08,396.09
2006-09-11,392.68
2006-09-12,395.68
2006-09-13,398.16
2006-09-14,396.17
2006-09-15,396.25
2006-09-18,398.73
2006-09-19,403.75
2006-09-20,407.96
2006-09-21,410.95
2006-09-22,409.89
2006-09-26,411
2006-09-27,412.99
2006-09-28,411.09
2006-09-29,408.87
2006-10-02,408.1
2006-10-03,403.68
2006-10-04,397.6
2006-10-05,400.27
2006-10-06,402.45
2006-10-09,406.95
2006-10-10,406.67
2006-10-11,405.49
2006-10-12,411.3
2006-10-13,416.52
2006-10-16,419.43
2006-10-17,419.23
2006-10-18,421.09
2006-10-19,422.02
2006-10-20,421.75
2006-10-23,423.82
2006-10-24,425.01
2006-10-25,425.08
2006-10-26,429.61
2006-10-27,430.4
2006-10-30,438.3
2006-10-31,449.39
2006-11-01,453.88
2006-11-02,452.29
2006-11-03,455.06
2006-11-06,455.29
2006-11-07,460.7
2006-11-08,459.55
2006-11-09,461.81
2006-11-10,462.8
2006-11-13,463.77
2006-11-14,463.05
2006-11-15,465.23
2006-11-16,465.18
2006-11-17,467.24
2006-11-20,464.95
2006-11-21,467.31
2006-11-22,467.97
2006-11-23,466.81
2006-11-24,470.63
2006-11-27,470.65
2006-11-28,470.01
2006-11-29,471.12
2006-11-30,472.97
2006-12-01,471.14
2006-12-04,470.34
2006-12-05,471.02
2006-12-06,471.29
2006-12-07,473.49
2006-12-08,469.96
2006-12-11,468.43
2006-12-12,467.94
2006-12-13,469.27
2006-12-14,474.44
2006-12-15,478.08
2006-12-18,479.25
2006-12-19,477.6
2006-12-20,479.08
2006-12-21,479.41
2006-12-22,481.76
2006-12-27,484.34
2006-12-28,487.64
2006-12-29,486.75
2007-01-02,483.91
2007-01-03,484.65
2007-01-04,484.6
2007-01-05,483.38
2007-01-08,487.28
2007-01-09,489.09
2007-01-10,490.72
2007-01-11,496.97
2007-01-12,502.78
2007-01-15,504.44
2007-01-16,506.32
2007-01-17,510.19
2007-01-18,511.71
2007-01-19,513.48
2007-01-22,516.78
2007-01-23,515.28
2007-01-24,515.68
2007-01-25,517.86
2007-01-26,519.37
2007-01-29,523.95
2007-01-30,523.64
2007-01-31,528.02
2007-02-01,531.21
2007-02-02,529.16
2007-02-05,528.57
2007-02-06,532.06
2007-02-07,531.5
2007-02-08,530.99
2007-02-09,531.74
2007-02-12,532.92
2007-02-13,533.1
2007-02-14,532.8
2007-02-15,535.93
2007-02-16,539.47
2007-02-19,541.33
2007-02-20,542.05
2007-02-21,545.3
2007-02-22,554.16
2007-02-23,558.35
2007-02-26,565.74
2007-02-27,556.24
2007-02-28,545.84
2007-03-01,538.04
2007-03-02,536.2
2007-03-05,528.66
2007-03-06,533.34
2007-03-07,538.82
2007-03-08,544.95
2007-03-09,544.82
2007-03-12,550.25
2007-03-13,551.47
2007-03-14,543.86
2007-03-15,545.75
2007-03-16,541.42
2007-03-19,541
2007-03-20,543.96
2007-03-21,543.96
2007-03-22,550
2007-03-23,556.69
2007-03-26,558.57
2007-03-27,560.23
2007-03-28,558.9
2007-03-29,559.88
2007-03-30,563.33
2007-04-02,562.59
2007-04-03,562.09
2007-04-04,565
2007-04-05,563.05
2007-04-10,566.23
2007-04-11,568.45
2007-04-12,571.32
2007-04-13,579.96
2007-04-16,583.61
2007-04-17,586.87
2007-04-18,592.02
2007-04-19,594.67
2007-04-20,599.26
2007-04-23,598.76
2007-04-24,600.9
2007-04-25,602.48
2007-04-26,604.82
2007-04-27,604.82
2007-04-30,607.21
2007-05-01,607.21
2007-05-02,608.04
2007-05-03,607.67
2007-05-04,610.02
2007-05-07,610.9
2007-05-08,610.22
2007-05-09,612.73
2007-05-10,612.44
2007-05-11,611.47
2007-05-14,611.51
2007-05-15,612.39
2007-05-16,614.78
2007-05-17,615.25
2007-05-18,617.28
2007-05-21,620.56
2007-05-22,618.78
2007-05-23,618.92
2007-05-24,618.98
2007-05-25,616.44
2007-05-28,614.06
2007-05-29,609.29
2007-05-30,595.09
2007-05-31,584.99
2007-06-01,575.33
2007-06-04,576.06
2007-06-05,576.1
2007-06-06,569.56
2007-06-07,568.46
2007-06-08,562.06
2007-06-11,564.12
2007-06-12,563.06
2007-06-13,559.54
2007-06-14,562.62
2007-06-15,566.83
2007-06-18,571.47
2007-06-19,571.64
2007-06-20,575.31
2007-06-21,570.99
2007-06-22,568.58
2007-06-25,563.98
2007-06-26,563.32
2007-06-27,557.62
2007-06-28,562.19
2007-06-29,565.14
2007-07-02,565.5
2007-07-03,570.69
2007-07-04,572.79
2007-07-05,574.58
2007-07-06,580.33
2007-07-09,584.8
2007-07-10,588.7
2007-07-11,586.95
2007-07-12,589.35
2007-07-13,587.11
2007-07-16,586.5
2007-07-17,584.31
2007-07-18,585.54
2007-07-19,587.57
2007-07-20,588.26
2007-07-23,588.88
2007-07-24,589.34
2007-07-25,587.77
2007-07-26,582.51
2007-07-27,576.55
2007-07-30,572.47
2007-07-31,572.97
2007-08-01,560.08
2007-08-02,562.51
2007-08-03,559.01
2007-08-06,556.06
2007-08-07,559.06
2007-08-08,568.48
2007-08-10,565.35
2007-08-13,569.21
2007-08-14,569.27
2007-08-15,566.66
2007-08-16,559.45
2007-08-17,556.16
2007-08-20,561.23
2007-08-21,560.35
2007-08-22,562.68
2007-08-23,565.41
2007-08-24,570.1
2007-08-27,573.07
2007-08-28,575.35
2007-08-29,571.65
2007-08-30,574.71
2007-08-31,576.34
2007-09-03,579.12
2007-09-04,580.66
2007-09-05,582.56
2007-09-06,582.44
2007-09-07,586.22
2007-09-10,588.6
2007-09-11,590.58
2007-09-12,589.89
2007-09-13,593.52
2007-09-14,596.57
2007-09-17,598.06
2007-09-18,601.55
2007-09-19,605.91
2007-09-20,606.86
2007-09-21,608.71
2007-09-25,609.7
2007-09-26,608.63
2007-09-27,613.05
2007-09-28,618.57
2007-10-01,620.25
2007-10-02,626.83
2007-10-03,630.54
2007-10-04,634.83
2007-10-05,636.11
2007-10-08,633.32
2007-10-09,632.3
2007-10-10,630.95
2007-10-11,620.87
2007-10-12,618.96
2007-10-15,617.94
2007-10-16,618.14
2007-10-17,620.33
2007-10-18,620.54
2007-10-19,624.09
2007-10-22,619.75
2007-10-23,622.08
2007-10-24,624.41
2007-10-25,631.02
2007-10-26,633.79
2007-10-29,638.93
2007-10-30,644.35
2007-10-31,646.89
2007-11-01,646.6
2007-11-02,650.57
2007-11-05,652.41
2007-11-06,661.48
2007-11-07,663.38
2007-11-08,656.74
2007-11-09,655.24
2007-11-12,648.76
2007-11-13,652.31
2007-11-14,654.44
2007-11-15,655.99
2007-11-16,655.66
2007-11-19,653.72
2007-11-20,654.67
2007-11-21,654.75
2007-11-22,650.93
2007-11-23,645.36
2007-11-26,644.95
2007-11-27,638.9
2007-11-28,636.31
2007-11-29,628.81
2007-11-30,626.93
2007-12-03,627.43
2007-12-04,628.22
2007-12-05,625.73
2007-12-06,624.24
2007-12-07,626.29
2007-12-10,622.17
2007-12-11,622.21
2007-12-12,620.53
2007-12-13,618.06
2007-12-14,617.15
2007-12-18,616.2
2007-12-19,616.4
2007-12-20,613.45
2007-12-21,613.1
2007-12-24,613.62
2007-12-27,615.4
2007-12-28,620.41
2007-12-31,615.84
2008-01-02,622.97
2008-01-03,623.96
2008-01-04,625.03
2008-01-07,621.5
2008-01-08,624.68
2008-01-09,618.56
2008-01-10,612.77
2008-01-11,604.17
2008-01-14,598.86
2008-01-15,594.5
2008-01-16,583.92
2008-01-17,578.44
2008-01-18,568.31
2008-01-21,531.14
2008-01-22,539.55
2008-01-23,547.8
2008-01-24,554.28
2008-01-25,550.86
2008-01-28,539.69
2008-01-29,542.57
2008-01-30,544.28
2008-01-31,546.92
2008-02-01,546.97
2008-02-04,555.45
2008-02-05,555.21
2008-02-06,544.92
2008-02-07,543.8
2008-02-08,547.75
2008-02-11,548.35
2008-02-12,550.48
2008-02-13,555.62
2008-02-14,568.61
2008-02-15,574.41
2008-02-18,582.95
2008-02-19,590.3
2008-02-20,588.57
2008-02-21,589.41
2008-02-22,586.11
2008-02-25,584.1
2008-02-26,585.51
2008-02-27,578.22
2008-02-28,581.69
2008-02-29,571.32
2008-03-03,566.17
2008-03-04,559.54
2008-03-05,557.59
2008-03-06,551.41
2008-03-07,540.09
2008-03-10,532.87
2008-03-11,534.92
2008-03-12,539.28
2008-03-13,532.53
2008-03-14,533.26
2008-03-17,515.78
2008-03-18,527.85
2008-03-19,530.51
2008-03-20,536.22
2008-03-25,537.49
2008-03-26,546.11
2008-03-27,549.26
2008-03-28,549.33
2008-03-31,548.47
2008-04-01,545.95
2008-04-02,552.03
2008-04-03,557.08
2008-04-04,557.99
2008-04-07,558.98
2008-04-08,559.25
2008-04-09,555.63
2008-04-10,547.33
2008-04-11,540.74
2008-04-14,534.73
2008-04-15,536.67
2008-04-16,537.92
2008-04-17,535.81
2008-04-18,531.95
2008-04-21,530.32
2008-04-22,526.51
2008-04-23,525.11
2008-04-24,517.26
2008-04-25,518.66
2008-04-29,514.64
2008-04-30,513.98
2008-05-05,511.79
2008-05-06,512.6
2008-05-07,513.89
2008-05-08,514.48
2008-05-09,511.52
2008-05-12,509.57
2008-05-13,509.3
2008-05-14,504.52
2008-05-15,500.93
2008-05-16,495.32
2008-05-19,494.66
2008-05-20,489.99
2008-05-21,487.47
2008-05-22,490.95
2008-05-23,498.41
2008-05-26,502.53
2008-05-27,502.02
2008-05-28,500.12
2008-05-29,486.97
2008-05-30,482.77
2008-06-02,479.26
2008-06-03,474.88
2008-06-04,474.39
2008-06-05,473.71
2008-06-06,473
2008-06-09,467.64
2008-06-10,464.64
2008-06-11,461.66
2008-06-12,470.4
2008-06-13,466.97
2008-06-17,463.87
2008-06-18,462.22
2008-06-19,458.32
2008-06-20,450.56
2008-06-23,442.28
2008-06-24,441.76
2008-06-25,441.63
2008-06-26,436.7
2008-06-27,436.92
2008-06-30,440.71
2008-07-01,440.93
2008-07-02,436.25
2008-07-03,434.08
2008-07-04,437.17
2008-07-07,438.89
2008-07-08,443.61
2008-07-09,452.08
2008-07-10,457.35
2008-07-11,454.38
2008-07-14,460.53
2008-07-15,469.51
2008-07-16,487.62
2008-07-17,505.84
2008-07-18,512.92
2008-07-21,515.28
2008-07-22,507.02
2008-07-23,498.03
2008-07-24,497.49
2008-07-25,495.07
2008-07-28,495.77
2008-07-29,498.24
2008-07-30,505.51
2008-07-31,520.88
2008-08-01,522.52
2008-08-04,521.54
2008-08-05,524.94
2008-08-06,527.8
2008-08-07,530.31
2008-08-08,530.54
2008-08-11,543.81
2008-08-12,546.8
2008-08-13,542.12
2008-08-14,543.33
2008-08-15,547.89
2008-08-18,547.46
2008-08-19,547.74
2008-08-20,553.8
2008-08-21,553.38
2008-08-22,548.77
2008-08-25,552
2008-08-26,551.75
2008-08-27,547.93
2008-08-28,554.84
2008-08-29,560.75
2008-09-01,554.84
2008-09-02,553.73
2008-09-03,552.71
2008-09-04,550.83
2008-09-05,546.58
2008-09-08,549.48
2008-09-09,551.2
2008-09-10,554.88
2008-09-11,551.22
2008-09-12,548.92
2008-09-15,543.34
2008-09-16,536.56
2008-09-17,543.65
2008-09-18,542.38
2008-09-19,551.45
2008-09-22,554.18
2008-09-23,540.99
2008-09-25,541.79
2008-09-26,545.22
2008-09-29,542.06
2008-09-30,542.42
2008-10-01,543.13
2008-10-02,546.66
2008-10-03,547.18
2008-10-06,536.32
2008-10-07,536
2008-10-08,533.69
2008-10-09,529.15
2008-10-10,506.67
2008-10-13,498.41
2008-10-14,512.02
2008-10-15,509.68
2008-10-16,490.81
2008-10-17,488.78
2008-10-20,490.95
2008-10-21,503.95
2008-10-22,492.44
2008-10-23,480.52
2008-10-24,467.43
2008-10-27,456.68
2008-10-28,469.97
2008-10-29,483.82
2008-10-30,503.92
2008-10-31,506.75
2008-11-03,516.59
2008-11-04,512.82
2008-11-05,508.37
2008-11-06,516.03
2008-11-07,516.03
2008-11-10,525.95
2008-11-11,519.36
2008-11-12,521.53
2008-11-13,519.54
2008-11-14,521.92
2008-11-17,520.77
2008-11-18,520
2008-11-19,521.25
2008-11-20,520.36
2008-11-21,522.49
2008-11-24,526.27
2008-11-25,544.64
2008-11-26,543.42
2008-11-27,546.99
2008-11-28,560.95
2008-12-01,560.65
2008-12-02,562.14
2008-12-03,560.19
2008-12-04,563.33
2008-12-05,555.28
2008-12-08,562.16
2008-12-09,566.74
2008-12-10,579.23
2008-12-11,580.41
2008-12-12,579.56
2008-12-15,590.84
2008-12-17,601
2008-12-18,596.03
2008-12-19,592.91
2008-12-22,594.88
2008-12-23,592.81
2008-12-24,588.92
2008-12-29,591.53
2008-12-30,588.75
2008-12-31,588.32
2009-01-02,591.6
2009-01-05,595.13
2009-01-06,593.24
2009-01-07,598
2009-01-08,591.95
2009-01-09,590.87
2009-01-12,588.27
2009-01-13,587.31
2009-01-14,583.39
2009-01-15,581.16
2009-01-16,582.43
2009-01-19,583.24
2009-01-20,578.96
2009-01-21,573.06
2009-01-22,569.32
2009-01-23,565.01
2009-01-26,564.78
2009-01-27,570.39
2009-01-28,573.44
2009-01-29,574.74
2009-01-30,581.59
2009-02-02,575.55
2009-02-03,572.45
2009-02-04,573.06
2009-02-05,574.03
2009-02-06,579.84
2009-02-09,580.67
2009-02-10,580.81
2009-02-11,580.47
2009-02-12,580.91
2009-02-13,581.83
2009-02-16,582.71
2009-02-17,574.42
2009-02-18,578.46
2009-02-19,572.43
2009-02-20,558.82
2009-02-23,562.67
2009-02-24,560.34
2009-02-25,565.2
2009-02-26,570.94
2009-02-27,565.45
2009-03-02,554.17
2009-03-03,543.95
2009-03-04,548.28
2009-03-05,545.28
2009-03-06,546.68
2009-03-09,545.49
2009-03-10,545.54
2009-03-11,547.55
2009-03-12,549.32
2009-03-13,549.94
2009-03-16,552.57
2009-03-17,558.04
2009-03-18,563.53
2009-03-19,574.44
2009-03-20,597.24
2009-03-23,598.54
2009-03-24,605.55
2009-03-25,607.43
2009-03-26,607.3
2009-03-27,598.09
2009-03-30,580.8
2009-03-31,580.17
2009-04-01,578.88
2009-04-02,580.84
2009-04-03,575.78
2009-04-06,571.73
2009-04-07,570.87
2009-04-08,564.56
2009-04-09,576.27
2009-04-14,588.16
2009-04-15,588.31
2009-04-16,589.91
2009-04-17,590.31
2009-04-20,588.6
2009-04-21,586.58
2009-04-23,587.45
2009-04-24,590.51
2009-04-28,602.05
2009-04-29,606.94
2009-04-30,603.69
2009-05-04,603.63
2009-05-05,597.67
2009-05-06,599.13
2009-05-07,598.19
2009-05-08,602.35
2009-05-11,602.8
2009-05-12,596.47
2009-05-13,587.23
2009-05-14,578.91
2009-05-15,581.45
2009-05-18,579.95
2009-05-19,579.52
2009-05-20,584.49
2009-05-21,579.24
2009-05-22,579.09
2009-05-25,581.33
2009-05-26,585.74
2009-05-27,588.33
2009-05-28,585.43
2009-05-29,585.68
2009-06-01,583.75
2009-06-02,583.67
2009-06-03,580.37
2009-06-04,580.42
2009-06-05,581.34
2009-06-08,582.43
2009-06-09,578.67
2009-06-10,577.34
2009-06-11,578.08
2009-06-12,576.11
2009-06-15,575.63
2009-06-17,577.07
2009-06-18,576.76
2009-06-19,570.89
2009-06-22,570.16
2009-06-23,571.61
2009-06-24,571.87
2009-06-25,573.01
2009-06-26,574.21
2009-06-29,577.68
2009-06-30,575.08
2009-07-01,575.03
2009-07-02,575.15
2009-07-03,582.01
2009-07-06,573.3
2009-07-07,573.76
2009-07-08,572.15
2009-07-09,574.75
2009-07-10,574.09
2009-07-13,573.82
2009-07-14,576.71
2009-07-15,580.81
2009-07-16,583.2
2009-07-17,582.67
2009-07-20,588.65
2009-07-21,589.3
2009-07-22,597.18
2009-07-23,600.34
2009-07-24,603.62
2009-07-27,606.61
2009-07-28,609.59
2009-07-29,608.86
2009-07-30,612.59
2009-07-31,620.14
2009-08-03,617.9
2009-08-04,618.59
2009-08-05,611.91
2009-08-06,611.22
2009-08-07,613.37
2009-08-11,606.29
2009-08-12,601.44
2009-08-13,610.14
2009-08-14,610.8
2009-08-17,616.54
2009-08-18,619.77
2009-08-19,619.86
2009-08-20,619.52
2009-08-21,617.86
2009-08-24,624.96
2009-08-25,624.06
2009-08-26,622.86
2009-08-27,622.45
2009-08-28,626.36
2009-08-31,632
2009-09-01,631.41
2009-09-02,627.58
2009-09-03,629.09
2009-09-04,634.97
2009-09-07,640.74
2009-09-08,643.31
2009-09-09,644.38
2009-09-10,641.61
2009-09-11,638.17
2009-09-14,632.88
2009-09-15,631.72
2009-09-16,636.65
2009-09-17,640.14
2009-09-18,646.56
2009-09-21,640.75
2009-09-22,643.74
2009-09-23,646.85
2009-09-25,648.01
2009-09-28,646.74
2009-09-29,645.17
2009-09-30,644.96
2009-10-01,649.89
2009-10-02,644.39
2009-10-05,648.83
2009-10-06,651.3
2009-10-07,652.79
2009-10-08,654.35
2009-10-09,655.95
2009-10-12,662.82
2009-10-13,665.73
2009-10-14,668.11
2009-10-15,666.14
2009-10-16,661.7
2009-10-19,658.63
2009-10-20,657.95
2009-10-21,664.77
2009-10-22,667.67
2009-10-23,670.98
2009-10-26,666.95
2009-10-27,665.87
2009-10-28,658
2009-10-29,657.04
2009-10-30,658.2
2009-11-02,658.52
2009-11-03,651.85
2009-11-04,651.47
2009-11-05,653.62
2009-11-06,656.29
2009-11-09,659.28
2009-11-10,659.71
2009-11-11,661.05
2009-11-12,662.01
2009-11-13,662.24
2009-11-16,662.14
2009-11-17,670.69
2009-11-18,667.91
2009-11-19,664.49
2009-11-20,666.82
2009-11-23,665.93
2009-11-24,667.59
2009-11-25,664.17
2009-11-26,663.13
2009-11-27,658.05
2009-11-30,660.72
2009-12-01,661.66
2009-12-02,662.5
2009-12-03,660.87
2009-12-04,654.87
2009-12-07,654.75
2009-12-08,662.96
2009-12-09,661.13
2009-12-10,659.96
2009-12-11,664.76
2009-12-14,664.82
2009-12-15,665.31
2009-12-17,664.38
2009-12-18,660.84
2009-12-21,665.49
2009-12-22,666.47
2009-12-23,668.12
2009-12-24,664.99
2009-12-28,666.4
2009-12-29,669.85
2009-12-30,668.33
2009-12-31,671.08
2010-01-04,669.54
2010-01-05,672.48
2010-01-06,670.96
2010-01-07,670.33
2010-01-08,672.65
2010-01-11,669.82
2010-01-12,673.63
2010-01-13,672.14
2010-01-14,674.62
2010-01-15,682.57
2010-01-18,681.39
2010-01-19,681.81
2010-01-20,685.72
2010-01-21,681.67
2010-01-22,680.47
2010-01-25,679.69
2010-01-26,674.08
2010-01-27,668.09
2010-01-28,667.43
2010-01-29,669.37
2010-02-01,667.62
2010-02-02,668.35
2010-02-03,670.68
2010-02-04,669.97
2010-02-05,668.2
2010-02-08,667.62
2010-02-09,671.51
2010-02-10,670.29
2010-02-11,670.52
2010-02-12,672.17
2010-02-15,674.85
2010-02-16,677.47
2010-02-17,680.6
2010-02-18,681.92
2010-02-19,684.62
2010-02-22,691.36
2010-02-23,696.94
2010-02-24,702.36
2010-02-25,708.32
2010-02-26,707.87
2010-03-01,703.01
2010-03-02,704.32
2010-03-03,711.75
2010-03-04,719.82
2010-03-05,710.38
2010-03-08,712.96
2010-03-09,711.45
2010-03-10,713.29
2010-03-11,712.21
2010-03-12,709.87
2010-03-15,709.88
2010-03-16,714.55
2010-03-17,718.22
2010-03-18,721.06
2010-03-19,725.1
2010-03-23,727.47
2010-03-24,731.99
2010-03-25,738.09
2010-03-26,741
2010-03-29,741.54
2010-03-30,740.76
2010-03-31,737.24
2010-04-01,740.92
2010-04-06,746.44
2010-04-07,751.44
2010-04-08,761.94
2010-04-09,761.39
2010-04-12,758.48
2010-04-13,756.55
2010-04-14,755.66
2010-04-15,756.02
2010-04-16,751.25
2010-04-19,750.54
2010-04-20,754.95
2010-04-21,753.77
2010-04-22,752.02
2010-04-23,753.46
2010-04-26,752.9
2010-04-28,755.33
2010-04-29,751.71
2010-04-30,750.9
2010-05-03,753.16
2010-05-04,751.29
2010-05-05,747.11
2010-05-06,738.41
2010-05-07,724.96
2010-05-10,737.13
2010-05-11,728.49
2010-05-12,737.36
2010-05-13,733.7
2010-05-14,732.88
2010-05-17,732.96
2010-05-18,732.41
2010-05-19,733.71
2010-05-20,722.7
2010-05-21,718.2
2010-05-24,723.77
2010-05-25,722.85
2010-05-26,729.57
2010-05-27,731.06
2010-05-28,732.54
2010-05-31,734.21
2010-06-01,734.72
2010-06-02,733.91
2010-06-03,732.71
2010-06-04,728.08
2010-06-07,724.55
2010-06-08,725.43
2010-06-09,726.79
2010-06-10,731.89
2010-06-11,729.07
2010-06-14,733.67
2010-06-15,737.43
2010-06-17,739.19
2010-06-18,744.69
2010-06-21,747.82
2010-06-22,746.62
2010-06-23,747.55
2010-06-24,745.85
2010-06-25,745.33
2010-06-28,747.25
2010-06-29,749.39
2010-06-30,741.98
2010-07-01,743.14
2010-07-02,746.62
2010-07-05,749.1
2010-07-06,753.01
2010-07-07,755.04
2010-07-08,765.26
2010-07-09,766.39
2010-07-12,765.28
2010-07-13,767.47
2010-07-14,767.17
2010-07-15,772.14
2010-07-16,774.54
2010-07-19,778
2010-07-20,774.69
2010-07-21,777.6
2010-07-22,779.71
2010-07-23,780.41
2010-07-26,782.71
2010-07-27,780.59
2010-07-28,785.72
2010-07-29,790.4
2010-07-30,791.51
2010-08-02,794.57
2010-08-03,794.67
2010-08-04,795.43
2010-08-05,796
2010-08-06,796.92
2010-08-10,800.92
2010-08-11,800
2010-08-12,799.56
2010-08-13,795.47
2010-08-16,791.61
2010-08-17,794.26
2010-08-18,796.64
2010-08-19,797.4
2010-08-20,795.63
2010-08-23,797.55
2010-08-24,797.18
2010-08-25,795.21
2010-08-26,797.71
2010-08-27,800.46
2010-08-30,803.55
2010-08-31,814.61
2010-09-01,810.29
2010-09-02,808.08
2010-09-03,806.88
2010-09-06,808.41
2010-09-07,808.8
2010-09-08,806.31
2010-09-09,809.97
2010-09-10,809.28
2010-09-13,815.78
2010-09-14,820.64
2010-09-15,823.85
2010-09-16,826.17
2010-09-17,828.88
2010-09-20,828.78
2010-09-21,829
2010-09-22,830.09
2010-09-23,829.11
2010-09-27,828.91
2010-09-28,829.62
2010-09-29,833.72
2010-09-30,843.4
2010-10-01,844.95
2010-10-04,838.15
2010-10-05,839.26
2010-10-06,838.12
2010-10-07,842.65
2010-10-08,844.54
2010-10-11,845.36
2010-10-12,845.8
2010-10-13,849.63
2010-10-14,851.74
2010-10-15,857.76
2010-10-18,860.69
2010-10-19,862.62
2010-10-20,859.11
2010-10-21,864.39
2010-10-22,861.49
2010-10-25,862.07
2010-10-26,860.81
2010-10-27,859.95
2010-10-28,854.43
2010-10-29,855.02
2010-11-01,853.24
2010-11-02,849.95
2010-11-03,852.47
2010-11-04,852.5
2010-11-05,854.17
2010-11-08,856.3
2010-11-09,860.43
2010-11-10,863.94
2010-11-11,865.03
2010-11-12,864.17
2010-11-15,866.24
2010-11-16,868.27
2010-11-17,867.13
2010-11-18,871.81
2010-11-19,873.39
2010-11-22,874.98
2010-11-23,873.47
2010-11-24,876.05
2010-11-25,879.6
2010-11-26,876.48
2010-11-29,865.98
2010-11-30,850.84
2010-12-01,852.55
2010-12-02,850.05
2010-12-03,848.01
2010-12-06,855.27
2010-12-07,866.07
2010-12-08,864.44
2010-12-09,862.44
2010-12-10,860.89
2010-12-13,858.56
2010-12-14,866.49
2010-12-15,863.87
2010-12-17,862.33
2010-12-20,862.31
2010-12-21,860.77
2010-12-22,865.26
2010-12-23,865.35
2010-12-24,866.4
2010-12-28,865.84
2010-12-29,871.21
2010-12-30,869.72
2010-12-31,869.84
2011-01-03,872.94
2011-01-04,875.69
2011-01-05,877.24
2011-01-06,880.97
2011-01-07,881.81
2011-01-10,881.26
2011-01-11,877.87
2011-01-12,878.86
2011-01-13,875.59
2011-01-14,869.58
2011-01-17,861.47
2011-01-18,847.7
2011-01-19,845.46
2011-01-20,841.9
2011-01-21,842.52
2011-01-24,841.11
2011-01-25,837.17
2011-01-26,836.29
2011-01-27,837.82
2011-01-28,832.57
2011-01-31,833.43
2011-02-01,823.82
2011-02-02,821.7
2011-02-03,807.64
2011-02-04,809.44
2011-02-07,814.42
2011-02-08,817.93
2011-02-09,816.32
2011-02-10,817.36
2011-02-11,815.77
2011-02-14,824.57
2011-02-15,822.25
2011-02-16,821.41
2011-02-17,819.77
2011-02-18,818.35
2011-02-21,820.87
2011-02-22,815.96
2011-02-23,818.1
2011-02-24,814.18
2011-02-25,818.62
2011-02-28,823.41
2011-03-01,821.99
2011-03-02,821.75
2011-03-03,819.95
2011-03-04,820.04
2011-03-07,820.94
2011-03-08,816.13
2011-03-09,815.74
2011-03-10,814.06
2011-03-11,813.96
2011-03-14,814.35
2011-03-15,808.47
2011-03-16,814.75
2011-03-17,816.3
2011-03-18,815.24
2011-03-22,824.29
2011-03-23,827.69
2011-03-24,826.32
2011-03-25,829.7
2011-03-28,831.61
2011-03-29,840.84
2011-03-30,850.21
2011-03-31,851.01
2011-04-01,848.39
2011-04-04,850.2
2011-04-05,852.43
2011-04-06,856.77
2011-04-07,857.48
2011-04-08,860.32
2011-04-11,865.98
2011-04-12,863
2011-04-13,861.09
2011-04-14,857.2
2011-04-15,854.88
2011-04-18,855.09
2011-04-19,858.4
2011-04-20,859.08
2011-04-21,862
2011-04-26,867.82
2011-04-28,872.86
2011-04-29,882.61
2011-05-03,875.28
2011-05-04,869.01
2011-05-05,856.93
2011-05-06,860.77
2011-05-09,857.85
2011-05-10,856.22
2011-05-11,853.67
2011-05-12,852.92
2011-05-13,852.94
2011-05-16,858.55
2011-05-17,860.32
2011-05-19,859.51
2011-05-20,860.55
2011-05-23,861.16
2011-05-24,864.5
2011-05-25,866.13
2011-05-26,868.69
2011-05-27,875.32
2011-05-30,879.37
2011-05-31,883.49
2011-06-01,886.59
2011-06-02,884.76
2011-06-03,888.7
2011-06-06,889.27
2011-06-07,897.11
2011-06-08,899.09
2011-06-09,896.54
2011-06-10,891.4
2011-06-13,897.47
2011-06-14,892.91
2011-06-15,895.73
2011-06-17,898.72
2011-06-20,885.08
2011-06-21,886.31
2011-06-22,887.3
2011-06-23,886.97
2011-06-24,887.55
2011-06-27,887.07
2011-06-28,890.84
2011-06-29,895.64
2011-06-30,893.83
2011-07-01,895.16
2011-07-04,897.58
2011-07-05,906.98
2011-07-06,910.89
2011-07-07,917.73
2011-07-08,915.17
2011-07-11,915.18
2011-07-12,915.83
2011-07-13,909.29
2011-07-14,903.47
2011-07-15,905.03
2011-07-18,902.99
2011-07-19,904.77
2011-07-20,906.89
2011-07-21,909.07
2011-07-22,908.01
2011-07-25,912.28
2011-07-26,911.82
2011-07-27,910.93
2011-07-28,907.23
2011-07-29,908.13
2011-08-01,913.1
2011-08-02,908.72
2011-08-03,907.72
2011-08-04,906.54
2011-08-05,897.63
2011-08-08,886.78
2011-08-10,887.43
2011-08-11,887.04
2011-08-12,883.32
2011-08-15,885.01
2011-08-16,893.24
2011-08-17,893.39
2011-08-18,893.12
2011-08-19,891.36
2011-08-22,896.35
2011-08-23,898.88
2011-08-24,901.5
2011-08-25,902.71
2011-08-26,907.19
2011-08-29,921.38
2011-08-30,918.65
2011-08-31,933.16
2011-09-01,929.63
2011-09-02,923.61
2011-09-05,915.89
2011-09-06,904.59
2011-09-07,908.51
2011-09-08,906.7
2011-09-09,904.94
2011-09-12,902.81
2011-09-13,900.02
2011-09-14,900.15
2011-09-15,911.41
2011-09-16,914.87
2011-09-19,909.6
2011-09-20,915.26
2011-09-21,920.69
2011-09-22,910.73
2011-09-23,891.87
2011-09-26,892.03
2011-09-27,897.24
2011-09-28,903.61
2011-09-29,899.24
2011-09-30,913.44
2011-10-03,905.92
2011-10-04,901.3
2011-10-05,905.19
2011-10-06,909.62
2011-10-07,912.79
2011-10-10,917.88
2011-10-11,915.83
2011-10-12,925.62
2011-10-13,925.2
2011-10-14,920.57
2011-10-17,929.1
2011-10-18,926.45
2011-10-19,927.92
2011-10-20,927.68
2011-10-21,930.51
2011-10-24,929.22
2011-10-25,930.01
2011-10-26,929.2
2011-10-27,932.44
2011-10-28,931.22
2011-10-31,936.77
2011-11-01,938.75
2011-11-02,937.43
2011-11-03,932.46
2011-11-04,929.41
2011-11-07,932.97
2011-11-08,933.11
2011-11-09,928.17
2011-11-10,931.18
2011-11-11,931.7
2011-11-14,929.77
2011-11-15,929.17
2011-11-16,933.36
2011-11-17,932.77
2011-11-18,923.38
2011-11-21,923.44
2011-11-22,921.71
2011-11-23,914.65
2011-11-24,914.52
2011-11-25,912.34
2011-11-28,919.83
2011-11-29,917.4
2011-11-30,927.98
2011-12-01,925.09
2011-12-02,926.44
2011-12-05,930.62
2011-12-06,933.33
2011-12-07,936.06
2011-12-08,938.52
2011-12-09,937.83
2011-12-12,940.68
2011-12-13,936.75
2011-12-14,935.26
2011-12-15,937.22
2011-12-19,941.77
2011-12-20,945.08
2011-12-21,947.5
2011-12-22,949.1
2011-12-23,950.55
2011-12-28,952.38
2011-12-29,951.47
2011-12-30,947.49
2012-01-03,955.54
2012-01-04,959.36
2012-01-05,960.4
2012-01-06,967.4
2012-01-09,968.3
2012-01-10,966.28
2012-01-11,965.96
2012-01-12,972.5
2012-01-13,977.39
2012-01-16,976.63
2012-01-17,984.26
2012-01-18,985.61
2012-01-19,988.8
2012-01-20,990.2
2012-01-23,990.58
2012-01-24,982.08
2012-01-25,986.26
2012-01-26,986.91
2012-01-27,989.11
2012-01-30,997.88
2012-01-31,992.49
2012-02-01,998.11
2012-02-02,1003.71
2012-02-03,1010.15
2012-02-06,1011.36
2012-02-07,1005.38
2012-02-08,1006.33
2012-02-09,1005.97
2012-02-10,1002.56
2012-02-13,1002.56
2012-02-14,1003.45
2012-02-15,1004.31
2012-02-16,1001.18
2012-02-17,1002.56
2012-02-20,1003.29
2012-02-21,1002.43
2012-02-22,999.25
2012-02-23,997.36
2012-02-24,992.83
2012-02-27,994.34
2012-02-28,1006.78
2012-02-29,1002.54
2012-03-01,1007.23
2012-03-02,1024.78
2012-03-05,1028.18
2012-03-06,1018.94
2012-03-07,1016.53
2012-03-08,1016.23
2012-03-09,1019.89
2012-03-12,1024.37
2012-03-13,1039.68
2012-03-14,1041.5
2012-03-15,1035.42
2012-03-16,1026.21
2012-03-19,1029.74
2012-03-20,1028.75
2012-03-22,1033.65
2012-03-23,1031.36
2012-03-26,1034.66
2012-03-27,1033.99
2012-03-28,1025.53
2012-03-29,1020.16
2012-03-30,1023.55
2012-04-02,1028.21
2012-04-03,1026.93
2012-04-04,1025.67
2012-04-05,1028.44
2012-04-10,1020.89
2012-04-11,1013.25
2012-04-12,1019.39
2012-04-13,1021.46
2012-04-16,1020.84
2012-04-17,1023.77
2012-04-18,1028.11
2012-04-19,1029.82
2012-04-20,1035.83
2012-04-23,1035.71
2012-04-24,1033.46
2012-04-25,1035.82
2012-04-26,1040.32
2012-04-30,1050.3
2012-05-02,1053.92
2012-05-03,1051.04
2012-05-04,1054.85
2012-05-07,1047.7
2012-05-08,1046.62
2012-05-09,1043.19
2012-05-10,1047.21
2012-05-11,1046.32
2012-05-14,1044.56
2012-05-15,1047.24
2012-05-16,1049.28
2012-05-17,1048.66
2012-05-18,1044.37
2012-05-21,1051.52
2012-05-22,1057.33
2012-05-23,1051.44
2012-05-24,1053.72
2012-05-25,1055.9
2012-05-28,1049.26
2012-05-29,1051.46
2012-05-30,1048.73
2012-05-31,1056.12
2012-06-01,1063.85
2012-06-04,1058.84
2012-06-05,1060.8
2012-06-06,1064.33
2012-06-07,1073.61
2012-06-08,1070.19
2012-06-11,1074.5
2012-06-12,1077.42
2012-06-13,1084.02
2012-06-14,1086.68
2012-06-15,1076.04
2012-06-18,1083.87
2012-06-19,1095.95
2012-06-20,1099.56
2012-06-21,1097.92
2012-06-22,1100.29
2012-06-25,1106
2012-06-26,1116.41
2012-06-27,1126.17
2012-06-28,1126.54
2012-06-29,1129.06
2012-07-02,1134.13
2012-07-03,1140.91
2012-07-04,1140.43
2012-07-05,1151.58
2012-07-06,1156.18
2012-07-09,1163.57
2012-07-10,1164.51
2012-07-11,1175.32
2012-07-12,1170.37
2012-07-13,1175.26
2012-07-16,1174.5
2012-07-17,1172.98
2012-07-18,1180.25
2012-07-19,1192.52
2012-07-20,1217.03
2012-07-23,1215.21
2012-07-24,1208.92
2012-07-25,1214.28
2012-07-26,1220.25
2012-07-27,1236.09
2012-07-30,1231.46
2012-07-31,1226.11
2012-08-01,1236.95
2012-08-02,1231.9
2012-08-03,1258.78
2012-08-06,1268.47
2012-08-07,1253.87
2012-08-08,1249.97
2012-08-10,1237.8
2012-08-13,1231
2012-08-14,1237.93
2012-08-15,1234.64
2012-08-16,1240.1
2012-08-17,1237.81
2012-08-20,1235.74
2012-08-21,1233.94
2012-08-22,1241.19
2012-08-23,1251.34
2012-08-24,1258.3
2012-08-27,1264.2
2012-08-28,1272.17
2012-08-29,1278.33
2012-08-30,1284.67
2012-08-31,1295.36
2012-09-03,1309.22
2012-09-04,1292.99
2012-09-05,1276.44
2012-09-06,1268.57
2012-09-07,1256.88
2012-09-10,1235.61
2012-09-11,1242.38
2012-09-12,1245.17
2012-09-13,1243.46
2012-09-14,1266.98
2012-09-17,1269.55
2012-09-18,1274.51
2012-09-19,1276.64
2012-09-20,1273.48
2012-09-21,1267.57
2012-09-25,1263.69
2012-09-26,1263.97
2012-09-27,1248.75
2012-09-28,1253
2012-10-01,1248.23
2012-10-02,1251.32
2012-10-03,1253.15
2012-10-04,1256.19
2012-10-05,1244.09
2012-10-08,1232.66
2012-10-09,1216.29
2012-10-10,1213.23
2012-10-11,1212.12
2012-10-12,1225.08
2012-10-15,1234.23
2012-10-16,1247.59
2012-10-17,1256.36
2012-10-18,1265.35
2012-10-19,1249.47
2012-10-22,1263.45
2012-10-23,1251.84
2012-10-24,1248.06
2012-10-25,1251.29
2012-10-26,1230.97
2012-10-29,1222.46
2012-10-30,1211.67
2012-10-31,1201.83
2012-11-01,1197.33
2012-11-02,1198.14
2012-11-05,1197.35
2012-11-06,1205.75
2012-11-07,1206.18
2012-11-08,1200.66
2012-11-09,1214.35
2012-11-12,1219.21
2012-11-13,1227.73
2012-11-14,1230.84
2012-11-15,1232.71
2012-11-16,1244.03
2012-11-19,1249.68
2012-11-20,1252.99
2012-11-21,1257.2
2012-11-22,1264.4
2012-11-23,1260.17
2012-11-26,1256.08
2012-11-27,1255.7
2012-11-28,1266.51
2012-11-29,1286.01
2012-11-30,1282.86
2012-12-03,1299.28
2012-12-04,1293.44
2012-12-05,1285.58
2012-12-06,1288.45
2012-12-07,1288.04
2012-12-10,1285.09
2012-12-11,1289.93
2012-12-12,1308.52
2012-12-13,1308.48
2012-12-14,1313.4
2012-12-18,1319.79
2012-12-19,1313.38
2012-12-20,1320.18
2012-12-21,1291.66
2012-12-24,1288.97
2012-12-27,1287.3
2012-12-28,1292.79
2012-12-31,1287.46
2013-01-02,1273.04
2013-01-03,1279.44
2013-01-04,1295.97
2013-01-07,1308.95
2013-01-08,1317.75
2013-01-09,1312.13
2013-01-10,1300.03
2013-01-11,1303.23
2013-01-14,1309.41
2013-01-15,1311.73
2013-01-16,1313.27
2013-01-17,1323.79
2013-01-18,1330.63
2013-01-21,1325.37
2013-01-22,1327.84
2013-01-23,1331.84
2013-01-24,1322.82
2013-01-25,1338.6
2013-01-28,1332.47
2013-01-29,1315.62
2013-01-30,1300.55
2013-01-31,1300.17
2013-02-01,1298.99
2013-02-04,1304.95
2013-02-05,1315.71
2013-02-06,1310.29
2013-02-07,1314.93
2013-02-08,1316.16
2013-02-11,1323.35
2013-02-12,1324.59
2013-02-13,1326.83
2013-02-14,1330.72
2013-02-15,1334.54
2013-02-18,1346.43
2013-02-19,1359.97
2013-02-20,1347.89
2013-02-21,1341
2013-02-22,1335.07
2013-02-25,1339.7
2013-02-26,1343.94
2013-02-27,1341.16
2013-02-28,1360.55
2013-03-01,1358.16
2013-03-04,1365.42
2013-03-05,1379.8
2013-03-06,1384.48
2013-03-07,1385.74
2013-03-08,1385.68
2013-03-11,1384.27
2013-03-12,1381.8
2013-03-13,1377.77
2013-03-14,1365.34
2013-03-15,1371.8
2013-03-18,1371.53
2013-03-19,1370.95
2013-03-20,1371.81
2013-03-22,1376.05
2013-03-25,1395.49
2013-03-26,1406.24
2013-03-27,1398.14
2013-03-28,1405.17
2013-04-02,1419.18
2013-04-03,1406.93
2013-04-04,1396.51
2013-04-05,1393.76
2013-04-08,1401.96
2013-04-09,1415.93
2013-04-10,1421.96
2013-04-11,1429.69
2013-04-12,1436.35
2013-04-15,1408.66
2013-04-16,1420.77
2013-04-17,1419.72
2013-04-18,1428.6
2013-04-19,1442.15
2013-04-22,1442.27
2013-04-23,1450.61
2013-04-24,1450.4
2013-04-25,1475.87
2013-04-26,1493.72
2013-04-29,1501.12
2013-04-30,1508.76
2013-05-02,1527.6
2013-05-03,1528.91
2013-05-06,1535.86
2013-05-07,1535.66
2013-05-08,1551.73
2013-05-09,1539.69
2013-05-10,1537.08
2013-05-13,1544.89
2013-05-14,1545.08
2013-05-15,1533.96
2013-05-16,1544.34
2013-05-17,1554.81
2013-05-20,1557.26
2013-05-21,1535.51
2013-05-22,1492.24
2013-05-23,1463.64
2013-05-24,1473.11
2013-05-27,1462.05
2013-05-28,1458.51
2013-05-29,1442.35
2013-05-30,1378.62
2013-05-31,1341.41
2013-06-03,1328.37
2013-06-04,1391.52
2013-06-05,1373.05
2013-06-06,1373.89
2013-06-07,1399.79
2013-06-10,1359.38
2013-06-11,1321.69
2013-06-12,1324.61
2013-06-13,1343.16
2013-06-14,1363.21
2013-06-18,1385.47
2013-06-19,1363.63
2013-06-20,1319.71
2013-06-21,1294.16
2013-06-24,1265.53
2013-06-25,1289.79
2013-06-26,1334.2
2013-06-27,1349.14
2013-06-28,1400.21
2013-07-01,1382.08
2013-07-02,1379.1
2013-07-03,1365.01
2013-07-04,1372.37
2013-07-05,1353.26
2013-07-08,1344.69
2013-07-09,1355.99
2013-07-10,1353.13
2013-07-11,1365.41
2013-07-12,1373.97
2013-07-15,1373.45
2013-07-16,1390.37
2013-07-17,1406.9
2013-07-18,1431.12
2013-07-19,1416.52
2013-07-22,1412.26
2013-07-23,1404.93
2013-07-24,1391.7
2013-07-25,1375.84
2013-07-26,1363.97
2013-07-29,1344.61
2013-07-30,1343.73
2013-07-31,1341.57
2013-08-01,1326.48
2013-08-02,1333.68
2013-08-05,1350.89
2013-08-06,1352.97
2013-08-07,1357.52
2013-08-08,1347.39
2013-08-12,1339.1
2013-08-13,1333.75
2013-08-14,1341.36
2013-08-15,1330.21
2013-08-16,1337.64
2013-08-19,1316.52
2013-08-20,1278.73
2013-08-21,1259.65
2013-08-22,1245.42
2013-08-23,1275.42
2013-08-26,1292.19
2013-08-27,1296.35
2013-08-28,1278.27
2013-08-29,1279.17
2013-08-30,1295
2013-09-02,1328.37
2013-09-03,1302.68
2013-09-04,1284.94
2013-09-05,1285.86
2013-09-06,1315.19
2013-09-09,1328.6
2013-09-10,1333.66
2013-09-11,1338.09
2013-09-12,1349.62
2013-09-13,1339.72
2013-09-16,1353.58
2013-09-17,1356.38
2013-09-18,1344.75
2013-09-19,1376.03
2013-09-20,1373.53
2013-09-23,1387.01
2013-09-25,1403.79
2013-09-26,1390.64
2013-09-27,1392.29
2013-09-30,1381.85
2013-10-01,1385.52
2013-10-02,1379.15
2013-10-03,1380.38
2013-10-04,1379.55
2013-10-07,1380.51
2013-10-08,1371.88
2013-10-09,1374.78
2013-10-10,1374.34
2013-10-11,1380.21
2013-10-14,1379.32
2013-10-15,1382.82
2013-10-16,1391.18
2013-10-17,1394.23
2013-10-18,1412.49
2013-10-21,1418.84
2013-10-22,1414.42
2013-10-23,1413.87
2013-10-24,1413.04
2013-10-25,1408.57
2013-10-28,1406.75
2013-10-29,1407.69
2013-10-30,1419.5
2013-10-31,1423.85
2013-11-01,1410.69
2013-11-04,1394.87
2013-11-05,1396.13
2013-11-06,1397.69
2013-11-07,1403.24
2013-11-08,1390.1
2013-11-11,1367.48
2013-11-12,1361.64
2013-11-13,1355.43
2013-11-14,1354.65
2013-11-15,1373.26
2013-11-18,1397.81
2013-11-19,1407.12
2013-11-20,1414.7
2013-11-21,1402.72
2013-11-22,1402.86
2013-11-25,1409.73
2013-11-26,1380.77
2013-11-27,1403.18
2013-11-28,1388.67
2013-11-29,1381.65
2013-12-02,1375.84
2013-12-03,1360.93
2013-12-04,1353.72
2013-12-05,1358.18
2013-12-06,1362.58
2013-12-09,1356.05
2013-12-10,1351.25
2013-12-11,1341.46
2013-12-12,1329.2
2013-12-13,1331.56
2013-12-17,1334.52
2013-12-18,1341.99
2013-12-19,1363.26
2013-12-20,1366.72
2013-12-23,1375.08
2013-12-24,1378.38
2013-12-27,1386.97
2013-12-30,1394.03
2013-12-31,1395.5
2014-01-02,1395.01
2014-01-03,1385.91
2014-01-06,1372.12
2014-01-07,1374.02
2014-01-08,1370.54
2014-01-09,1365.48
2014-01-10,1369.2
2014-01-13,1382.04
2014-01-14,1379.66
2014-01-15,1384.57
2014-01-16,1371.1
2014-01-17,1350.89
2014-01-20,1351.49
2014-01-21,1353.18
2014-01-22,1358.78
2014-01-23,1351.63
2014-01-24,1338.61
2014-01-27,1332.76
2014-01-28,1324.72
2014-01-29,1302.71
2014-01-30,1287.7
2014-01-31,1295.95
2014-02-03,1298.05
2014-02-04,1297.19
2014-02-05,1300.42
2014-02-06,1339.08
2014-02-07,1341.67
2014-02-10,1358.38
2014-02-11,1336.62
2014-02-12,1342.04
2014-02-13,1328.21
2014-02-14,1324.63
2014-02-17,1326.73
2014-02-18,1331.69
2014-02-19,1330.26
2014-02-20,1310.03
2014-02-21,1324.34
2014-02-24,1311.75
2014-02-25,1303.87
2014-02-26,1313.89
2014-02-27,1319.87
2014-02-28,1356.34
2014-03-03,1355.92
2014-03-04,1366.56
2014-03-05,1362.81
2014-03-06,1348.88
2014-03-07,1348.26
2014-03-10,1348.78
2014-03-11,1341.98
2014-03-12,1334.65
2014-03-13,1337.96
2014-03-14,1335.62
2014-03-17,1343.31
2014-03-18,1369.3
2014-03-19,1367.41
2014-03-20,1357.89
2014-03-24,1365.16
2014-03-25,1382.42
2014-03-26,1388.82
2014-03-27,1428.79
2014-03-28,1415.94
2014-03-31,1420.84
2014-04-01,1424.06
2014-04-02,1417.91
2014-04-03,1415.6
2014-04-04,1408.6
2014-04-07,1418.39
2014-04-08,1421.84
2014-04-09,1433.83
2014-04-10,1449.61
2014-04-11,1449.92
2014-04-14,1451
2014-04-15,1450.34
2014-04-16,1450.4
2014-04-17,1445.35
2014-04-22,1447.34
2014-04-23,1446.91
2014-04-24,1449.19
2014-04-25,1450.04
2014-04-29,1457.84
2014-04-30,1453.87
2014-05-02,1456.64
2014-05-05,1455.47
2014-05-06,1446.9
2014-05-08,1456.28
2014-05-09,1452.69
2014-05-12,1458.98
2014-05-13,1454.3
2014-05-14,1457.76
2014-05-15,1450.77
2014-05-16,1457.23
2014-05-19,1459.56
2014-05-20,1452.18
2014-05-21,1446.07
2014-05-22,1449.69
2014-05-23,1448.75
2014-05-26,1449.9
2014-05-27,1444.19
2014-05-28,1448.87
2014-05-29,1452.72
2014-05-30,1435.5
2014-06-02,1441.07
2014-06-03,1438.67
2014-06-04,1444.18
2014-06-05,1461.77
2014-06-06,1459.19
2014-06-09,1459.06
2014-06-10,1454.64
2014-06-11,1450.57
2014-06-12,1440.83
2014-06-13,1446.3
2014-06-17,1462.82
2014-06-18,1459.4
2014-06-19,1472.16
2014-06-20,1466.61
2014-06-23,1469.64
2014-06-24,1469.07
2014-06-25,1464.54
2014-06-26,1470.61
2014-06-27,1475.46
2014-06-30,1483.84
2014-07-01,1488.91
2014-07-02,1484.26
2014-07-03,1469.4
2014-07-04,1480.57
2014-07-07,1469.86
2014-07-08,1469.33
2014-07-09,1473.53
2014-07-10,1467.01
2014-07-11,1469.08
2014-07-14,1473.33
2014-07-15,1470.45
2014-07-16,1473.52
2014-07-17,1478.78
2014-07-18,1465.7
2014-07-21,1472.05
2014-07-22,1482.87
2014-07-23,1493.98
2014-07-24,1501.01
2014-07-25,1509.38
2014-07-28,1515.76
2014-07-29,1512.33
2014-07-30,1511.39
2014-07-31,1512.25
2014-08-01,1507.09
2014-08-04,1500.95
2014-08-05,1506.01
2014-08-06,1502.33
2014-08-07,1497.15
2014-08-08,1493.85
2014-08-11,1508.84
2014-08-12,1518.11
2014-08-13,1536.4
2014-08-14,1547.55
2014-08-15,1560.11
2014-08-18,1567.73
2014-08-19,1561.85
2014-08-20,1549.72
2014-08-21,1557.2
2014-08-22,1563.27
2014-08-25,1566.34
2014-08-26,1570.19
2014-08-27,1561.8
2014-08-28,1554.15
2014-08-29,1557.08
2014-09-01,1563.31
2014-09-02,1583.18
2014-09-03,1593.79
2014-09-04,1612.66
2014-09-05,1603.67
2014-09-08,1600.55
2014-09-09,1591.37
2014-09-10,1581.1
2014-09-11,1585.58
2014-09-12,1601.12
2014-09-15,1609.98
2014-09-16,1590.01
2014-09-17,1594.89
2014-09-18,1602.26
2014-09-19,1613.62
2014-09-22,1587.43
2014-09-23,1587.11
2014-09-25,1575.15
2014-09-26,1579.16
2014-09-29,1587.63
2014-09-30,1590.98
2014-10-01,1586.03
2014-10-02,1579.09
2014-10-03,1579.84
2014-10-06,1585.52
2014-10-07,1585.63
2014-10-08,1586.09
2014-10-09,1587.34
2014-10-10,1583.8
2014-10-13,1585.36
2014-10-14,1586.93
2014-10-15,1569.8
2014-10-16,1570.82
2014-10-17,1588.18
2014-10-20,1592.41
2014-10-21,1599.88
2014-10-22,1597.97
2014-10-23,1616.63
2014-10-24,1628.69
2014-10-27,1636.57
2014-10-28,1666.04
2014-10-29,1674.93
2014-10-30,1681.94
2014-10-31,1699.77
2014-11-03,1691.39
2014-11-04,1687.53
2014-11-05,1683.88
2014-11-06,1676.35
2014-11-07,1684.07
2014-11-10,1691.31
2014-11-11,1694.31
2014-11-12,1692.99
2014-11-13,1696.34
2014-11-14,1694.74
2014-11-17,1695.66
2014-11-18,1701.05
2014-11-19,1710.6
2014-11-20,1706.5
2014-11-21,1731.94
2014-11-24,1719.86
2014-11-25,1720.7
2014-11-26,1714.48
2014-11-27,1728.52
2014-11-28,1747.88
2014-12-01,1736.97
2014-12-02,1751.24
2014-12-03,1744.98
2014-12-04,1728
2014-12-05,1734.71
2014-12-08,1729.65
2014-12-09,1721.35
2014-12-10,1717.96
2014-12-11,1707.75
2014-12-12,1709.16
2014-12-15,1714.68
2014-12-17,1741.73
2014-12-18,1756.34
2014-12-19,1765.42
2014-12-22,1766.45
2014-12-23,1768.91
2014-12-24,1767.58
2014-12-29,1780.95
2014-12-30,1779.41
2014-12-31,1767.32
2015-01-02,1765.52
2015-01-05,1754.38
2015-01-06,1765.21
2015-01-07,1762.91
2015-01-08,1781.76
2015-01-09,1786.36
2015-01-12,1784.99
2015-01-13,1787.65
2015-01-14,1794.29
2015-01-15,1807.1
2015-01-16,1807.26
2015-01-19,1818.93
2015-01-20,1822.83
2015-01-21,1852.5
2015-01-22,1874.84
2015-01-23,1889.74
2015-01-26,1928.48
2015-01-27,1917.35
2015-01-28,1920.55
2015-01-29,1904.99
2015-01-30,1897.67
2015-02-02,1899.48
2015-02-03,1898.84
2015-02-04,1877.9
2015-02-05,1890.05
2015-02-06,1903.85
2015-02-09,1896.59
2015-02-10,1888.79
2015-02-11,1893.94
2015-02-12,1934.78
2015-02-13,1931.98
2015-02-16,1929.22
2015-02-17,1899.14
2015-02-18,1876.33
2015-02-19,1879.53
2015-02-20,1883.64
2015-02-23,1918.11
2015-02-24,1933.66
2015-02-25,1949.73
2015-02-26,1950.27
2015-02-27,1957.68
2015-03-02,1969.63
2015-03-03,1976.16
2015-03-04,1963.6
2015-03-05,2005.26
2015-03-06,1957.29
2015-03-09,1912.12
2015-03-10,1917.59
2015-03-11,1923.13
2015-03-12,1919.66
2015-03-13,1927.34
2015-03-16,1940.81
2015-03-17,1962.13
2015-03-18,1956.69
2015-03-19,1944.5
2015-03-20,1959.59
2015-03-23,1966.05
2015-03-24,1996.1
2015-03-25,1994.3
2015-03-26,1989.32
2015-03-27,1987.92
2015-03-30,1999.79
2015-03-31,2009.31
2015-04-01,1997.2
2015-04-02,1991.71
2015-04-07,1998.7
2015-04-08,1995.73
2015-04-09,2002.54
2015-04-10,2020.62
2015-04-13,2033.21
2015-04-14,2006.21
2015-04-15,2010.82
2015-04-16,2026.72
2015-04-17,2020.08
2015-04-20,2023.82
2015-04-21,2027.43
2015-04-22,2017.61
2015-04-23,2017.87
2015-04-24,1995.96
2015-04-28,2009.38
2015-04-29,2003.19
2015-04-30,2010.07
2015-05-04,1983.08
2015-05-05,1982.19
2015-05-06,1920.77
2015-05-07,1908.22
2015-05-08,1928.22
2015-05-11,1922.28
2015-05-12,1922.86
2015-05-13,1938.01
2015-05-14,1934
2015-05-15,1953.27
2015-05-18,1961.83
2015-05-19,1974.92
2015-05-20,1974.93
2015-05-21,1968.79
2015-05-22,1958.77
2015-05-25,1961.62
2015-05-26,1937.3
2015-05-27,1935.51
2015-05-28,1897.21
2015-05-29,1890.95
2015-06-01,1867.09
2015-06-02,1846.42
2015-06-03,1843.09
2015-06-04,1834.78
2015-06-05,1823.08
2015-06-08,1830.4
2015-06-09,1808.89
2015-06-10,1828.08
2015-06-11,1835.61
2015-06-12,1853.09
2015-06-15,1841.15
2015-06-17,1846.94
2015-06-18,1846.7
2015-06-19,1858.92
2015-06-22,1854.92
2015-06-23,1866.03
2015-06-24,1871.8
2015-06-25,1878.15
2015-06-26,1872.09
2015-06-29,1862.52
2015-06-30,1884.2
2015-07-01,1875.27
2015-07-02,1883.04
2015-07-03,1880.2
2015-07-06,1873.14
2015-07-07,1888.82
2015-07-08,1865.05
2015-07-09,1912.8
2015-07-10,1935.63
2015-07-13,1955.32
2015-07-14,1934.75
2015-07-15,1939.4
2015-07-16,1976.24
2015-07-17,1988.56
2015-07-20,1981.39
2015-07-21,1990.03
2015-07-22,1979.03
2015-07-23,1978.91
2015-07-24,1966.4
2015-07-27,1980.86
2015-07-28,1977.54
2015-07-29,1987.19
2015-07-30,1988.91
2015-07-31,1981.06
2015-08-03,1995.27
2015-08-04,2005.28
2015-08-05,2002.48
2015-08-06,2023.38
2015-08-07,2030.51
2015-08-11,2039.78
2015-08-12,2013.89
2015-08-13,2002.83
2015-08-14,1976.97
2015-08-17,1993.21
2015-08-18,2001.48
2015-08-19,1974.59
2015-08-20,1979.51
2015-08-21,1969.8
2015-08-24,1929.78
2015-08-25,1936.14
2015-08-26,1925.57
2015-08-27,1944.92
2015-08-28,1959.74
2015-08-31,1985.35
2015-09-01,1945.32
2015-09-02,1951.81
2015-09-03,1963.56
2015-09-04,1946.1
2015-09-07,1919.75
2015-09-08,1936.89
2015-09-09,1931.23
2015-09-10,1949.05
2015-09-11,1941.63
2015-09-14,1974.29
2015-09-15,1980.52
2015-09-16,1986.08
2015-09-17,2002.39
2015-09-18,2007.99
2015-09-21,1999.38
2015-09-22,2001.07
2015-09-23,2004.24
2015-09-25,2012.99
2015-09-28,1994.6
2015-09-29,2000.74
2015-09-30,2001.73
2015-10-01,2014
2015-10-02,2013.71
2015-10-05,2034.85
2015-10-06,2034.8
2015-10-07,2025.27
2015-10-08,2018.68
2015-10-09,1997.52
2015-10-12,1994.34
2015-10-13,1981.5
2015-10-14,1979.55
2015-10-15,2008.49
2015-10-16,1996.33
2015-10-19,2025
2015-10-20,2039.81
2015-10-21,2026.14
2015-10-22,2041.81
2015-10-23,2052.96
2015-10-26,2067.3
2015-10-27,2064.58
2015-10-28,2070.92
2015-10-29,2039.21
2015-10-30,2043.3
2015-11-02,2047.6
2015-11-03,2050.46
2015-11-04,2042.54
2015-11-05,2046.08
2015-11-06,2017.86
2015-11-09,2016.63
2015-11-10,2008.82
2015-11-11,2018.78
2015-11-12,2008.82
2015-11-13,2002.28
2015-11-16,2004.63
2015-11-17,2028.72
2015-11-18,2025.32
2015-11-19,2051.99
2015-11-20,2041.09
2015-11-23,2045.72
2015-11-24,2027.18
2015-11-25,2026.49
2015-11-26,2023.16
2015-11-27,2013.92
2015-11-30,2033.07
2015-12-01,2016.04
2015-12-02,1987.92
2015-12-03,1953.79
2015-12-04,1929.69
2015-12-07,1944.4
2015-12-08,1942.8
2015-12-09,1955.04
2015-12-10,1823.52
2015-12-11,1685.35
2015-12-14,1813.52
2015-12-15,1836.4
2015-12-17,1877.75
2015-12-18,1840.41
2015-12-21,1869.34
2015-12-22,1896.15
2015-12-23,1907.01
2015-12-24,1909.34
2015-12-28,1916.63
2015-12-29,1920.2
2015-12-30,1908.09
2015-12-31,1908.54
2016-01-04,1847.91
2016-01-05,1896.49
2016-01-06,1892.83
2016-01-07,1827.87
2016-01-08,1841.3
2016-01-11,1836.58
2016-01-12,1866.96
2016-01-13,1875.02
2016-01-14,1847.88
2016-01-15,1803.41
2016-01-18,1783.75
2016-01-19,1788.61
2016-01-20,1757.46
2016-01-21,1754.14
2016-01-22,1763.1
2016-01-25,1781.3
2016-01-26,1774.26
2016-01-27,1782.71
2016-01-28,1802.06
2016-01-29,1851.71
2016-02-01,1883.7
2016-02-02,1839.19
2016-02-03,1849.84
2016-02-04,1890.09
2016-02-05,1882.78
2016-02-08,1871.78
2016-02-09,1847.72
2016-02-10,1866.16
2016-02-11,1873.53
2016-02-12,1898.74
2016-02-15,1935.23
2016-02-16,1929.85
2016-02-17,1955.37
2016-02-18,1957.92
2016-02-19,1938.74
2016-02-22,1955.51
2016-02-23,1957.62
2016-02-24,1913.5
2016-02-25,1925.59
2016-02-26,1928.6
2016-02-29,1919.22
2016-03-01,1929.68
2016-03-02,1949.29
2016-03-03,1960.87
2016-03-04,1961.75
2016-03-07,2002.03
2016-03-08,1984.51
2016-03-09,1987.3
2016-03-10,2002.93
2016-03-11,2025.1
2016-03-14,2031.11
2016-03-15,2031.37
2016-03-16,2015.14
2016-03-17,2042.96
2016-03-18,2073.9
2016-03-22,2099.58
2016-03-23,2088.83
2016-03-24,2079.21
2016-03-29,2095.49
2016-03-30,2108.13
2016-03-31,2101.21
2016-04-01,2107.05
2016-04-04,2119.6
2016-04-05,2105.31
2016-04-06,2088.96
2016-04-07,2099.94
2016-04-08,2110.97
2016-04-11,2106.71
2016-04-12,2130.28
2016-04-13,2117.33
2016-04-14,2125.12
2016-04-15,2124.69
2016-04-18,2137.27
2016-04-19,2134.25
2016-04-20,2141.12
2016-04-21,2139.65
2016-04-22,2120
2016-04-25,2115.16
2016-04-26,2129.85
2016-04-28,2141.17
2016-04-29,2142.22
2016-05-03,2100.72
2016-05-04,2092.31
2016-05-05,2077.92
2016-05-06,2054.97
2016-05-09,2076.49
2016-05-10,2044.18
2016-05-11,2058.23
2016-05-12,2060.87
2016-05-13,2031.95
2016-05-16,2001.01
2016-05-17,2026.92
2016-05-18,2040.97
2016-05-19,2033.58
2016-05-20,2059.37
2016-05-23,2080.66
2016-05-24,2072.66
2016-05-25,2084.5
2016-05-26,2089.55
2016-05-27,2095.03
2016-05-30,2083.94
2016-05-31,2067.99
2016-06-01,2090.94
2016-06-02,2091.57
2016-06-03,2108.12
2016-06-06,2125.81
2016-06-07,2138.48
2016-06-08,2104.98
2016-06-09,2094.42
2016-06-10,2091.49
2016-06-13,2075.56
2016-06-14,2034.6
2016-06-15,2051.92
2016-06-17,2042.54
2016-06-20,2047.34
2016-06-21,2067.54
2016-06-22,2089.32
2016-06-23,2081.9
2016-06-24,2033.95
2016-06-27,1977.3
2016-06-28,2029.12
2016-06-29,2081.83
2016-06-30,2092.18
2016-07-01,2095.38
2016-07-04,2104.39
2016-07-05,2083.12
2016-07-06,2038.71
2016-07-07,2039.86
2016-07-08,2055.88
2016-07-11,2106.79
2016-07-12,2131.97
2016-07-13,2104.03
2016-07-14,2112.18
2016-07-15,2114.74
2016-07-18,2119.94
2016-07-19,2124.82
2016-07-20,2126.09
2016-07-21,2138.98
2016-07-22,2151.27
2016-07-25,2167.2
2016-07-26,2182.38
2016-07-27,2189.08
2016-07-28,2173.36
2016-07-29,2160.32
2016-08-01,2166.31
2016-08-02,2136.56
2016-08-04,2138.34
2016-08-05,2129.18
2016-08-08,2121.87
2016-08-10,2132.02
2016-08-11,2141.36
2016-08-12,2161.65
2016-08-15,2143.26
2016-08-16,2137.4
2016-08-17,2130
2016-08-18,2145.55
2016-08-19,2143.73
2016-08-22,2144.26
2016-08-23,2148.43
2016-08-24,2093.85
2016-08-25,2116.94
2016-08-26,2091.69
2016-08-29,2079.94
2016-08-30,2075.12
2016-08-31,2054.6
2016-09-01,2029.41
2016-09-02,2029.52
2016-09-05,2041.35
2016-09-06,2096
2016-09-07,2079.95
2016-09-08,2061.72
2016-09-09,2047.9
2016-09-12,2025.4
2016-09-13,2022.07
2016-09-14,2036.71
2016-09-15,2025.62
2016-09-16,2008.83
2016-09-19,2024.02
2016-09-20,2031.24
2016-09-21,2012.51
2016-09-22,2061.06
2016-09-23,2054.8
2016-09-26,2068.06
2016-09-27,2056.5
2016-09-28,2085.42
2016-09-29,2093.93
2016-09-30,2076.97
2016-10-03,2083.09
2016-10-04,2103.37
2016-10-05,2086.43
2016-10-06,2085.4
2016-10-07,2087.97
2016-10-10,2080.99
2016-10-11,2063.33
2016-10-12,2043.68
2016-10-13,2024.79
2016-10-14,2041.57
2016-10-17,2047.92
2016-10-18,2064.87
2016-10-19,2066.26
2016-10-20,2073.58
2016-10-21,2096.67
2016-10-24,2111.22
2016-10-25,2098.46
2016-10-26,2083.15
2016-10-27,2079.77
2016-10-28,2062.89
2016-10-31,2087.41
2016-11-01,2076.14
2016-11-02,2074.21
2016-11-03,2069.79
2016-11-04,2046.23
2016-11-07,2045.19
2016-11-08,2076.55
2016-11-09,2061.1
2016-11-10,2023.61
2016-11-11,2002.98
2016-11-14,1971.17
2016-11-15,2001.08
2016-11-16,2004.2
2016-11-17,2017.56
2016-11-18,2021.41
2016-11-21,2016.55
2016-11-22,2019.23
2016-11-23,2007.13
2016-11-24,1984.28
2016-11-25,2003.08
2016-11-28,2017.94
2016-11-29,2015.3
2016-11-30,2017.65
2016-12-01,2000.02
2016-12-02,1985.89
2016-12-05,1999.31
2016-12-06,1983.83
2016-12-07,2004.5
2016-12-08,1990.42
2016-12-09,2037.49
2016-12-12,2035.75
2016-12-13,2069.25
2016-12-14,2060.97
2016-12-15,2003.15
2016-12-19,2016.99
2016-12-20,2051.57
2016-12-21,2046.84
2016-12-22,2037.71
2016-12-23,2031.77
2016-12-28,2063.14
2016-12-29,2090.51
2016-12-30,2103.14
