"Index","RiskFree.Close"
2003-06-06,133.2189
2003-06-09,133.3587
2003-06-10,133.4053
2003-06-11,133.452
2003-06-12,133.498
2003-06-13,133.5452
2003-06-17,133.7313
2003-06-18,133.7778
2003-06-19,133.8235
2003-06-24,134.0511
2003-06-25,134.0964
2003-06-30,134.3229
2003-07-01,134.368
2003-07-02,134.413
2003-07-03,134.457
2003-07-04,134.5031
2003-07-07,134.638
2003-07-08,134.683
2003-07-09,134.7283
2003-07-10,134.773
2003-07-11,134.8147
2003-07-14,134.9455
2003-07-15,134.989
2003-07-16,135.032
2003-07-17,135.0759
2003-07-21,135.2546
2003-07-22,135.299
2003-07-23,135.343
2003-07-24,135.3879
2003-07-25,135.4324
2003-07-28,135.5657
2003-07-29,135.61
2003-07-30,135.6545
2003-07-31,135.698
2003-08-01,135.743
2003-08-04,135.8754
2003-08-05,135.9182
2003-08-06,135.9609
2003-08-07,136.003
2003-08-08,136.046
2003-08-11,136.1738
2003-08-12,136.2163
2003-08-13,136.2587
2003-08-15,136.344
2003-08-19,136.5172
2003-08-20,136.5598
2003-08-21,136.6024
2003-08-22,136.644
2003-08-25,136.772
2003-08-26,136.8142
2003-08-27,136.8563
2003-08-29,136.94
2003-09-01,137.063
2003-09-02,137.104
2003-09-03,137.145
2003-09-04,137.1865
2003-09-05,137.227
2003-09-08,137.349
2003-09-11,137.471
2003-09-12,137.512
2003-09-15,137.636
2003-09-16,137.677
2003-09-17,137.717
2003-09-18,137.758
2003-09-19,137.799
2003-09-22,137.92
2003-09-23,137.96
2003-09-26,138.081
2003-09-29,138.198
2003-09-30,138.2381
2003-10-01,138.2781
2003-10-02,138.318
2003-10-03,138.3578
2003-10-06,138.4735
2003-10-07,138.5122
2003-10-08,138.5509
2003-10-09,138.5894
2003-10-10,138.6288
2003-10-13,138.7467
2003-10-15,138.825
2003-10-16,138.8641
2003-10-17,138.9032
2003-10-20,139.0195
2003-10-21,139.0583
2003-10-23,139.1334
2003-10-24,139.1709
2003-10-27,139.2825
2003-10-28,139.319
2003-10-29,139.3565
2003-10-30,139.3933
2003-10-31,139.43
2003-11-03,139.539
2003-11-04,139.5759
2003-11-05,139.6121
2003-11-06,139.6482
2003-11-07,139.6842
2003-11-10,139.7917
2003-11-11,139.827
2003-11-12,139.8628
2003-11-13,139.8982
2003-11-14,139.9335
2003-11-17,140.038
2003-11-18,140.074
2003-11-19,140.1087
2003-11-20,140.1434
2003-11-21,140.1781
2003-11-24,140.2817
2003-11-25,140.316
2003-11-26,140.35
2003-11-27,140.3846
2003-11-28,140.4187
2003-12-01,140.5208
2003-12-02,140.5546
2003-12-03,140.5884
2003-12-04,140.6222
2003-12-05,140.6558
2003-12-08,140.7564
2003-12-09,140.7898
2003-12-10,140.8231
2003-12-11,140.8564
2003-12-12,140.8896
2003-12-15,140.989
2003-12-17,141.0551
2003-12-18,141.088
2003-12-19,141.1209
2003-12-22,141.2193
2003-12-23,141.2519
2003-12-24,141.284
2003-12-29,141.4469
2003-12-30,141.4792
2003-12-31,141.5114
2004-01-02,141.575
2004-01-05,141.672
2004-01-06,141.704
2004-01-07,141.7359
2004-01-08,141.7678
2004-01-09,141.7996
2004-01-12,141.8949
2004-01-13,141.9266
2004-01-14,141.9582
2004-01-15,141.9898
2004-01-16,142.0213
2004-01-19,142.1158
2004-01-20,142.1472
2004-01-21,142.1786
2004-01-22,142.21
2004-01-23,142.2414
2004-01-26,142.3355
2004-01-28,142.3981
2004-01-29,142.4293
2004-01-30,142.4606
2004-02-02,142.5542
2004-02-03,142.5854
2004-02-04,142.6165
2004-02-05,142.6476
2004-02-06,142.6787
2004-02-09,142.7719
2004-02-10,142.803
2004-02-11,142.834
2004-02-12,142.865
2004-02-13,142.896
2004-02-16,142.9888
2004-02-17,143.0198
2004-02-18,143.0507
2004-02-19,143.0816
2004-02-20,143.1125
2004-02-23,143.2051
2004-02-24,143.236
2004-02-25,143.2668
2004-02-26,143.2976
2004-02-27,143.3284
2004-03-01,143.4208
2004-03-02,143.4515
2004-03-03,143.482
2004-03-04,143.513
2004-03-05,143.5437
2004-03-08,143.635
2004-03-09,143.6665
2004-03-10,143.6972
2004-03-11,143.7279
2004-03-12,143.7586
2004-03-15,143.8505
2004-03-16,143.8812
2004-03-17,143.9118
2004-03-18,143.9424
2004-03-19,143.9731
2004-03-23,144.0955
2004-03-24,144.126
2004-03-25,144.1566
2004-03-26,144.1872
2004-03-29,144.279
2004-03-30,144.3095
2004-03-31,144.3401
2004-04-01,144.3707
2004-04-02,144.4013
2004-04-05,144.4931
2004-04-06,144.5236
2004-04-07,144.5542
2004-04-08,144.5848
2004-04-13,144.7377
2004-04-15,144.7988
2004-04-16,144.8294
2004-04-19,144.9211
2004-04-20,144.9517
2004-04-21,144.9823
2004-04-22,145.0128
2004-04-23,145.0434
2004-04-26,145.1351
2004-04-28,145.1961
2004-04-29,145.2267
2004-04-30,145.2572
2004-05-03,145.3489
2004-05-04,145.3795
2004-05-05,145.41
2004-05-06,145.4406
2004-05-07,145.4712
2004-05-10,145.5629
2004-05-11,145.5935
2004-05-12,145.6241
2004-05-13,145.6547
2004-05-14,145.6852
2004-05-17,145.777
2004-05-18,145.8076
2004-05-19,145.8382
2004-05-20,145.8688
2004-05-21,145.8994
2004-05-24,145.9914
2004-05-25,146.0221
2004-05-26,146.0528
2004-05-27,146.0835
2004-05-28,146.1142
2004-05-31,146.2064
2004-06-01,146.2371
2004-06-02,146.2679
2004-06-03,146.2986
2004-06-04,146.3294
2004-06-07,146.4218
2004-06-08,146.4526
2004-06-09,146.4834
2004-06-10,146.5143
2004-06-11,146.5452
2004-06-14,146.6379
2004-06-15,146.6688
2004-06-17,146.7307
2004-06-18,146.7617
2004-06-21,146.8547
2004-06-22,146.8857
2004-06-23,146.9167
2004-06-24,146.9478
2004-06-25,146.9788
2004-06-28,147.0721
2004-06-29,147.1032
2004-06-30,147.1343
2004-07-01,147.1655
2004-07-02,147.1966
2004-07-05,147.2902
2004-07-06,147.3214
2004-07-07,147.3526
2004-07-08,147.3838
2004-07-09,147.415
2004-07-12,147.5087
2004-07-13,147.5399
2004-07-14,147.5712
2004-07-15,147.6025
2004-07-16,147.6337
2004-07-19,147.7277
2004-07-20,147.759
2004-07-21,147.7903
2004-07-22,147.8216
2004-07-23,147.853
2004-07-26,147.9471
2004-07-27,147.9785
2004-07-28,148.0099
2004-07-29,148.0413
2004-07-30,148.0727
2004-08-02,148.167
2004-08-03,148.1985
2004-08-04,148.23
2004-08-05,148.2615
2004-08-06,148.293
2004-08-10,148.4191
2004-08-11,148.4507
2004-08-12,148.4823
2004-08-13,148.5138
2004-08-16,148.6085
2004-08-17,148.64
2004-08-18,148.6715
2004-08-19,148.7029
2004-08-20,148.7344
2004-08-23,148.8286
2004-08-24,148.86
2004-08-25,148.8913
2004-08-26,148.9227
2004-08-27,148.954
2004-08-30,149.0478
2004-08-31,149.0791
2004-09-01,149.1102
2004-09-02,149.1414
2004-09-03,149.1725
2004-09-06,149.2658
2004-09-07,149.2969
2004-09-08,149.3279
2004-09-09,149.3589
2004-09-10,149.3898
2004-09-13,149.4826
2004-09-14,149.5135
2004-09-15,149.5443
2004-09-16,149.5751
2004-09-17,149.606
2004-09-20,149.6984
2004-09-21,149.7292
2004-09-22,149.76
2004-09-23,149.7908
2004-09-27,149.9137
2004-09-28,149.9444
2004-09-29,149.9751
2004-09-30,150.0058
2004-10-01,150.0365
2004-10-04,150.1285
2004-10-05,150.1592
2004-10-06,150.1898
2004-10-07,150.2204
2004-10-08,150.2511
2004-10-11,150.343
2004-10-12,150.3736
2004-10-13,150.4042
2004-10-14,150.4348
2004-10-15,150.4654
2004-10-18,150.5571
2004-10-19,150.5877
2004-10-20,150.6182
2004-10-21,150.6488
2004-10-22,150.6794
2004-10-25,150.771
2004-10-26,150.8015
2004-10-27,150.832
2004-10-28,150.8625
2004-10-29,150.8931
2004-11-01,150.9845
2004-11-02,151.0149
2004-11-03,151.0453
2004-11-04,151.0757
2004-11-05,151.1061
2004-11-08,151.1972
2004-11-09,151.2276
2004-11-10,151.2579
2004-11-11,151.2882
2004-11-12,151.3186
2004-11-15,151.4097
2004-11-16,151.44
2004-11-17,151.4704
2004-11-18,151.5007
2004-11-19,151.5311
2004-11-22,151.6221
2004-11-23,151.6524
2004-11-24,151.6828
2004-11-25,151.7131
2004-11-26,151.7435
2004-11-29,151.8346
2004-11-30,151.8649
2004-12-01,151.8953
2004-12-02,151.9257
2004-12-03,151.9561
2004-12-06,152.0473
2004-12-07,152.0777
2004-12-08,152.1081
2004-12-09,152.1386
2004-12-10,152.169
2004-12-13,152.2603
2004-12-14,152.2907
2004-12-15,152.3212
2004-12-17,152.382
2004-12-20,152.4734
2004-12-21,152.5038
2004-12-22,152.5342
2004-12-23,152.5647
2004-12-24,152.5951
2004-12-28,152.7168
2004-12-29,152.7472
2004-12-30,152.7777
2004-12-31,152.8081
2005-01-03,152.8994
2005-01-04,152.9298
2005-01-05,152.9602
2005-01-06,152.9907
2005-01-07,153.0211
2005-01-10,153.1123
2005-01-11,153.1427
2005-01-12,153.1732
2005-01-13,153.2036
2005-01-14,153.234
2005-01-17,153.3251
2005-01-18,153.3555
2005-01-19,153.3859
2005-01-20,153.4163
2005-01-21,153.4466
2005-01-24,153.5378
2005-01-25,153.5681
2005-01-26,153.5985
2005-01-27,153.5985
2005-01-28,153.6592
2005-01-31,153.7503
2005-02-01,153.7806
2005-02-02,153.8109
2005-02-03,153.8413
2005-02-04,153.8716
2005-02-07,153.9626
2005-02-08,153.9929
2005-02-09,154.0232
2005-02-10,154.0536
2005-02-11,154.0839
2005-02-14,154.1749
2005-02-15,154.2053
2005-02-16,154.2357
2005-02-17,154.2661
2005-02-18,154.2965
2005-02-21,154.3877
2005-02-22,154.4181
2005-02-23,154.4485
2005-02-24,154.4789
2005-02-25,154.5094
2005-02-28,154.6
2005-03-01,154.6312
2005-03-02,154.6617
2005-03-03,154.6921
2005-03-04,154.7226
2005-03-07,154.8141
2005-03-08,154.8446
2005-03-09,154.8751
2005-03-10,154.9056
2005-03-11,154.9361
2005-03-14,155.0276
2005-03-15,155.0581
2005-03-16,155.0886
2005-03-17,155.119
2005-03-18,155.1495
2005-03-22,155.2713
2005-03-23,155.3018
2005-03-24,155.3322
2005-03-29,155.4845
2005-03-30,155.515
2005-03-31,155.5454
2005-04-01,155.5759
2005-04-04,155.6673
2005-04-05,155.6979
2005-04-06,155.7284
2005-04-07,155.7589
2005-04-08,155.7894
2005-04-11,155.881
2005-04-12,155.9116
2005-04-13,155.9421
2005-04-14,155.9727
2005-04-15,156.0032
2005-04-18,156.0948
2005-04-19,156.1254
2005-04-20,156.1559
2005-04-21,156.1864
2005-04-22,156.2169
2005-04-25,156.3083
2005-04-26,156.3387
2005-04-28,156.3996
2005-04-29,156.43
2005-05-03,156.5515
2005-05-04,156.5804
2005-05-05,156.6103
2005-05-06,156.6403
2005-05-09,156.7299
2005-05-10,156.7598
2005-05-11,156.7896
2005-05-12,156.8195
2005-05-13,156.8493
2005-05-16,156.9386
2005-05-17,156.9683
2005-05-18,156.9981
2005-05-19,157.0278
2005-05-20,157.0575
2005-05-23,157.1465
2005-05-24,157.1761
2005-05-25,157.2057
2005-05-26,157.2353
2005-05-27,157.2649
2005-05-30,157.3537
2005-05-31,157.3833
2005-06-01,157.4128
2005-06-02,157.4424
2005-06-03,157.472
2005-06-06,157.5607
2005-06-07,157.5902
2005-06-08,157.6198
2005-06-09,157.6493
2005-06-10,157.6789
2005-06-13,157.7675
2005-06-14,157.797
2005-06-15,157.8265
2005-06-17,157.8855
2005-06-20,157.974
2005-06-21,158.0035
2005-06-22,158.033
2005-06-23,158.0624
2005-06-24,158.0919
2005-06-27,158.1803
2005-06-28,158.2097
2005-06-29,158.2391
2005-06-30,158.2685
2005-07-01,158.2979
2005-07-04,158.3859
2005-07-05,158.4152
2005-07-06,158.4445
2005-07-07,158.4738
2005-07-08,158.5031
2005-07-11,158.5909
2005-07-12,158.6202
2005-07-13,158.6494
2005-07-14,158.6787
2005-07-15,158.7079
2005-07-18,158.7956
2005-07-19,158.8248
2005-07-20,158.854
2005-07-21,158.8833
2005-07-22,158.9125
2005-07-25,159.0002
2005-07-26,159.0294
2005-07-27,159.0586
2005-07-28,159.0878
2005-07-29,159.117
2005-08-01,159.2053
2005-08-02,159.2347
2005-08-03,159.2641
2005-08-04,159.2935
2005-08-05,159.2935
2005-08-08,159.4112
2005-08-10,159.4701
2005-08-11,159.4996
2005-08-12,159.529
2005-08-15,159.6174
2005-08-16,159.6468
2005-08-17,159.6763
2005-08-18,159.7057
2005-08-19,159.7352
2005-08-22,159.8235
2005-08-23,159.853
2005-08-24,159.8824
2005-08-25,159.9119
2005-08-26,159.9413
2005-08-29,160.0297
2005-08-30,160.0591
2005-08-31,160.0886
2005-09-01,160.118
2005-09-02,160.1475
2005-09-05,160.2358
2005-09-06,160.2652
2005-09-07,160.2946
2005-09-08,160.324
2005-09-09,160.3534
2005-09-12,160.4415
2005-09-13,160.4709
2005-09-14,160.5002
2005-09-15,160.5296
2005-09-16,160.5589
2005-09-19,160.647
2005-09-20,160.6764
2005-09-21,160.7057
2005-09-22,160.7351
2005-09-23,160.7645
2005-09-26,160.8526
2005-09-27,160.882
2005-09-28,160.9114
2005-09-29,160.9407
2005-09-30,160.9701
2005-10-03,161.0583
2005-10-04,161.0877
2005-10-05,161.1171
2005-10-06,161.1465
2005-10-07,161.1759
2005-10-10,161.2641
2005-10-11,161.2935
2005-10-12,161.323
2005-10-13,161.3524
2005-10-14,161.3818
2005-10-17,161.4702
2005-10-18,161.4997
2005-10-19,161.5292
2005-10-20,161.5587
2005-10-21,161.5882
2005-10-24,161.6768
2005-10-25,161.7063
2005-10-26,161.7359
2005-10-27,161.7654
2005-10-28,161.795
2005-10-31,161.8841
2005-11-01,161.9138
2005-11-02,161.9436
2005-11-03,161.9733
2005-11-04,162.0031
2005-11-07,162.0924
2005-11-08,162.1223
2005-11-09,162.1521
2005-11-10,162.1819
2005-11-11,162.2118
2005-11-14,162.3014
2005-11-15,162.3313
2005-11-16,162.3611
2005-11-17,162.391
2005-11-18,162.421
2005-11-21,162.5107
2005-11-22,162.5407
2005-11-23,162.5707
2005-11-24,162.6006
2005-11-25,162.6306
2005-11-28,162.7206
2005-11-29,162.7507
2005-11-30,162.7807
2005-12-01,162.8108
2005-12-02,162.8409
2005-12-06,162.9613
2005-12-07,162.9914
2005-12-08,163.0215
2005-12-09,163.0517
2005-12-12,163.1421
2005-12-13,163.1723
2005-12-14,163.2025
2005-12-15,163.2327
2005-12-19,163.3536
2005-12-20,163.3839
2005-12-21,163.4142
2005-12-22,163.4444
2005-12-23,163.4747
2005-12-27,163.5959
2005-12-28,163.6262
2005-12-29,163.6565
2005-12-30,163.6869
2006-01-03,163.8083
2006-01-04,163.8386
2006-01-05,163.869
2006-01-06,163.8994
2006-01-09,163.9905
2006-01-10,164.021
2006-01-11,164.0514
2006-01-12,164.0818
2006-01-13,164.1122
2006-01-16,164.2036
2006-01-17,164.234
2006-01-18,164.2645
2006-01-19,164.295
2006-01-20,164.3254
2006-01-23,164.417
2006-01-24,164.4475
2006-01-25,164.478
2006-01-26,164.5086
2006-01-27,164.5391
2006-01-30,164.6308
2006-01-31,164.6614
2006-02-01,164.692
2006-02-02,164.7226
2006-02-03,164.7532
2006-02-06,164.845
2006-02-07,164.8757
2006-02-08,164.9063
2006-02-09,164.9369
2006-02-10,164.9676
2006-02-13,165.0596
2006-02-14,165.0902
2006-02-15,165.1209
2006-02-16,165.1516
2006-02-17,165.1823
2006-02-20,165.2744
2006-02-21,165.3051
2006-02-22,165.3358
2006-02-23,165.3665
2006-02-24,165.3972
2006-02-27,165.4894
2006-02-28,165.5202
2006-03-02,165.5817
2006-03-03,165.6125
2006-03-06,165.7048
2006-03-07,165.7356
2006-03-08,165.7664
2006-03-09,165.7972
2006-03-10,165.828
2006-03-14,165.9513
2006-03-15,165.9821
2006-03-16,166.0129
2006-03-17,166.0438
2006-03-20,166.1363
2006-03-22,166.198
2006-03-23,166.2289
2006-03-24,166.2598
2006-03-27,166.3524
2006-03-28,166.3833
2006-03-29,166.4142
2006-03-30,166.4451
2006-03-31,166.476
2006-04-03,166.5687
2006-04-04,166.5996
2006-04-05,166.6305
2006-04-06,166.6615
2006-04-07,166.6924
2006-04-10,166.7852
2006-04-11,166.8162
2006-04-12,166.8471
2006-04-13,166.8781
2006-04-18,167.0331
2006-04-19,167.0641
2006-04-20,167.0952
2006-04-21,167.1262
2006-04-24,167.2194
2006-04-25,167.2504
2006-04-26,167.2815
2006-04-28,167.3437
2006-05-02,167.4683
2006-05-03,167.4994
2006-05-04,167.5306
2006-05-05,167.5618
2006-05-08,167.6554
2006-05-09,167.6866
2006-05-10,167.7179
2006-05-11,167.7491
2006-05-12,167.7803
2006-05-15,167.8741
2006-05-16,167.9054
2006-05-17,167.9366
2006-05-18,167.9679
2006-05-19,167.9992
2006-05-22,168.0931
2006-05-23,168.1244
2006-05-24,168.1557
2006-05-25,168.187
2006-05-26,168.2184
2006-05-29,168.3124
2006-05-30,168.3437
2006-05-31,168.3751
2006-06-01,168.4064
2006-06-02,168.4378
2006-06-05,168.532
2006-06-06,168.5634
2006-06-07,168.5948
2006-06-08,168.6262
2006-06-09,168.6577
2006-06-12,168.7521
2006-06-13,168.7836
2006-06-14,168.8151
2006-06-15,168.8467
2006-06-19,168.9731
2006-06-20,169.0048
2006-06-21,169.0365
2006-06-22,169.0682
2006-06-23,169.1
2006-06-26,169.1954
2006-06-27,169.2273
2006-06-28,169.2592
2006-06-29,169.2911
2006-06-30,169.3231
2006-07-03,169.4192
2006-07-04,169.4513
2006-07-05,169.4834
2006-07-06,169.5156
2006-07-07,169.5478
2006-07-10,169.6445
2006-07-11,169.6769
2006-07-13,169.7416
2006-07-14,169.774
2006-07-17,169.8714
2006-07-18,169.9039
2006-07-19,169.9365
2006-07-20,169.969
2006-07-21,170.0016
2006-07-24,170.0996
2006-07-25,170.1323
2006-07-26,170.165
2006-07-27,170.1978
2006-07-28,170.2306
2006-07-31,170.3291
2006-08-01,170.362
2006-08-02,170.395
2006-08-03,170.428
2006-08-04,170.461
2006-08-07,170.56
2006-08-08,170.593
2006-08-10,170.659
2006-08-11,170.693
2006-08-14,170.793
2006-08-15,170.827
2006-08-16,170.86
2006-08-17,170.894
2006-08-18,170.928
2006-08-21,171.029
2006-08-22,171.062
2006-08-23,171.096
2006-08-24,171.13
2006-08-25,171.163
2006-08-28,171.265
2006-08-29,171.2998
2006-08-30,171.334
2006-08-31,171.3681
2006-09-01,171.4023
2006-09-04,171.5052
2006-09-05,171.5396
2006-09-06,171.574
2006-09-07,171.6085
2006-09-08,171.6431
2006-09-11,171.7468
2006-09-12,171.7815
2006-09-13,171.8162
2006-09-14,171.851
2006-09-15,171.8857
2006-09-18,171.9903
2006-09-19,172.0252
2006-09-20,172.0602
2006-09-21,172.0952
2006-09-22,172.1303
2006-09-26,172.271
2006-09-27,172.3062
2006-09-28,172.3415
2006-09-29,172.3769
2006-10-02,172.483
2006-10-03,172.519
2006-10-04,172.554
2006-10-05,172.599
2006-10-06,172.625
2006-10-09,172.7323
2006-10-10,172.768
2006-10-11,172.8039
2006-10-12,172.8398
2006-10-13,172.8757
2006-10-16,172.984
2006-10-17,173.012
2006-10-18,173.056
2006-10-19,173.092
2006-10-20,173.1284
2006-10-23,173.238
2006-10-24,173.274
2006-10-25,173.311
2006-10-26,173.347
2006-10-27,173.3837
2006-10-30,173.4939
2006-10-31,173.531
2006-11-01,173.5677
2006-11-02,173.6046
2006-11-06,173.7529
2006-11-07,173.7901
2006-11-08,173.8274
2006-11-09,173.8647
2006-11-13,174.0144
2006-11-14,174.0519
2006-11-15,174.0895
2006-11-16,174.1272
2006-11-17,174.1649
2006-11-20,174.2781
2006-11-21,174.316
2006-11-22,174.3538
2006-11-23,174.3918
2006-11-24,174.429
2006-11-27,174.5437
2006-11-28,174.5818
2006-11-29,174.62
2006-11-30,174.6581
2006-12-01,174.6963
2006-12-04,174.8112
2006-12-05,174.8496
2006-12-06,174.888
2006-12-07,174.9264
2006-12-08,174.9649
2006-12-11,175.0806
2006-12-12,175.1193
2006-12-13,175.158
2006-12-14,175.1967
2006-12-15,175.2356
2006-12-18,175.3523
2006-12-19,175.3913
2006-12-20,175.4304
2006-12-21,175.4695
2006-12-22,175.5087
2006-12-27,175.7054
2006-12-28,175.7444
2006-12-29,175.7834
2007-01-02,175.9384
2007-01-03,175.9773
2007-01-04,176.0161
2007-01-05,176.055
2007-01-08,176.1721
2007-01-09,176.2113
2007-01-10,176.2504
2007-01-11,176.2897
2007-01-12,176.3289
2007-01-15,176.447
2007-01-16,176.4865
2007-01-17,176.5259
2007-01-18,176.5655
2007-01-19,176.605
2007-01-22,176.7239
2007-01-23,176.7636
2007-01-24,176.8033
2007-01-25,176.8431
2007-01-26,176.8829
2007-01-29,177.0025
2007-01-30,177.0425
2007-01-31,177.0825
2007-02-01,177.1225
2007-02-02,177.1626
2007-02-05,177.283
2007-02-06,177.3232
2007-02-07,177.3634
2007-02-08,177.4037
2007-02-09,177.444
2007-02-12,177.565
2007-02-13,177.6055
2007-02-14,177.6459
2007-02-15,177.6864
2007-02-16,177.7269
2007-02-19,177.8486
2007-02-20,177.8893
2007-02-21,177.9299
2007-02-22,177.9706
2007-02-23,178.0112
2007-02-26,178.1334
2007-02-27,178.1742
2007-02-28,178.215
2007-03-01,178.2558
2007-03-02,178.2966
2007-03-05,178.4192
2007-03-06,178.4601
2007-03-07,178.501
2007-03-08,178.542
2007-03-09,178.5829
2007-03-12,178.706
2007-03-13,178.747
2007-03-14,178.7881
2007-03-15,178.8292
2007-03-16,178.8703
2007-03-19,178.9937
2007-03-20,179.0349
2007-03-22,179.1173
2007-03-23,179.1586
2007-03-26,179.2826
2007-03-27,179.3242
2007-03-28,179.3659
2007-03-29,179.4075
2007-03-30,179.4492
2007-04-02,179.5751
2007-04-03,179.6172
2007-04-04,179.6592
2007-04-05,179.7013
2007-04-10,179.912
2007-04-11,179.9542
2007-04-12,179.9964
2007-04-13,180.0386
2007-04-16,180.1654
2007-04-17,180.2076
2007-04-18,180.2499
2007-04-19,180.2922
2007-04-20,180.3346
2007-04-23,180.4616
2007-04-24,180.504
2007-04-25,180.5464
2007-04-26,180.5888
2007-04-30,180.7587
2007-05-02,180.8437
2007-05-03,180.8863
2007-05-04,180.9288
2007-05-07,181.0566
2007-05-08,181.0992
2007-05-09,181.1418
2007-05-10,181.1845
2007-05-11,181.2272
2007-05-14,181.3553
2007-05-15,181.398
2007-05-16,181.4408
2007-05-17,181.4835
2007-05-18,181.5263
2007-05-21,181.6548
2007-05-22,181.6977
2007-05-23,181.7406
2007-05-24,181.7836
2007-05-25,181.8265
2007-05-28,181.9555
2007-05-29,181.9985
2007-05-30,182.0416
2007-05-31,182.0847
2007-06-01,182.1278
2007-06-04,182.2573
2007-06-05,182.3005
2007-06-06,182.3438
2007-06-07,182.387
2007-06-08,182.4303
2007-06-11,182.5604
2007-06-12,182.6038
2007-06-13,182.6473
2007-06-14,182.6908
2007-06-15,182.7343
2007-06-18,182.8652
2007-06-19,182.9089
2007-06-20,182.9527
2007-06-21,182.9964
2007-06-22,183.0403
2007-06-25,183.1721
2007-06-26,183.2162
2007-06-27,183.2604
2007-06-28,183.3046
2007-06-29,183.3489
2007-07-02,183.4824
2007-07-03,183.5271
2007-07-04,183.5717
2007-07-05,183.6164
2007-07-06,183.6612
2007-07-09,183.7957
2007-07-10,183.8406
2007-07-11,183.8856
2007-07-12,183.9306
2007-07-13,183.9757
2007-07-16,184.111
2007-07-17,184.1562
2007-07-18,184.2014
2007-07-19,184.2467
2007-07-20,184.292
2007-07-23,184.428
2007-07-24,184.4734
2007-07-25,184.5189
2007-07-26,184.5644
2007-07-27,184.6099
2007-07-30,184.7467
2007-07-31,184.7923
2007-08-01,184.838
2007-08-02,184.8837
2007-08-03,184.9295
2007-08-06,185.067
2007-08-07,185.1129
2007-08-08,185.1589
2007-08-10,185.2509
2007-08-13,185.3891
2007-08-14,185.4353
2007-08-15,185.4815
2007-08-16,185.5277
2007-08-17,185.574
2007-08-20,185.7131
2007-08-21,185.7595
2007-08-22,185.806
2007-08-23,185.8526
2007-08-24,185.8992
2007-08-27,186.0393
2007-08-28,186.0861
2007-08-29,186.133
2007-08-30,186.1799
2007-08-31,186.2268
2007-09-03,186.368
2007-09-04,186.4151
2007-09-05,186.4623
2007-09-06,186.5095
2007-09-07,186.5568
2007-09-10,186.699
2007-09-11,186.7464
2007-09-12,186.794
2007-09-13,186.8415
2007-09-14,186.8891
2007-09-17,187.0322
2007-09-18,187.08
2007-09-19,187.1279
2007-09-20,187.1758
2007-09-21,187.2237
2007-09-25,187.4157
2007-09-26,187.4638
2007-09-27,187.5119
2007-09-28,187.56
2007-10-01,187.7047
2007-10-02,187.7529
2007-10-03,187.8013
2007-10-04,187.8496
2007-10-05,187.898
2007-10-08,188.0434
2007-10-09,188.0919
2007-10-10,188.1405
2007-10-11,188.1891
2007-10-12,188.2377
2007-10-15,188.3838
2007-10-16,188.4326
2007-10-17,188.4815
2007-10-18,188.5304
2007-10-19,188.5793
2007-10-22,188.7265
2007-10-23,188.7757
2007-10-24,188.8249
2007-10-25,188.8742
2007-10-26,188.9236
2007-10-29,189.0719
2007-10-30,189.1215
2007-10-31,189.1711
2007-11-01,189.2207
2007-11-02,189.2705
2007-11-05,189.42
2007-11-06,189.4699
2007-11-07,189.5199
2007-11-08,189.57
2007-11-09,189.6201
2007-11-12,189.7708
2007-11-13,189.8211
2007-11-14,189.8715
2007-11-15,189.922
2007-11-16,189.9725
2007-11-19,190.1243
2007-11-20,190.175
2007-11-21,190.2258
2007-11-22,190.2766
2007-11-23,190.3274
2007-11-26,190.4803
2007-11-27,190.5313
2007-11-28,190.5824
2007-11-29,190.6336
2007-11-30,190.6848
2007-12-03,190.8387
2007-12-04,190.8901
2007-12-05,190.9415
2007-12-06,190.993
2007-12-07,191.0446
2007-12-10,191.1995
2007-12-11,191.2513
2007-12-12,191.3031
2007-12-13,191.355
2007-12-14,191.407
2007-12-18,191.6154
2007-12-19,191.6676
2007-12-20,191.72
2007-12-21,191.7723
2007-12-24,191.9298
2007-12-27,192.088
2007-12-28,192.1409
2007-12-31,192.3006
2008-01-02,192.4075
2008-01-03,192.461
2008-01-04,192.5146
2008-01-07,192.6757
2008-01-08,192.7295
2008-01-09,192.7834
2008-01-10,192.8374
2008-01-11,192.8914
2008-01-14,193.0536
2008-01-15,193.1078
2008-01-16,193.162
2008-01-17,193.2163
2008-01-18,193.2706
2008-01-21,193.4338
2008-01-22,193.4883
2008-01-23,193.5428
2008-01-24,193.5974
2008-01-25,193.6521
2008-01-28,193.8161
2008-01-29,193.8707
2008-01-30,193.9253
2008-01-31,193.98
2008-02-01,194.0346
2008-02-04,194.1988
2008-02-05,194.2537
2008-02-06,194.3085
2008-02-07,194.3634
2008-02-08,194.4184
2008-02-11,194.5834
2008-02-12,194.6385
2008-02-13,194.6936
2008-02-14,194.7488
2008-02-15,194.804
2008-02-18,194.9698
2008-02-19,195.0252
2008-02-20,195.0806
2008-02-21,195.136
2008-02-22,195.1915
2008-02-25,195.3581
2008-02-26,195.4137
2008-02-27,195.4694
2008-02-28,195.5251
2008-02-29,195.5808
2008-03-03,195.7482
2008-03-04,195.8041
2008-03-05,195.86
2008-03-06,195.916
2008-03-07,195.972
2008-03-10,196.1402
2008-03-11,196.1964
2008-03-12,196.2525
2008-03-13,196.3088
2008-03-14,196.365
2008-03-17,196.534
2008-03-18,196.5904
2008-03-19,196.6469
2008-03-20,196.7034
2008-03-25,196.9863
2008-03-26,197.0431
2008-03-27,197.0998
2008-03-28,197.1566
2008-03-31,197.3272
2008-04-01,197.3842
2008-04-02,197.4412
2008-04-03,197.4982
2008-04-04,197.5553
2008-04-07,197.7266
2008-04-08,197.7266
2008-04-09,197.8411
2008-04-10,197.8984
2008-04-11,197.9557
2008-04-14,198.1279
2008-04-15,198.1853
2008-04-16,198.2429
2008-04-17,198.3004
2008-04-18,198.3581
2008-04-21,198.5313
2008-04-22,198.5891
2008-04-23,198.647
2008-04-24,198.705
2008-04-25,198.763
2008-04-29,198.9955
2008-04-30,199.0538
2008-05-05,199.346
2008-05-06,199.4047
2008-05-07,199.4634
2008-05-08,199.5222
2008-05-09,199.5811
2008-05-12,199.758
2008-05-13,199.817
2008-05-14,199.8762
2008-05-15,199.9354
2008-05-16,199.9947
2008-05-19,200.1729
2008-05-20,200.2324
2008-05-21,200.292
2008-05-22,200.3516
2008-05-23,200.4112
2008-05-26,200.5906
2008-05-27,200.6505
2008-05-28,200.7104
2008-05-29,200.7704
2008-05-30,200.8305
2008-06-02,201.0111
2008-06-03,201.0715
2008-06-04,201.1319
2008-06-05,201.1924
2008-06-06,201.2529
2008-06-09,201.4349
2008-06-10,201.4957
2008-06-11,201.5566
2008-06-12,201.6176
2008-06-13,201.6785
2008-06-17,201.923
2008-06-18,201.9843
2008-06-19,202.0456
2008-06-20,202.107
2008-06-23,202.2916
2008-06-24,202.3533
2008-06-25,202.415
2008-06-26,202.4769
2008-06-27,202.5387
2008-06-30,202.7247
2008-07-01,202.786
2008-07-02,202.8491
2008-07-03,202.9114
2008-07-04,202.9737
2008-07-07,203.1612
2008-07-08,203.2238
2008-07-09,203.2865
2008-07-10,203.3493
2008-07-11,203.4121
2008-07-14,203.601
2008-07-15,203.6641
2008-07-16,203.7272
2008-07-17,203.7904
2008-07-18,203.8537
2008-07-21,204.043
2008-07-22,204.1072
2008-07-23,204.1707
2008-07-24,204.2342
2008-07-25,204.2978
2008-07-28,204.4889
2008-07-29,204.5526
2008-07-30,204.6165
2008-07-31,204.6803
2008-08-01,204.7442
2008-08-04,204.9362
2008-08-05,205
2008-08-06,205.0644
2008-08-07,205.1286
2008-08-08,205.1928
2008-08-11,205.385
2008-08-12,205.45
2008-08-13,205.514
2008-08-14,205.5789
2008-08-15,205.6434
2008-08-22,206.0956
2008-08-25,206.2899
2008-08-26,206.3548
2008-08-27,206.4197
2008-08-28,206.4846
2008-08-29,206.5495
2008-09-01,206.7445
2008-09-02,206.8095
2008-09-03,206.8746
2008-09-04,206.9397
2008-09-05,207.0048
2008-09-08,207.2003
2008-09-09,207.2655
2008-09-10,207.3307
2008-09-11,207.396
2008-09-12,207.4613
2008-09-15,207.6573
2008-09-16,207.7227
2008-09-17,207.7882
2008-09-18,207.8537
2008-09-19,207.9192
2008-09-22,208.1159
2008-09-23,208.1815
2008-09-25,208.3128
2008-09-26,208.3785
2008-09-29,208.5757
2008-09-30,208.6416
2008-10-01,208.7074
2008-10-02,208.7732
2008-10-03,208.8391
2008-10-06,209.037
2008-10-07,209.103
2008-10-08,209.169
2008-10-09,209.2351
2008-10-10,209.3012
2008-10-13,209.4996
2008-10-14,209.5658
2008-10-15,209.632
2008-10-16,209.6983
2008-10-17,209.7646
2008-10-21,210.03
2008-10-22,210.0964
2008-10-23,210.1629
2008-10-24,210.2294
2008-10-27,210.4291
2008-10-28,210.4958
2008-10-29,210.5625
2008-10-30,210.6292
2008-10-31,210.6959
2008-11-03,210.8962
2008-11-04,210.9631
2008-11-05,211.0299
2008-11-06,211.0968
2008-11-07,211.1637
2008-11-10,211.3646
2008-11-11,211.4316
2008-11-12,211.4986
2008-11-13,211.5657
2008-11-14,211.6327
2008-11-17,211.8341
2008-11-18,211.9013
2008-11-19,211.9685
2008-11-20,212.0357
2008-11-21,212.103
2008-11-24,212.3048
2008-11-25,212.3721
2008-11-26,212.4394
2008-11-27,212.5067
2008-11-28,212.574
2008-12-01,212.776
2008-12-02,212.8434
2008-12-03,212.9107
2008-12-04,212.9781
2008-12-05,213.0454
2008-12-08,213.2474
2008-12-09,213.3147
2008-12-10,213.3819
2008-12-11,213.4492
2008-12-12,213.5164
2008-12-15,213.7181
2008-12-17,213.8525
2008-12-18,213.9196
2008-12-19,213.9867
2008-12-22,214.1879
2008-12-23,214.255
2008-12-24,214.322
2008-12-29,214.6566
2008-12-30,214.7234
2008-12-31,214.7902
2009-01-02,214.9237
2009-01-05,215.1237
2009-01-06,215.1903
2009-01-07,215.2569
2009-01-08,215.3235
2009-01-09,215.39
2009-01-12,215.5894
2009-01-13,215.6558
2009-01-14,215.7222
2009-01-15,215.7885
2009-01-16,215.8548
2009-01-19,216.0536
2009-01-20,216.1198
2009-01-21,216.1859
2009-01-22,216.2521
2009-01-23,216.3182
2009-01-26,216.5164
2009-01-27,216.5824
2009-01-28,216.6483
2009-01-29,216.7142
2009-01-30,216.7801
2009-02-02,216.9776
2009-02-03,217.0433
2009-02-04,217.109
2009-02-05,217.1747
2009-02-06,217.2403
2009-02-09,217.4368
2009-02-10,217.5022
2009-02-11,217.5675
2009-02-12,217.6327
2009-02-13,217.6978
2009-02-16,217.8926
2009-02-17,217.9574
2009-02-18,218.0221
2009-02-19,218.0866
2009-02-20,218.1511
2009-02-23,218.3441
2009-02-24,218.4082
2009-02-25,218.4722
2009-02-26,218.5361
2009-02-27,218.6
2009-03-02,218.7909
2009-03-03,218.8544
2009-03-04,218.9177
2009-03-05,218.981
2009-03-06,219.0442
2009-03-09,219.2332
2009-03-10,219.296
2009-03-11,219.3587
2009-03-12,219.4213
2009-03-13,219.4839
2009-03-16,219.6713
2009-03-17,219.7336
2009-03-18,219.7959
2009-03-19,219.858
2009-03-20,219.9201
2009-03-23,220.106
2009-03-24,220.1678
2009-03-25,220.2295
2009-03-26,220.2911
2009-03-27,220.3526
2009-03-30,220.5365
2009-03-31,220.5976
2009-04-01,220.6586
2009-04-02,220.7195
2009-04-03,220.7802
2009-04-06,220.9619
2009-04-07,221.0222
2009-04-08,221.0824
2009-04-09,221.1425
2009-04-14,221.4413
2009-04-15,221.5008
2009-04-16,221.5601
2009-04-17,221.6193
2009-04-20,221.7963
2009-04-21,221.855
2009-04-23,221.9722
2009-04-24,222.0306
2009-04-28,222.263
2009-04-29,222.3208
2009-04-30,222.3786
2009-05-04,222.6086
2009-05-05,222.6659
2009-05-06,222.7231
2009-05-07,222.7801
2009-05-08,222.837
2009-05-11,223.0071
2009-05-12,223.0636
2009-05-13,223.1199
2009-05-14,223.1762
2009-05-15,223.2323
2009-05-18,223.4
2009-05-19,223.4557
2009-05-20,223.5112
2009-05-21,223.5667
2009-05-22,223.622
2009-05-25,223.7873
2009-05-26,223.8421
2009-05-27,223.8969
2009-05-28,223.9515
2009-05-29,224.006
2009-06-01,224.1687
2009-06-02,224.2227
2009-06-03,224.2765
2009-06-04,224.3301
2009-06-05,224.3836
2009-06-08,224.5434
2009-06-09,224.5965
2009-06-10,224.6494
2009-06-11,224.7022
2009-06-12,224.7548
2009-06-15,224.9122
2009-06-17,225.0164
2009-06-18,225.0684
2009-06-19,225.1203
2009-06-22,225.2753
2009-06-23,225.3268
2009-06-24,225.3781
2009-06-25,225.4294
2009-06-26,225.4805
2009-06-29,225.6335
2009-06-30,225.6843
2009-07-01,225.735
2009-07-02,225.7857
2009-07-03,225.8362
2009-07-06,225.9876
2009-07-07,226.0379
2009-07-08,226.0882
2009-07-09,226.1384
2009-07-10,226.1885
2009-07-13,226.3385
2009-07-14,226.3884
2009-07-15,226.4383
2009-07-16,226.488
2009-07-17,226.5378
2009-07-20,226.6866
2009-07-21,226.7361
2009-07-22,226.7856
2009-07-23,226.835
2009-07-24,226.8843
2009-07-27,227.0321
2009-07-28,227.0813
2009-07-29,227.1304
2009-07-30,227.1794
2009-07-31,227.2285
2009-08-03,227.3753
2009-08-04,227.4241
2009-08-05,227.473
2009-08-06,227.5218
2009-08-07,227.5705
2009-08-11,227.7653
2009-08-12,227.8139
2009-08-13,227.8625
2009-08-14,227.9111
2009-08-17,228.0566
2009-08-18,228.105
2009-08-19,228.1534
2009-08-20,228.2017
2009-08-21,228.2499
2009-08-24,228.3944
2009-08-25,228.4425
2009-08-26,228.4905
2009-08-27,228.5385
2009-08-28,228.5864
2009-08-31,228.7301
2009-09-01,228.7779
2009-09-02,228.8257
2009-09-03,228.8734
2009-09-04,228.9211
2009-09-07,229.064
2009-09-08,229.1115
2009-09-09,229.159
2009-09-10,229.2065
2009-09-11,229.2539
2009-09-14,229.3959
2009-09-15,229.4432
2009-09-16,229.4904
2009-09-17,229.5376
2009-09-18,229.5847
2009-09-21,229.726
2009-09-22,229.7731
2009-09-23,229.8201
2009-09-25,229.9141
2009-09-28,230.0549
2009-09-29,230.1018
2009-09-30,230.1487
2009-10-01,230.1955
2009-10-02,230.2423
2009-10-05,230.3826
2009-10-06,230.4293
2009-10-07,230.4759
2009-10-08,230.5226
2009-10-09,230.5692
2009-10-12,230.709
2009-10-13,230.7555
2009-10-14,230.802
2009-10-15,230.8485
2009-10-16,230.895
2009-10-19,231.0343
2009-10-20,231.0807
2009-10-21,231.127
2009-10-22,231.1734
2009-10-23,231.2197
2009-10-26,231.3585
2009-10-27,231.4047
2009-10-28,231.4509
2009-10-29,231.4971
2009-10-30,231.5433
2009-11-02,231.6818
2009-11-03,231.7279
2009-11-04,231.774
2009-11-05,231.8201
2009-11-06,231.8661
2009-11-09,232.0042
2009-11-10,232.0502
2009-11-11,232.0962
2009-11-12,232.1422
2009-11-13,232.1881
2009-11-16,232.3259
2009-11-17,232.3718
2009-11-18,232.4178
2009-11-19,232.4637
2009-11-20,232.5096
2009-11-23,232.6473
2009-11-24,232.6932
2009-11-25,232.7391
2009-11-26,232.785
2009-11-27,232.8309
2009-11-30,232.9687
2009-12-01,233.0146
2009-12-02,233.0606
2009-12-03,233.1065
2009-12-04,233.1525
2009-12-07,233.2904
2009-12-08,233.3364
2009-12-09,233.3824
2009-12-10,233.4285
2009-12-11,233.4745
2009-12-14,233.6127
2009-12-15,233.6588
2009-12-17,233.751
2009-12-18,233.7971
2009-12-21,233.9355
2009-12-22,233.9817
2009-12-23,234.0279
2009-12-24,234.0741
2009-12-28,234.259
2009-12-29,234.3053
2009-12-30,234.3515
2009-12-31,234.3978
2010-01-04,234.5829
2010-01-05,234.6292
2010-01-06,234.6755
2010-01-07,234.7218
2010-01-08,234.7681
2010-01-11,234.907
2010-01-12,234.9533
2010-01-13,234.9996
2010-01-14,235.0459
2010-01-15,235.0922
2010-01-18,235.2312
2010-01-19,235.2775
2010-01-20,235.3238
2010-01-21,235.3701
2010-01-22,235.4164
2010-01-25,235.5553
2010-01-26,235.6016
2010-01-27,235.6479
2010-01-28,235.6942
2010-01-29,235.7405
2010-02-01,235.8794
2010-02-02,235.9257
2010-02-03,235.972
2010-02-04,236.0183
2010-02-05,236.0645
2010-02-08,236.2033
2010-02-09,236.2496
2010-02-10,236.2959
2010-02-11,236.3422
2010-02-12,236.3884
2010-02-15,236.5273
2010-02-16,236.5737
2010-02-17,236.62
2010-02-18,236.6664
2010-02-19,236.7127
2010-02-22,236.8518
2010-02-23,236.8982
2010-02-24,236.9446
2010-02-25,236.991
2010-02-26,237.0374
2010-03-01,237.1767
2010-03-02,237.2232
2010-03-03,237.2696
2010-03-04,237.3161
2010-03-05,237.3626
2010-03-08,237.502
2010-03-09,237.5485
2010-03-10,237.595
2010-03-11,237.6415
2010-03-12,237.688
2010-03-15,237.8276
2010-03-16,237.8741
2010-03-17,237.9207
2010-03-18,237.9672
2010-03-19,238.0138
2010-03-23,238.2001
2010-03-24,238.2466
2010-03-25,238.2932
2010-03-26,238.3398
2010-03-29,238.4795
2010-03-30,238.5261
2010-03-31,238.5726
2010-04-01,238.619
2010-04-06,238.8511
2010-04-07,238.8974
2010-04-08,238.9437
2010-04-09,238.99
2010-04-12,239.1287
2010-04-13,239.1748
2010-04-14,239.221
2010-04-15,239.267
2010-04-16,239.3131
2010-04-19,239.4511
2010-04-20,239.4971
2010-04-21,239.543
2010-04-22,239.5889
2010-04-23,239.6347
2010-04-26,239.772
2010-04-28,239.8634
2010-04-29,239.9091
2010-04-30,239.9547
2010-05-03,240.0915
2010-05-04,240.137
2010-05-05,240.1826
2010-05-06,240.2281
2010-05-07,240.2736
2010-05-10,240.41
2010-05-11,240.4554
2010-05-12,240.5008
2010-05-13,240.5462
2010-05-14,240.5916
2010-05-17,240.7277
2010-05-18,240.773
2010-05-19,240.8183
2010-05-20,240.8636
2010-05-21,240.9089
2010-05-24,241.0447
2010-05-25,241.0899
2010-05-26,241.1351
2010-05-27,241.1803
2010-05-28,241.2255
2010-05-31,241.361
2010-06-01,241.4062
2010-06-02,241.4513
2010-06-03,241.4964
2010-06-04,241.5415
2010-06-07,241.6767
2010-06-08,241.7217
2010-06-09,241.7668
2010-06-10,241.8118
2010-06-11,241.8568
2010-06-14,241.9916
2010-06-15,242.0366
2010-06-17,242.1264
2010-06-18,242.1713
2010-06-21,242.3058
2010-06-22,242.3507
2010-06-23,242.3955
2010-06-24,242.4403
2010-06-25,242.4851
2010-06-28,242.6194
2010-06-29,242.6642
2010-06-30,242.7089
2010-07-01,242.7537
2010-07-02,242.7984
2010-07-05,242.9326
2010-07-06,242.9773
2010-07-07,243.022
2010-07-08,243.0667
2010-07-09,243.1114
2010-07-12,243.2454
2010-07-13,243.2901
2010-07-14,243.3347
2010-07-15,243.3794
2010-07-16,243.424
2010-07-19,243.5578
2010-07-20,243.6024
2010-07-21,243.647
2010-07-22,243.6916
2010-07-23,243.7361
2010-07-26,243.8697
2010-07-27,243.9142
2010-07-28,243.9588
2010-07-30,244.0478
2010-08-02,244.1812
2010-08-03,244.2257
2010-08-04,244.2701
2010-08-05,244.3145
2010-08-06,244.359
2010-08-10,244.5366
2010-08-11,244.581
2010-08-12,244.6254
2010-08-13,244.6697
2010-08-16,244.8028
2010-08-17,244.8471
2010-08-18,244.8915
2010-08-19,244.9358
2010-08-20,244.9801
2010-08-23,245.113
2010-08-24,245.1573
2010-08-25,245.2016
2010-08-26,245.2458
2010-08-27,245.2901
2010-08-30,245.4227
2010-08-31,245.4669
2010-09-01,245.5111
2010-09-02,245.5553
2010-09-03,245.5994
2010-09-06,245.7318
2010-09-07,245.7758
2010-09-08,245.8199
2010-09-09,245.864
2010-09-10,245.908
2010-09-13,246.0399
2010-09-14,246.0838
2010-09-15,246.1277
2010-09-16,246.1715
2010-09-17,246.2153
2010-09-20,246.3463
2010-09-21,246.39
2010-09-22,246.4335
2010-09-23,246.4771
2010-09-27,246.6509
2010-09-28,246.6943
2010-09-29,246.7377
2010-09-30,246.781
2010-10-01,246.8242
2010-10-04,246.9538
2010-10-05,246.997
2010-10-06,247.0401
2010-10-07,247.0832
2010-10-08,247.1262
2010-10-11,247.2551
2010-10-12,247.298
2010-10-13,247.3409
2010-10-14,247.3837
2010-10-15,247.4266
2010-10-18,247.5549
2010-10-19,247.5977
2010-10-20,247.6404
2010-10-21,247.6831
2010-10-22,247.7258
2010-10-25,247.8538
2010-10-26,247.8964
2010-10-27,247.9389
2010-10-28,247.9815
2010-10-29,248.024
2010-11-01,248.1515
2010-11-02,248.1939
2010-11-03,248.2363
2010-11-04,248.2787
2010-11-05,248.3211
2010-11-08,248.448
2010-11-09,248.4903
2010-11-10,248.5325
2010-11-11,248.5747
2010-11-12,248.6169
2010-11-15,248.7433
2010-11-16,248.7853
2010-11-17,248.8274
2010-11-18,248.8694
2010-11-19,248.9114
2010-11-22,249.0371
2010-11-23,249.079
2010-11-24,249.1207
2010-11-25,249.1624
2010-11-26,249.2041
2010-11-29,249.3288
2010-11-30,249.3703
2010-12-01,249.4117
2010-12-02,249.4531
2010-12-03,249.4944
2010-12-06,249.6181
2010-12-07,249.6593
2010-12-08,249.7004
2010-12-09,249.7415
2010-12-10,249.7825
2010-12-13,249.9053
2010-12-14,249.9462
2010-12-15,249.987
2010-12-17,250.0685
2010-12-20,250.1905
2010-12-21,250.2311
2010-12-22,250.2716
2010-12-23,250.3121
2010-12-24,250.353
2010-12-27,250.474
2010-12-28,250.514
2010-12-29,250.555
2010-12-30,250.595
2010-12-31,250.6353
2011-01-03,250.756
2011-01-04,250.7962
2011-01-05,250.8364
2011-01-06,250.8766
2011-01-07,250.9167
2011-01-10,251.0369
2011-01-11,251.0769
2011-01-12,251.1169
2011-01-13,251.1568
2011-01-14,251.1967
2011-01-17,251.3164
2011-01-18,251.3563
2011-01-19,251.3961
2011-01-20,251.4359
2011-01-21,251.4757
2011-01-24,251.5949
2011-01-25,251.6346
2011-01-26,251.6742
2011-01-27,251.7139
2011-01-28,251.7535
2011-01-31,251.8723
2011-02-01,251.9118
2011-02-02,251.9514
2011-02-03,251.9909
2011-02-04,252.0304
2011-02-07,252.1488
2011-02-08,252.1882
2011-02-09,252.2276
2011-02-10,252.267
2011-02-11,252.3064
2011-02-14,252.4244
2011-02-15,252.4637
2011-02-16,252.5029
2011-02-17,252.5422
2011-02-18,252.5815
2011-02-21,252.6992
2011-02-22,252.7384
2011-02-23,252.7776
2011-02-24,252.8168
2011-02-25,252.856
2011-02-28,252.9735
2011-03-01,253.0126
2011-03-02,253.0518
2011-03-03,253.0909
2011-03-04,253.1301
2011-03-07,253.2474
2011-03-08,253.2865
2011-03-09,253.3256
2011-03-10,253.3647
2011-03-11,253.4038
2011-03-14,253.521
2011-03-15,253.5601
2011-03-16,253.5992
2011-03-17,253.6382
2011-03-18,253.6773
2011-03-22,253.8334
2011-03-23,253.8725
2011-03-24,253.9115
2011-03-25,253.9505
2011-03-28,254.0675
2011-03-29,254.1065
2011-03-30,254.1455
2011-03-31,254.1845
2011-04-01,254.2235
2011-04-04,254.2623
2011-04-05,254.368
2011-04-06,254.4184
2011-04-07,254.4574
2011-04-08,254.4964
2011-04-11,254.6133
2011-04-12,254.6522
2011-04-13,254.6912
2011-04-14,254.7301
2011-04-15,254.7691
2011-04-18,254.886
2011-04-19,254.9249
2011-04-20,254.9639
2011-04-21,255.0029
2011-04-26,255.1977
2011-04-28,255.2756
2011-04-29,255.3145
2011-05-03,255.4704
2011-05-04,255.5094
2011-05-05,255.5483
2011-05-06,255.5873
2011-05-09,255.7042
2011-05-10,255.7432
2011-05-11,255.7821
2011-05-12,255.8211
2011-05-13,255.8601
2011-05-16,255.977
2011-05-17,256.016
2011-05-19,256.0939
2011-05-20,256.1329
2011-05-23,256.2499
2011-05-24,256.2889
2011-05-25,256.3279
2011-05-26,256.3669
2011-05-27,256.4059
2011-05-30,256.523
2011-05-31,256.5621
2011-06-01,256.6011
2011-06-02,256.6402
2011-06-03,256.6792
2011-06-06,256.7964
2011-06-07,256.8355
2011-06-08,256.8746
2011-06-09,256.9136
2011-06-10,256.9527
2011-06-13,257.07
2011-06-14,257.1091
2011-06-15,257.1482
2011-06-17,257.2265
2011-06-20,257.3438
2011-06-21,257.383
2011-06-22,257.4221
2011-06-23,257.4612
2011-06-24,257.5004
2011-06-27,257.6178
2011-06-28,257.657
2011-06-29,257.6961
2011-06-30,257.7353
2011-07-01,257.7745
2011-07-04,257.892
2011-07-05,257.9312
2011-07-06,257.9704
2011-07-07,258.0096
2011-07-08,258.0488
2011-07-11,258.1664
2011-07-12,258.2057
2011-07-13,258.2449
2011-07-14,258.2841
2011-07-15,258.3234
2011-07-18,258.4411
2011-07-19,258.4804
2011-07-20,258.5197
2011-07-21,258.5589
2011-07-22,258.5982
2011-07-25,258.716
2011-07-26,258.7553
2011-07-27,258.7946
2011-07-28,258.8339
2011-07-29,258.8732
2011-08-01,258.9911
2011-08-02,259.0305
2011-08-03,259.0698
2011-08-04,259.1091
2011-08-05,259.1484
2011-08-08,259.2665
2011-08-10,259.3452
2011-08-11,259.3845
2011-08-12,259.4239
2011-08-15,259.542
2011-08-16,259.5814
2011-08-17,259.6208
2011-08-18,259.6601
2011-08-19,259.6995
2011-08-22,259.8177
2011-08-23,259.8571
2011-08-24,259.8965
2011-08-25,259.9359
2011-08-26,259.9753
2011-08-29,260.0935
2011-08-30,260.1329
2011-08-31,260.1723
2011-09-01,260.2117
2011-09-02,260.2511
2011-09-05,260.3693
2011-09-06,260.4087
2011-09-07,260.4481
2011-09-08,260.4875
2011-09-09,260.5269
2011-09-12,260.6452
2011-09-13,260.6846
2011-09-14,260.724
2011-09-15,260.7634
2011-09-16,260.8028
2011-09-19,260.9211
2011-09-20,260.9605
2011-09-21,260.9999
2011-09-22,261.0393
2011-09-23,261.0787
2011-09-26,261.1971
2011-09-27,261.2365
2011-09-28,261.2759
2011-09-29,261.3154
2011-09-30,261.3548
2011-10-03,261.4732
2011-10-04,261.5126
2011-10-05,261.5521
2011-10-06,261.5916
2011-10-07,261.631
2011-10-10,261.7494
2011-10-11,261.7889
2011-10-12,261.8284
2011-10-13,261.8678
2011-10-14,261.9073
2011-10-17,262.0258
2011-10-18,262.0652
2011-10-19,262.1047
2011-10-20,262.1442
2011-10-21,262.1837
2011-10-24,262.3022
2011-10-25,262.3417
2011-10-26,262.3812
2011-10-27,262.4207
2011-10-28,262.4602
2011-10-31,262.5788
2011-11-01,262.6183
2011-11-02,262.6578
2011-11-03,262.6974
2011-11-04,262.7369
2011-11-07,262.8555
2011-11-08,262.8951
2011-11-09,262.9346
2011-11-10,262.9742
2011-11-11,263.0137
2011-11-14,263.1323
2011-11-15,263.1719
2011-11-16,263.2115
2011-11-17,263.251
2011-11-18,263.2906
2011-11-21,263.4093
2011-11-22,263.4489
2011-11-23,263.4885
2011-11-24,263.5281
2011-11-25,263.5677
2011-11-28,263.6866
2011-11-29,263.7262
2011-11-30,263.7658
2011-12-01,263.8055
2011-12-02,263.8452
2011-12-05,263.9641
2011-12-06,264.0038
2011-12-07,264.0435
2011-12-08,264.0832
2011-12-09,264.1229
2011-12-12,264.242
2011-12-13,264.2817
2011-12-14,264.3214
2011-12-15,264.3612
2011-12-19,264.5202
2011-12-20,264.56
2011-12-21,264.5998
2011-12-22,264.6396
2011-12-23,264.6794
2011-12-28,264.8785
2011-12-29,264.9184
2011-12-30,264.9581
2012-01-03,265.1177
2012-01-04,265.1576
2012-01-05,265.1975
2012-01-06,265.2375
2012-01-09,265.3574
2012-01-10,265.3973
2012-01-11,265.4373
2012-01-12,265.4773
2012-01-13,265.5173
2012-01-16,265.6374
2012-01-17,265.6774
2012-01-18,265.717
2012-01-19,265.7574
2012-01-20,265.7975
2012-01-23,265.9176
2012-01-24,265.9577
2012-01-25,265.9977
2012-01-26,266.0378
2012-01-27,266.0779
2012-01-30,266.1982
2012-01-31,266.2382
2012-02-01,266.2783
2012-02-02,266.3184
2012-02-03,266.3585
2012-02-06,266.4788
2012-02-07,266.519
2012-02-08,266.5591
2012-02-09,266.5992
2012-02-10,266.6393
2012-02-13,266.7597
2012-02-14,266.7999
2012-02-15,266.84
2012-02-16,266.8802
2012-02-17,266.9203
2012-02-20,267.0409
2012-02-21,267.0811
2012-02-22,267.1213
2012-02-23,267.1615
2012-02-24,267.2018
2012-02-27,267.3225
2012-02-28,267.3627
2012-02-29,267.403
2012-03-01,267.4433
2012-03-02,267.4836
2012-03-05,267.6045
2012-03-06,267.6448
2012-03-07,267.6852
2012-03-08,267.7255
2012-03-09,267.7658
2012-03-12,267.8869
2012-03-13,267.9273
2012-03-14,267.9677
2012-03-15,268.0081
2012-03-16,268.0486
2012-03-19,268.1699
2012-03-20,268.2103
2012-03-22,268.2913
2012-03-23,268.3318
2012-03-26,268.4532
2012-03-27,268.4938
2012-03-28,268.5343
2012-03-29,268.5748
2012-03-30,268.6154
2012-04-02,268.737
2012-04-03,268.7776
2012-04-04,268.8181
2012-04-05,268.8587
2012-04-10,269.0618
2012-04-11,269.1024
2012-04-12,269.1431
2012-04-13,269.1837
2012-04-16,269.3058
2012-04-17,269.3465
2012-04-18,269.3872
2012-04-19,269.428
2012-04-20,269.4687
2012-04-23,269.5909
2012-04-24,269.6317
2012-04-25,269.6725
2012-04-26,269.7133
2012-04-30,269.8765
2012-05-02,269.9581
2012-05-03,269.999
2012-05-04,270.0398
2012-05-07,270.1624
2012-05-08,270.2033
2012-05-09,270.2442
2012-05-10,270.2851
2012-05-11,270.326
2012-05-14,270.4484
2012-05-15,270.4893
2012-05-16,270.5303
2012-05-17,270.5712
2012-05-18,270.6121
2012-05-21,270.735
2012-05-22,270.7759
2012-05-23,270.8169
2012-05-24,270.8578
2012-05-25,270.8988
2012-05-28,271.0218
2012-05-29,271.0628
2012-05-30,271.1038
2012-05-31,271.1448
2012-06-01,271.1859
2012-06-04,271.309
2012-06-05,271.35
2012-06-06,271.391
2012-06-07,271.4321
2012-06-08,271.4731
2012-06-11,271.5963
2012-06-12,271.6374
2012-06-13,271.6785
2012-06-14,271.7195
2012-06-15,271.7607
2012-06-18,271.8839
2012-06-19,271.925
2012-06-20,271.9661
2012-06-21,272.0072
2012-06-22,272.0483
2012-06-25,272.1717
2012-06-26,272.2128
2012-06-27,272.2539
2012-06-28,272.295
2012-06-29,272.3362
2012-07-02,272.4596
2012-07-03,272.5007
2012-07-04,272.5418
2012-07-05,272.583
2012-07-06,272.6241
2012-07-09,272.7476
2012-07-10,272.7888
2012-07-11,272.8299
2012-07-12,272.8711
2012-07-13,272.9123
2012-07-16,273.0358
2012-07-17,273.0769
2012-07-18,273.1181
2012-07-19,273.1593
2012-07-20,273.2004
2012-07-23,273.3238
2012-07-24,273.3649
2012-07-25,273.4059
2012-07-26,273.4469
2012-07-27,273.4879
2012-07-30,273.6106
2012-07-31,273.6514
2012-08-01,273.6922
2012-08-02,273.733
2012-08-03,273.7737
2012-08-06,273.8957
2012-08-07,273.9363
2012-08-08,273.9769
2012-08-10,274.0579
2012-08-13,274.1792
2012-08-14,274.2196
2012-08-15,274.2599
2012-08-16,274.3002
2012-08-17,274.3405
2012-08-20,274.4612
2012-08-21,274.5013
2012-08-22,274.5414
2012-08-23,274.5815
2012-08-24,274.6216
2012-08-27,274.7416
2012-08-28,274.7816
2012-08-29,274.8216
2012-08-30,274.8616
2012-08-31,274.9015
2012-09-03,275.0212
2012-09-04,275.0611
2012-09-05,275.101
2012-09-06,275.1408
2012-09-07,275.1806
2012-09-10,275.3
2012-09-11,275.3397
2012-09-12,275.3794
2012-09-13,275.4191
2012-09-14,275.4588
2012-09-17,275.5778
2012-09-18,275.6174
2012-09-19,275.657
2012-09-20,275.6966
2012-09-21,275.7362
2012-09-25,275.8943
2012-09-26,275.9337
2012-09-27,275.9732
2012-09-28,276.0126
2012-10-01,276.1307
2012-10-02,276.17
2012-10-03,276.2093
2012-10-04,276.2485
2012-10-05,276.2878
2012-10-08,276.4054
2012-10-09,276.4445
2012-10-10,276.4837
2012-10-11,276.5229
2012-10-12,276.562
2012-10-15,276.6793
2012-10-16,276.7183
2012-10-17,276.7573
2012-10-18,276.7964
2012-10-19,276.8354
2012-10-22,276.9524
2012-10-23,276.9914
2012-10-24,277.0304
2012-10-25,277.0694
2012-10-26,277.1083
2012-10-29,277.2253
2012-10-30,277.2642
2012-10-31,277.3032
2012-11-01,277.3421
2012-11-02,277.381
2012-11-05,277.4978
2012-11-06,277.5367
2012-11-07,277.5757
2012-11-08,277.6146
2012-11-09,277.6534
2012-11-12,277.7701
2012-11-13,277.809
2012-11-14,277.8479
2012-11-15,277.8867
2012-11-16,277.9256
2012-11-19,278.0422
2012-11-20,278.081
2012-11-21,278.1199
2012-11-22,278.1587
2012-11-23,278.1976
2012-11-26,278.3141
2012-11-27,278.3529
2012-11-28,278.3917
2012-11-29,278.4305
2012-11-30,278.4693
2012-12-03,278.5858
2012-12-04,278.6246
2012-12-05,278.6634
2012-12-06,278.7022
2012-12-07,278.7411
2012-12-10,278.8575
2012-12-11,278.8963
2012-12-12,278.9351
2012-12-13,278.9739
2012-12-14,279.0127
2012-12-17,279.1292
2012-12-18,279.1679
2012-12-19,279.2068
2012-12-20,279.2455
2012-12-21,279.2843
2012-12-24,279.4007
2012-12-25,279.4395
2012-12-26,279.4783
2012-12-27,279.5171
2012-12-28,279.5558
2012-12-31,279.6721
2013-01-01,279.7109
2013-01-02,279.7497
2013-01-03,279.7885
2013-01-04,279.8272
2013-01-07,279.9435
2013-01-08,279.9823
2013-01-09,280.021
2013-01-10,280.0598
2013-01-11,280.0985
2013-01-14,280.2148
2013-01-15,280.2535
2013-01-16,280.2922
2013-01-17,280.331
2013-01-18,280.3697
2013-01-21,280.4859
2013-01-22,280.5247
2013-01-23,280.5634
2013-01-24,280.6021
2013-01-25,280.6409
2013-01-28,280.7572
2013-01-29,280.796
2013-01-30,280.8347
2013-01-31,280.8735
2013-02-01,280.9123
2013-02-04,281.0287
2013-02-05,281.0674
2013-02-06,281.1062
2013-02-07,281.145
2013-02-08,281.1838
2013-02-11,281.3002
2013-02-12,281.3391
2013-02-13,281.3779
2013-02-14,281.4167
2013-02-15,281.4555
2013-02-18,281.572
2013-02-19,281.6108
2013-02-20,281.6497
2013-02-21,281.6885
2013-02-22,281.7273
2013-02-25,281.8439
2013-02-26,281.8827
2013-02-27,281.9216
2013-02-28,281.9604
2013-03-01,281.9993
2013-03-04,282.1159
2013-03-05,282.1548
2013-03-06,282.1937
2013-03-07,282.2326
2013-03-08,282.2715
2013-03-11,282.3882
2013-03-12,282.4271
2013-03-13,282.466
2013-03-14,282.5049
2013-03-15,282.5439
2013-03-18,282.6607
2013-03-19,282.6996
2013-03-20,282.7386
2013-03-21,282.7776
2013-03-22,282.8165
2013-03-25,282.9335
2013-03-26,282.9725
2013-03-27,283.0114
2013-03-28,283.0505
2013-03-29,283.0895
2013-04-01,283.2065
2013-04-02,283.2456
2013-04-03,283.2846
2013-04-04,283.3237
2013-04-05,283.3628
2013-04-08,283.4799
2013-04-09,283.519
2013-04-10,283.5581
2013-04-11,283.5972
2013-04-12,283.6363
2013-04-15,283.7536
2013-04-16,283.7928
2013-04-17,283.8319
2013-04-18,283.871
2013-04-19,283.9102
2013-04-22,284.0276
2013-04-23,284.0667
2013-04-24,284.1059
2013-04-25,284.1451
2013-04-26,284.1842
2013-04-29,284.3018
2013-04-30,284.3409
2013-05-01,284.3801
2013-05-02,284.4193
2013-05-03,284.4585
2013-05-06,284.5761
2013-05-07,284.6153
2013-05-08,284.6545
2013-05-09,284.6938
2013-05-10,284.733
2013-05-13,284.8506
2013-05-14,284.8899
2013-05-15,284.9291
2013-05-16,284.9683
2013-05-17,285.0075
2013-05-20,285.1252
2013-05-21,285.1645
2013-05-22,285.2037
2013-05-23,285.243
2013-05-24,285.2822
2013-05-27,285.4
2013-05-28,285.4393
2013-05-29,285.4785
2013-05-30,285.5178
2013-05-31,285.5571
2013-06-03,285.675
2013-06-04,285.7143
2013-06-05,285.7536
2013-06-06,285.7929
2013-06-07,285.8322
2013-06-10,285.9503
2013-06-11,285.9896
2013-06-12,286.029
2013-06-13,286.0684
2013-06-14,286.1078
2013-06-17,286.226
2013-06-18,286.2654
2013-06-19,286.3048
2013-06-20,286.3442
2013-06-21,286.3837
2013-06-24,286.5021
2013-06-25,286.5416
2013-06-26,286.5811
2013-06-27,286.6205
2013-06-28,286.6601
2013-07-01,286.7786
2013-07-02,286.8182
2013-07-03,286.8577
2013-07-04,286.8973
2013-07-05,286.9368
2013-07-08,287.0556
2013-07-09,287.0952
2013-07-10,287.1348
2013-07-11,287.1744
2013-07-12,287.214
2013-07-15,287.3329
2013-07-16,287.3726
2013-07-17,287.4123
2013-07-18,287.4519
2013-07-19,287.4916
2013-07-22,287.6107
2013-07-23,287.6505
2013-07-24,287.6902
2013-07-25,287.7299
2013-07-26,287.7697
2013-07-29,287.8891
2013-07-30,287.9289
2013-07-31,287.9687
2013-08-01,288.0085
2013-08-02,288.0483
2013-08-05,288.1679
2013-08-06,288.2078
2013-08-07,288.2477
2013-08-08,288.2875
2013-08-09,288.3274
2013-08-12,288.4472
2013-08-13,288.4871
2013-08-14,288.527
2013-08-15,288.567
2013-08-16,288.607
2013-08-19,288.7269
2013-08-20,288.7669
2013-08-21,288.8069
2013-08-22,288.8469
2013-08-23,288.8869
2013-08-26,289.0071
2013-08-27,289.0472
2013-08-28,289.0873
2013-08-29,289.1274
2013-08-30,289.1675
2013-09-02,289.288
2013-09-03,289.3281
2013-09-04,289.3683
2013-09-05,289.4085
2013-09-06,289.4487
2013-09-09,289.5695
2013-09-10,289.6097
2013-09-11,289.65
2013-09-12,289.6902
2013-09-13,289.7305
2013-09-16,289.8514
2013-09-17,289.8918
2013-09-18,289.9321
2013-09-19,289.9724
2013-09-20,290.0128
2013-09-23,290.1339
2013-09-24,290.1742
2013-09-25,290.2146
2013-09-26,290.255
2013-09-27,290.2954
2013-09-30,290.4167
2013-10-01,290.4571
2013-10-02,290.4976
2013-10-03,290.538
2013-10-04,290.5785
2013-10-07,290.7
2013-10-08,290.7404
2013-10-09,290.7809
2013-10-10,290.8215
2013-10-11,290.862
2013-10-14,290.9836
2013-10-15,291.0242
2013-10-16,291.0648
2013-10-17,291.1054
2013-10-18,291.146
2013-10-21,291.2678
2013-10-22,291.3084
2013-10-23,291.3491
2013-10-24,291.3897
2013-10-25,291.4304
2013-10-28,291.5525
2013-10-29,291.5931
2013-10-30,291.6339
2013-10-31,291.6746
2013-11-01,291.7153
2013-11-04,291.8376
2013-11-05,291.8784
2013-11-06,291.9191
2013-11-07,291.96
2013-11-08,292.0008
2013-11-11,292.1233
2013-11-12,292.1642
2013-11-13,292.2051
2013-11-14,292.246
2013-11-15,292.2869
2013-11-18,292.4098
2013-11-19,292.4508
2013-11-20,292.4918
2013-11-21,292.5328
2013-11-22,292.5738
2013-11-25,292.697
2013-11-26,292.7381
2013-11-27,292.7792
2013-11-28,292.8203
2013-11-29,292.8615
2013-12-02,292.9849
2013-12-03,293.0261
2013-12-04,293.0673
2013-12-05,293.1085
2013-12-06,293.1497
2013-12-09,293.2735
2013-12-10,293.3148
2013-12-11,293.3561
2013-12-12,293.3974
2013-12-13,293.4388
2013-12-16,293.5628
2013-12-17,293.6042
2013-12-18,293.6456
2013-12-19,293.687
2013-12-20,293.7285
2013-12-23,293.8528
2013-12-24,293.8943
2013-12-25,293.9358
2013-12-26,293.9773
2013-12-27,294.0189
2013-12-30,294.1436
2013-12-31,294.1851
2014-01-01,294.2267
2014-01-02,294.2683
2014-01-03,294.31
2014-01-06,294.4349
2014-01-07,294.4766
2014-01-08,294.5183
2014-01-09,294.56
2014-01-10,294.6018
2014-01-13,294.727
2014-01-14,294.7688
2014-01-15,294.8106
2014-01-16,294.8524
2014-01-17,294.8943
2014-01-20,295.0198
2014-01-21,295.0617
2014-01-22,295.1036
2014-01-23,295.1455
2014-01-24,295.1874
2014-01-27,295.3133
2014-01-28,295.3553
2014-01-29,295.3973
2014-01-30,295.4394
2014-01-31,295.4815
2014-02-03,295.6081
2014-02-04,295.6505
2014-02-05,295.6929
2014-02-06,295.7353
2014-02-07,295.7778
2014-02-10,295.9056
2014-02-11,295.9484
2014-02-12,295.9911
2014-02-13,296.034
2014-02-14,296.0769
2014-02-17,296.2059
2014-02-18,296.249
2014-02-19,296.2921
2014-02-20,296.3354
2014-02-21,296.3786
2014-02-24,296.5088
2014-02-25,296.5523
2014-02-26,296.5959
2014-02-27,296.6395
2014-02-28,296.6831
2014-03-03,296.8144
2014-03-04,296.8583
2014-03-05,296.9022
2014-03-06,296.9461
2014-03-07,296.9901
2014-03-10,297.1223
2014-03-11,297.1664
2014-03-12,297.2106
2014-03-13,297.2549
2014-03-14,297.2991
2014-03-17,297.4322
2014-03-18,297.4766
2014-03-19,297.5211
2014-03-20,297.5656
2014-03-21,297.6101
2014-03-24,297.744
2014-03-25,297.7888
2014-03-26,297.8335
2014-03-27,297.8783
2014-03-28,297.9232
2014-03-31,298.0579
2014-04-01,298.1029
2014-04-02,298.1479
2014-04-03,298.193
2014-04-04,298.2381
2014-04-07,298.3737
2014-04-08,298.419
2014-04-09,298.4643
2014-04-10,298.5097
2014-04-11,298.5551
2014-04-14,298.6914
2014-04-15,298.737
2014-04-16,298.7826
2014-04-17,298.8282
2014-04-18,298.8739
2014-04-21,299.0111
2014-04-22,299.0569
2014-04-23,299.1028
2014-04-24,299.1487
2014-04-25,299.1947
2014-04-28,299.3328
2014-04-29,299.3789
2014-04-30,299.4251
2014-05-01,299.4713
2014-05-02,299.5175
2014-05-05,299.6564
2014-05-06,299.7028
2014-05-07,299.7491
2014-05-08,299.7956
2014-05-09,299.842
2014-05-12,299.9815
2014-05-13,300.0281
2014-05-14,300.0746
2014-05-15,300.1213
2014-05-16,300.1679
2014-05-19,300.308
2014-05-20,300.3548
2014-05-21,300.4016
2014-05-22,300.4484
2014-05-23,300.4953
2014-05-26,300.636
2014-05-27,300.683
2014-05-28,300.7299
2014-05-29,300.777
2014-05-30,300.824
2014-06-02,300.9654
2014-06-03,301.0125
2014-06-04,301.0597
2014-06-05,301.107
2014-06-06,301.1542
2014-06-09,301.2961
2014-06-10,301.3434
2014-06-11,301.3908
2014-06-12,301.4382
2014-06-13,301.4856
2014-06-16,301.628
2014-06-17,301.6755
2014-06-18,301.7231
2014-06-19,301.7706
2014-06-20,301.8182
2014-06-23,301.9611
2014-06-24,302.0088
2014-06-25,302.0565
2014-06-26,302.1043
2014-06-27,302.152
2014-06-30,302.2955
2014-07-01,302.3434
2014-07-02,302.3913
2014-07-03,302.4392
2014-07-04,302.4872
2014-07-07,302.6312
2014-07-08,302.6792
2014-07-09,302.7273
2014-07-10,302.7755
2014-07-11,302.8236
2014-07-14,302.9682
2014-07-15,303.0164
2014-07-16,303.0648
2014-07-17,303.1131
2014-07-18,303.1614
2014-07-21,303.3067
2014-07-22,303.3552
2014-07-23,303.4037
2014-07-24,303.4522
2014-07-25,303.5008
2014-07-28,303.6468
2014-07-29,303.6956
2014-07-30,303.7443
2014-07-31,303.7931
2014-08-01,303.8419
2014-08-04,303.9886
2014-08-05,304.0375
2014-08-06,304.0865
2014-08-07,304.1355
2014-08-08,304.1845
2014-08-11,304.3318
2014-08-12,304.381
2014-08-13,304.4302
2014-08-14,304.4794
2014-08-15,304.5287
2014-08-18,304.6766
2014-08-19,304.726
2014-08-20,304.7754
2014-08-21,304.8248
2014-08-22,304.8743
2014-08-25,305.0229
2014-08-26,305.0724
2014-08-27,305.122
2014-08-28,305.1716
2014-08-29,305.2213
2014-09-01,305.3704
2014-09-02,305.4201
2014-09-03,305.4699
2014-09-04,305.5197
2014-09-05,305.5695
2014-09-08,305.7191
2014-09-09,305.769
2014-09-10,305.819
2014-09-11,305.869
2014-09-12,305.919
2014-09-15,306.0692
2014-09-16,306.1193
2014-09-17,306.1695
2014-09-18,306.2197
2014-09-19,306.2699
2014-09-22,306.4207
2014-09-23,306.4711
2014-09-24,306.5214
2014-09-25,306.5718
2014-09-26,306.6222
2014-09-29,306.7736
2014-09-30,306.8242
2014-10-01,306.8747
2014-10-02,306.9253
2014-10-03,306.9759
2014-10-06,307.1279
2014-10-07,307.1786
2014-10-08,307.2294
2014-10-09,307.2802
2014-10-10,307.331
2014-10-13,307.4836
2014-10-14,307.5345
2014-10-15,307.5855
2014-10-16,307.6364
2014-10-17,307.6875
2014-10-20,307.8406
2014-10-21,307.8917
2014-10-22,307.9428
2014-10-23,307.994
2014-10-24,308.0451
2014-10-27,308.1988
2014-10-28,308.25
2014-10-29,308.3013
2014-10-30,308.3526
2014-10-31,308.4039
2014-11-03,308.558
2014-11-04,308.6094
2014-11-05,308.6608
2014-11-06,308.7122
2014-11-07,308.7637
2014-11-10,308.9182
2014-11-11,308.9698
2014-11-12,309.0214
2014-11-13,309.073
2014-11-14,309.1246
2014-11-17,309.2795
2014-11-18,309.3312
2014-11-19,309.3829
2014-11-20,309.4346
2014-11-21,309.4864
2014-11-24,309.6417
2014-11-25,309.6935
2014-11-26,309.7453
2014-11-27,309.7971
2014-11-28,309.849
2014-12-01,310.0047
2014-12-02,310.0566
2014-12-03,310.1085
2014-12-04,310.1605
2014-12-05,310.2125
2014-12-08,310.3685
2014-12-09,310.4205
2014-12-10,310.4726
2014-12-11,310.5247
2014-12-12,310.5768
2014-12-15,310.7332
2014-12-16,310.7854
2014-12-17,310.8376
2014-12-18,310.8898
2014-12-19,310.9421
2014-12-22,311.0989
2014-12-23,311.1512
2014-12-24,311.2036
2014-12-25,311.2559
2014-12-26,311.3083
2014-12-29,311.4655
2014-12-30,311.5179
2014-12-31,311.5704
2015-01-01,311.6229
2015-01-02,311.6754
2015-01-05,311.833
2015-01-06,311.8856
2015-01-07,311.9382
2015-01-08,311.9908
2015-01-09,312.0434
2015-01-12,312.2014
2015-01-13,312.2542
2015-01-14,312.3069
2015-01-15,312.3596
2015-01-16,312.4124
2015-01-19,312.5708
2015-01-20,312.6237
2015-01-21,312.6765
2015-01-22,312.7294
2015-01-23,312.7823
2015-01-26,312.941
2015-01-27,312.994
2015-01-28,313.047
2015-01-29,313.0999
2015-01-30,313.153
2015-02-02,313.312
2015-02-03,313.3651
2015-02-04,313.4181
2015-02-05,313.4712
2015-02-06,313.5243
2015-02-09,313.6836
2015-02-10,313.7368
2015-02-11,313.7899
2015-02-12,313.8431
2015-02-13,313.8963
2015-02-16,314.0558
2015-02-17,314.1091
2015-02-18,314.1623
2015-02-19,314.2155
2015-02-20,314.2688
2015-02-23,314.4286
2015-02-24,314.4819
2015-02-25,314.5352
2015-02-26,314.5885
2015-02-27,314.6418
2015-03-02,314.8018
2015-03-03,314.8552
2015-03-04,314.9085
2015-03-05,314.9619
2015-03-06,315.0153
2015-03-09,315.1755
2015-03-10,315.229
2015-03-11,315.2824
2015-03-12,315.3359
2015-03-13,315.3893
2015-03-16,315.5498
2015-03-17,315.6033
2015-03-18,315.6569
2015-03-19,315.7104
2015-03-20,315.7639
2015-03-23,315.9247
2015-03-24,315.9783
2015-03-25,316.0319
2015-03-26,316.0855
2015-03-27,316.1391
2015-03-30,316.3001
2015-03-31,316.3538
2015-04-01,316.4075
2015-04-02,316.4612
2015-04-03,316.5149
2015-04-06,316.6761
2015-04-07,316.7299
2015-04-08,316.7836
2015-04-09,316.8374
2015-04-10,316.8912
2015-04-13,317.0526
2015-04-14,317.1065
2015-04-15,317.1603
2015-04-16,317.2142
2015-04-17,317.2681
2015-04-20,317.4297
2015-04-21,317.4837
2015-04-22,317.5376
2015-04-23,317.5916
2015-04-24,317.6455
2015-04-27,317.8075
2015-04-28,317.8615
2015-04-29,317.9155
2015-04-30,317.9695
2015-05-01,318.0236
2015-05-04,318.1858
2015-05-05,318.2399
2015-05-06,318.294
2015-05-07,318.3482
2015-05-08,318.4023
2015-05-11,318.5648
2015-05-12,318.619
2015-05-13,318.6732
2015-05-14,318.7275
2015-05-15,318.7817
2015-05-18,318.9445
2015-05-19,318.9988
2015-05-20,319.0531
2015-05-21,319.1075
2015-05-22,319.1618
2015-05-25,319.3249
2015-05-26,319.3793
2015-05-27,319.4338
2015-05-28,319.4882
2015-05-29,319.5427
2015-06-01,319.7061
2015-06-02,319.7607
2015-06-03,319.8152
2015-06-04,319.8698
2015-06-05,319.9243
2015-06-08,320.0882
2015-06-09,320.1428
2015-06-10,320.1975
2015-06-11,320.2522
2015-06-12,320.3069
2015-06-15,320.471
2015-06-16,320.5258
2015-06-17,320.5805
2015-06-18,320.6353
2015-06-19,320.69
2015-06-22,320.8544
2015-06-23,320.9093
2015-06-24,320.9641
2015-06-25,321.019
2015-06-26,321.0738
2015-06-29,321.2385
2015-06-30,321.2933
2015-07-01,321.3483
2015-07-02,321.4032
2015-07-03,321.4581
2015-07-06,321.6229
2015-07-07,321.6779
2015-07-08,321.7329
2015-07-09,321.7879
2015-07-10,321.8429
2015-07-13,322.0079
2015-07-14,322.063
2015-07-15,322.118
2015-07-16,322.1731
2015-07-17,322.2281
2015-07-20,322.3934
2015-07-21,322.4485
2015-07-22,322.5037
2015-07-23,322.5588
2015-07-24,322.614
2015-07-27,322.7796
2015-07-28,322.8349
2015-07-29,322.8902
2015-07-30,322.9455
2015-07-31,323.0009
2015-08-03,323.1671
2015-08-04,323.2226
2015-08-05,323.2781
2015-08-06,323.3336
2015-08-07,323.3891
2015-08-10,323.5559
2015-08-11,323.6116
2015-08-12,323.6673
2015-08-13,323.723
2015-08-14,323.7787
2015-08-17,323.9461
2015-08-18,324.0019
2015-08-19,324.0578
2015-08-20,324.1137
2015-08-21,324.1696
2015-08-24,324.3376
2015-08-25,324.3936
2015-08-26,324.4496
2015-08-27,324.5057
2015-08-28,324.5618
2015-08-31,324.7302
2015-09-01,324.7864
2015-09-02,324.8426
2015-09-03,324.8988
2015-09-04,324.955
2015-09-07,325.1238
2015-09-08,325.1801
2015-09-09,325.2364
2015-09-10,325.2928
2015-09-11,325.3491
2015-09-14,325.5182
2015-09-15,325.5747
2015-09-16,325.6311
2015-09-17,325.6876
2015-09-18,325.744
2015-09-21,325.9135
2015-09-22,325.97
2015-09-23,326.0266
2015-09-24,326.0832
2015-09-25,326.1397
2015-09-28,326.3096
2015-09-29,326.3662
2015-09-30,326.4229
2015-10-01,326.4796
2015-10-02,326.5363
2015-10-05,326.7064
2015-10-06,326.7632
2015-10-07,326.82
2015-10-08,326.8767
2015-10-09,326.9336
2015-10-12,327.1041
2015-10-13,327.1609
2015-10-14,327.2178
2015-10-15,327.2747
2015-10-16,327.3317
2015-10-19,327.5025
2015-10-20,327.5595
2015-10-21,327.6165
2015-10-22,327.6735
2015-10-23,327.7305
2015-10-26,327.9017
2015-10-27,327.9588
2015-10-28,328.0158
2015-10-29,328.0729
2015-10-30,328.13
2015-11-02,328.3015
2015-11-03,328.3586
2015-11-04,328.4158
2015-11-05,328.473
2015-11-06,328.5302
2015-11-09,328.7018
2015-11-10,328.7591
2015-11-11,328.8163
2015-11-12,328.8736
2015-11-13,328.9309
2015-11-16,329.1028
2015-11-17,329.1602
2015-11-18,329.2175
2015-11-19,329.2749
2015-11-20,329.3323
2015-11-23,329.5046
2015-11-24,329.5621
2015-11-25,329.6197
2015-11-26,329.6772
2015-11-27,329.7348
2015-11-30,329.9078
2015-12-01,329.9656
2015-12-02,330.0233
2015-12-03,330.0811
2015-12-04,330.139
2015-12-07,330.3127
2015-12-08,330.3707
2015-12-09,330.4287
2015-12-10,330.4868
2015-12-11,330.5448
2015-12-14,330.7194
2015-12-15,330.7777
2015-12-16,330.836
2015-12-17,330.8943
2015-12-18,330.9528
2015-12-21,331.1282
2015-12-22,331.1868
2015-12-23,331.2454
2015-12-24,331.3041
2015-12-25,331.3628
2015-12-28,331.5391
2015-12-29,331.5979
2015-12-30,331.6568
2015-12-31,331.7157
2016-01-01,331.7747
2016-01-04,331.9517
2016-01-05,332.0108
2016-01-06,332.0699
2016-01-07,332.1291
2016-01-08,332.1883
2016-01-11,332.3661
2016-01-12,332.4254
2016-01-13,332.4848
2016-01-14,332.5442
2016-01-15,332.6037
2016-01-18,332.7823
2016-01-19,332.8419
2016-01-20,332.9016
2016-01-21,332.9612
2016-01-22,333.021
2016-01-25,333.2004
2016-01-26,333.2603
2016-01-27,333.3202
2016-01-28,333.3802
2016-01-29,333.4402
2016-02-01,333.6205
2016-02-02,333.6807
2016-02-03,333.7411
2016-02-04,333.8015
2016-02-05,333.8619
2016-02-08,334.0437
2016-02-09,334.1044
2016-02-10,334.1652
2016-02-11,334.2261
2016-02-12,334.287
2016-02-15,334.4703
2016-02-16,334.5315
2016-02-17,334.5928
2016-02-18,334.6541
2016-02-19,334.7155
2016-02-22,334.9002
2016-02-23,334.9619
2016-02-24,335.0237
2016-02-25,335.0855
2016-02-26,335.1474
2016-02-29,335.3335
2016-03-01,335.3956
2016-03-02,335.4579
2016-03-03,335.5201
2016-03-04,335.5825
2016-03-07,335.7697
2016-03-08,335.8322
2016-03-09,335.8947
2016-03-10,335.9573
2016-03-11,336.02
2016-03-14,336.2082
2016-03-15,336.271
2016-03-16,336.3338
2016-03-17,336.3967
2016-03-18,336.4597
2016-03-21,336.6489
2016-03-22,336.712
2016-03-23,336.7753
2016-03-24,336.8386
2016-03-25,336.9019
2016-03-28,337.0924
2016-03-29,337.156
2016-03-30,337.2197
2016-03-31,337.2834
2016-04-01,337.3472
2016-04-04,337.5389
2016-04-05,337.603
2016-04-06,337.6671
2016-04-07,337.7312
2016-04-08,337.7955
2016-04-11,337.9886
2016-04-12,338.0531
2016-04-13,338.1176
2016-04-14,338.1823
2016-04-15,338.2469
2016-04-18,338.4414
2016-04-19,338.5064
2016-04-20,338.5714
2016-04-21,338.6365
2016-04-22,338.7016
2016-04-25,338.8974
2016-04-26,338.9627
2016-04-27,339.0282
2016-04-28,339.0937
2016-04-29,339.1592
2016-05-02,339.356
2016-05-03,339.4218
2016-05-04,339.4875
2016-05-05,339.5534
2016-05-06,339.6192
2016-05-09,339.8171
2016-05-10,339.8831
2016-05-11,339.9492
2016-05-12,340.0154
2016-05-13,340.0816
2016-05-16,340.2804
2016-05-17,340.3467
2016-05-18,340.4131
2016-05-19,340.4796
2016-05-20,340.5461
2016-05-23,340.7459
2016-05-24,340.8125
2016-05-25,340.8793
2016-05-26,340.946
2016-05-27,341.0128
2016-05-30,341.2135
2016-05-31,341.2805
2016-06-01,341.3475
2016-06-02,341.4146
2016-06-03,341.4817
2016-06-06,341.6832
2016-06-07,341.7505
2016-06-08,341.8178
2016-06-09,341.8851
2016-06-10,341.9525
2016-06-13,342.1548
2016-06-14,342.2223
2016-06-15,342.2898
2016-06-16,342.3574
2016-06-17,342.425
2016-06-20,342.628
2016-06-21,342.6957
2016-06-22,342.7635
2016-06-23,342.8312
2016-06-24,342.899
2016-06-27,343.1026
2016-06-28,343.1705
2016-06-29,343.2385
2016-06-30,343.3065
2016-07-01,343.3745
2016-07-04,343.5787
2016-07-05,343.6469
2016-07-06,343.7151
2016-07-07,343.7833
2016-07-08,343.8515
2016-07-11,344.0565
2016-07-12,344.1248
2016-07-13,344.1932
2016-07-14,344.2617
2016-07-15,344.3301
2016-07-18,344.5357
2016-07-19,344.6043
2016-07-20,344.6729
2016-07-21,344.7416
2016-07-22,344.8103
2016-07-25,345.0164
2016-07-26,345.0852
2016-07-27,345.1541
2016-07-28,345.2229
2016-07-29,345.2918
2016-08-01,345.4985
2016-08-02,345.5675
2016-08-03,345.6365
2016-08-04,345.7055
2016-08-05,345.7745
2016-08-08,345.9818
2016-08-09,346.051
2016-08-10,346.1201
2016-08-11,346.1893
2016-08-12,346.2585
2016-08-15,346.4663
2016-08-16,346.5356
2016-08-17,346.6049
2016-08-18,346.6743
2016-08-19,346.7437
2016-08-22,346.952
2016-08-23,347.0215
2016-08-24,347.091
2016-08-25,347.1605
2016-08-26,347.2301
2016-08-29,347.4389
2016-08-30,347.5085
2016-08-31,347.5782
2016-09-01,347.6479
2016-09-02,347.7177
2016-09-05,347.927
2016-09-06,347.9969
2016-09-07,348.0667
2016-09-08,348.1366
2016-09-09,348.2065
2016-09-12,348.4164
2016-09-13,348.4864
2016-09-14,348.5565
2016-09-15,348.6265
2016-09-16,348.6966
2016-09-19,348.907
2016-09-20,348.9772
2016-09-21,349.0475
2016-09-22,349.1177
2016-09-23,349.188
2016-09-26,349.3988
2016-09-27,349.4692
2016-09-28,349.5395
2016-09-29,349.6099
2016-09-30,349.6803
2016-10-03,349.8916
2016-10-04,349.9621
2016-10-05,350.0326
2016-10-06,350.1031
2016-10-07,350.1736
2016-10-10,350.3853
2016-10-11,350.4559
2016-10-12,350.5265
2016-10-13,350.5971
2016-10-14,350.6678
2016-10-17,350.8799
2016-10-18,350.9507
2016-10-19,351.0215
2016-10-20,351.0922
2016-10-21,351.163
2016-10-24,351.3756
2016-10-25,351.4465
2016-10-26,351.5174
2016-10-27,351.5883
2016-10-28,351.6593
2016-10-31,351.8723
2016-11-01,351.9434
2016-11-02,352.0144
2016-11-03,352.0855
2016-11-04,352.1566
2016-11-07,352.37
2016-11-08,352.4412
2016-11-09,352.5124
2016-11-10,352.5836
2016-11-11,352.6549
2016-11-14,352.8687
2016-11-15,352.9401
2016-11-16,353.0114
2016-11-17,353.0828
2016-11-18,353.1541
2016-11-21,353.3683
2016-11-22,353.4398
2016-11-23,353.5113
2016-11-24,353.5828
2016-11-25,353.6543
2016-11-28,353.8689
2016-11-29,353.9405
2016-11-30,354.0121
2016-12-01,354.0836
2016-12-02,354.1553
2016-12-05,354.3702
2016-12-06,354.4419
2016-12-07,354.5136
2016-12-08,354.5854
2016-12-09,354.6571
2016-12-12,354.8724
2016-12-13,354.9442
2016-12-14,355.016
2016-12-15,355.0879
2016-12-19,355.3754
2016-12-20,355.4473
2016-12-21,355.5192
2016-12-22,355.5912
2016-12-23,355.6631
2016-12-28,356.0233
2016-12-29,356.0953
2016-12-30,356.1674
